% # columns="iteration, evaluation, sigma, max axis length,  min axis length, all principal axes lengths  (sorted square roots of eigenvalues of C)", seed=440738, Sun Apr  5 13:34:07 2026
1 8 0.4780143787033352 1.0000491391383224 1.0 1.0 1.0000008620693372 1.0000017241394175 1.0000025862102409 1.0000034482818074 1.0000043103541172 1.0000051724271701 1.0000060345009663 1.0000068965755053 1.0000077586507878 1.0000086207268135 1.0000094828035822 1.0000103448810942 1.0000112069593492 1.0000120690383476 1.000012931118089 1.0000137931985735 1.0000146552798013 1.0000155173617722 1.0000163794444865 1.0000172415279438 1.0000181036121443 1.000018965697088 1.0000198277827748 1.0000206898692048 1.000021551956378 1.0000224140442944 1.000023276132954 1.0000241382223567 1.0000250003125026 1.0000258624033918 1.000026724495024 1.0000275865873995 1.0000284486805182 1.0000293107743798 1.0000301728689849 1.000031034964333 1.0000318970604245 1.000032759157259 1.0000336212548369 1.0000344833531578 1.000035345452222 1.0000362075520293 1.0000370696525798 1.0000379317538737 1.0000387938559105 1.0000396559586906 1.0000405180622138 1.0000413801664803 1.00004224227149 1.0000431043772429 1.0000439664837388 1.0000448285909782 1.0000456906989605 1.0000465528076863 1.000047414917155 1.000048277027367 1.0000491391383224
2 16 0.4611675362587316 1.0000491391383224 1.0 1.0 1.0000008620693372 1.0000017241394175 1.0000025862102409 1.0000034482818074 1.0000043103541172 1.0000051724271701 1.0000060345009663 1.0000068965755053 1.0000077586507878 1.0000086207268135 1.0000094828035822 1.0000103448810942 1.0000112069593492 1.0000120690383476 1.000012931118089 1.0000137931985735 1.0000146552798013 1.0000155173617722 1.0000163794444865 1.0000172415279438 1.0000181036121443 1.000018965697088 1.0000198277827748 1.0000206898692048 1.000021551956378 1.0000224140442944 1.000023276132954 1.0000241382223567 1.0000250003125026 1.0000258624033918 1.000026724495024 1.0000275865873995 1.0000284486805182 1.0000293107743798 1.0000301728689849 1.000031034964333 1.0000318970604245 1.000032759157259 1.0000336212548369 1.0000344833531578 1.000035345452222 1.0000362075520293 1.0000370696525798 1.0000379317538737 1.0000387938559105 1.0000396559586906 1.0000405180622138 1.0000413801664803 1.00004224227149 1.0000431043772429 1.0000439664837388 1.0000448285909782 1.0000456906989605 1.0000465528076863 1.000047414917155 1.000048277027367 1.0000491391383224
3 24 0.4498386854243611 1.013480927427184 0.9821909046121827 0.9821909046121827 0.9858316082271014 0.9874492005524498 0.9915475925038841 0.9934708734077456 0.9949975397917981 0.997647457238566 0.9983436182356477 1.0000024618933039 1.0000043202407964 1.0000050911451632 1.000007477961989 1.000007481411665 1.0000088198399488 1.0000108172459772 1.0000109275611146 1.0000121164987754 1.0000133436697047 1.0000144111828173 1.000015003284628 1.0000170640586914 1.0000176271508923 1.0000192425871262 1.0000198208504392 1.0000203434633057 1.0000210734272694 1.0000223961848593 1.000023568793042 1.0000246430491424 1.000024926426491 1.0000250737206708 1.0000271504446756 1.0000276060882456 1.0000280493255578 1.0000308205347994 1.000031101674701 1.0000317664016452 1.000032671890852 1.000033131432655 1.0000341792964047 1.0000357234447166 1.0000372647073779 1.0000393892161292 1.0000400275990975 1.0000411443656136 1.0000422003003226 1.0000425230258108 1.0000432494550964 1.000045168659075 1.0000457129774405 1.0005937242708522 1.0006088404298046 1.001523996258946 1.0024922426838678 1.0035848833956207 1.0049884896028456 1.0085412406187875 1.013480927427184
4 32 0.4416723839378039 1.013480927427184 0.9821909046121827 0.9821909046121827 0.9858316082271014 0.9874492005524498 0.9915475925038841 0.9934708734077456 0.9949975397917981 0.997647457238566 0.9983436182356477 1.0000024618933039 1.0000043202407964 1.0000050911451632 1.000007477961989 1.000007481411665 1.0000088198399488 1.0000108172459772 1.0000109275611146 1.0000121164987754 1.0000133436697047 1.0000144111828173 1.000015003284628 1.0000170640586914 1.0000176271508923 1.0000192425871262 1.0000198208504392 1.0000203434633057 1.0000210734272694 1.0000223961848593 1.000023568793042 1.0000246430491424 1.000024926426491 1.0000250737206708 1.0000271504446756 1.0000276060882456 1.0000280493255578 1.0000308205347994 1.000031101674701 1.0000317664016452 1.000032671890852 1.000033131432655 1.0000341792964047 1.0000357234447166 1.0000372647073779 1.0000393892161292 1.0000400275990975 1.0000411443656136 1.0000422003003226 1.0000425230258108 1.0000432494550964 1.000045168659075 1.0000457129774405 1.0005937242708522 1.0006088404298046 1.001523996258946 1.0024922426838678 1.0035848833956207 1.0049884896028456 1.0085412406187875 1.013480927427184
5 40 0.4344500571790483 1.026326788623627 0.9768713342291742 0.9768713342291742 0.9834724835220079 0.9840511440902925 0.9851736234670727 0.9885736790414689 0.9894254430616674 0.989932492336992 0.9929600526236796 0.9945086352697962 0.9953372234289095 0.9959454010078795 0.9963398983700203 0.9979343809826361 0.9982750862333527 0.9990514525800106 0.999393544554371 1.0000068288882933 1.0000097708083833 1.000010502493372 1.0000133037942676 1.0000140176700354 1.0000144376630162 1.0000165091635798 1.0000173395703404 1.000017843627987 1.0000198070647703 1.0000213550056452 1.0000224167162681 1.000023977474582 1.0000263414040331 1.0000273486166382 1.0000278649397827 1.0000293697486937 1.000030288226029 1.0000322682610054 1.000032550174855 1.000035207818737 1.000037315915655 1.0000380626377554 1.0000390824572951 1.000040780753798 1.000041992025479 1.0002864256344781 1.0004501538593185 1.0004743686164759 1.0006613984971808 1.0010448920469088 1.0015950856073474 1.0019423040934679 1.0023718152648695 1.002949907631066 1.0037574681639787 1.0043336159620262 1.0062417020827235 1.008062321890955 1.0099776606156758 1.0107970488858122 1.026326788623627
6 48 0.42948863803458076 1.026326788623627 0.9768713342291742 0.9768713342291742 0.9834724835220079 0.9840511440902925 0.9851736234670727 0.9885736790414689 0.9894254430616674 0.989932492336992 0.9929600526236796 0.9945086352697962 0.9953372234289095 0.9959454010078795 0.9963398983700203 0.9979343809826361 0.9982750862333527 0.9990514525800106 0.999393544554371 1.0000068288882933 1.0000097708083833 1.000010502493372 1.0000133037942676 1.0000140176700354 1.0000144376630162 1.0000165091635798 1.0000173395703404 1.000017843627987 1.0000198070647703 1.0000213550056452 1.0000224167162681 1.000023977474582 1.0000263414040331 1.0000273486166382 1.0000278649397827 1.0000293697486937 1.000030288226029 1.0000322682610054 1.000032550174855 1.000035207818737 1.000037315915655 1.0000380626377554 1.0000390824572951 1.000040780753798 1.000041992025479 1.0002864256344781 1.0004501538593185 1.0004743686164759 1.0006613984971808 1.0010448920469088 1.0015950856073474 1.0019423040934679 1.0023718152648695 1.002949907631066 1.0037574681639787 1.0043336159620262 1.0062417020827235 1.008062321890955 1.0099776606156758 1.0107970488858122 1.026326788623627
7 56 0.4235776822484904 1.0404245669385996 0.9753728211985957 0.9753728211985957 0.9766964847054039 0.982374141619397 0.9829207107281419 0.9835270012571599 0.9852393414150523 0.9884259125818653 0.9895301434908734 0.991265092958457 0.9927749916192639 0.9938368106601833 0.9944182350312174 0.994513523803963 0.9955361474848454 0.995888248059876 0.9970141053574066 0.9971825219483501 0.9983129779646503 0.9987680539736928 0.9990913663203214 0.999227272070873 0.9993182928136097 0.9996369021264451 0.9997423869352766 1.000014347478531 1.000015625353208 1.0000181031222846 1.0000196329755984 1.0000217505405187 1.0000234733860924 1.000025851359648 1.0000283943058932 1.0000324055429233 1.0000363371731156 1.0000971573318866 1.00014013436293 1.000213481298793 1.0002376397456445 1.0002714051487427 1.0003538385423068 1.0005416852056166 1.0007596615067778 1.0010205463982425 1.0014677689624811 1.0019816295589343 1.0021781799355258 1.002471017921355 1.0029803685083458 1.0034223640864859 1.0038109001012268 1.0053396099743406 1.0064901142106728 1.0070175422646936 1.0092070711718903 1.0105115871885204 1.0131920264310155 1.0170885557205196 1.0404245669385996
8 64 0.4211339696850667 1.0404245669385996 0.9753728211985957 0.9753728211985957 0.9766964847054039 0.982374141619397 0.9829207107281419 0.9835270012571599 0.9852393414150523 0.9884259125818653 0.9895301434908734 0.991265092958457 0.9927749916192639 0.9938368106601833 0.9944182350312174 0.994513523803963 0.9955361474848454 0.995888248059876 0.9970141053574066 0.9971825219483501 0.9983129779646503 0.9987680539736928 0.9990913663203214 0.999227272070873 0.9993182928136097 0.9996369021264451 0.9997423869352766 1.000014347478531 1.000015625353208 1.0000181031222846 1.0000196329755984 1.0000217505405187 1.0000234733860924 1.000025851359648 1.0000283943058932 1.0000324055429233 1.0000363371731156 1.0000971573318866 1.00014013436293 1.000213481298793 1.0002376397456445 1.0002714051487427 1.0003538385423068 1.0005416852056166 1.0007596615067778 1.0010205463982425 1.0014677689624811 1.0019816295589343 1.0021781799355258 1.002471017921355 1.0029803685083458 1.0034223640864859 1.0038109001012268 1.0053396099743406 1.0064901142106728 1.0070175422646936 1.0092070711718903 1.0105115871885204 1.0131920264310155 1.0170885557205196 1.0404245669385996
9 72 0.4195490565717861 1.0569512398780752 0.9708653748997751 0.9708653748997751 0.975441181850254 0.9793801042867117 0.9805302843257381 0.9835706020099695 0.9839961617648212 0.986695073298731 0.9875283850804716 0.988693242269505 0.9896591206420056 0.9906518128256134 0.9909959433504469 0.9921267618359513 0.9930549189868578 0.9944026682991418 0.9954196548164691 0.9955547994940491 0.9966765570679805 0.9967990561977607 0.9971800594909378 0.9977736775175923 0.9985872013708083 0.9988391256446295 0.9988867496516524 0.9991930256351309 0.9994330814684417 0.9996148794523748 0.999664243501536 0.9998664264203959 0.9999689309835654 1.0000120318957129 1.000076442710508 1.0001095833241973 1.0001991342342715 1.000262164483406 1.0003602156065114 1.0003894755729656 1.000456628676108 1.000781057622174 1.0008864956093049 1.001111526536866 1.0018510137557195 1.0020075950701468 1.0022981167496556 1.0025542169701342 1.0031678669307118 1.0035857215952089 1.004033183088896 1.0056131249478641 1.0059346248953078 1.0064285122554573 1.0084317102719862 1.0096467074784379 1.01061552361297 1.0128599410543366 1.0163767557659276 1.0174132413216 1.0569512398780752
10 80 0.4214057054189809 1.0569512398780752 0.9708653748997751 0.9708653748997751 0.975441181850254 0.9793801042867117 0.9805302843257381 0.9835706020099695 0.9839961617648212 0.986695073298731 0.9875283850804716 0.988693242269505 0.9896591206420056 0.9906518128256134 0.9909959433504469 0.9921267618359513 0.9930549189868578 0.9944026682991418 0.9954196548164691 0.9955547994940491 0.9966765570679805 0.9967990561977607 0.9971800594909378 0.9977736775175923 0.9985872013708083 0.9988391256446295 0.9988867496516524 0.9991930256351309 0.9994330814684417 0.9996148794523748 0.999664243501536 0.9998664264203959 0.9999689309835654 1.0000120318957129 1.000076442710508 1.0001095833241973 1.0001991342342715 1.000262164483406 1.0003602156065114 1.0003894755729656 1.000456628676108 1.000781057622174 1.0008864956093049 1.001111526536866 1.0018510137557195 1.0020075950701468 1.0022981167496556 1.0025542169701342 1.0031678669307118 1.0035857215952089 1.004033183088896 1.0056131249478641 1.0059346248953078 1.0064285122554573 1.0084317102719862 1.0096467074784379 1.01061552361297 1.0128599410543366 1.0163767557659276 1.0174132413216 1.0569512398780752
11 88 0.4209923840560716 1.0774760596780746 0.9696607920364446 0.9696607920364446 0.9735644533112251 0.9761666914263488 0.9788000212134071 0.9813961254447167 0.98140402671831 0.9844334355793435 0.9855965794395833 0.9868255669448 0.988737009232569 0.9894744292616533 0.9900632276994601 0.9904330415193379 0.9916356332056386 0.9931813456320286 0.9933305791294014 0.9934513723253408 0.9944661084936629 0.9956926502548529 0.9959921347340391 0.9963407959128039 0.9966612960016682 0.9972560445336606 0.9975748407314772 0.9983076323677691 0.9986333358255288 0.998675497960812 0.9989669496509845 0.9993355752823464 0.999524581327424 0.9996231947647555 0.9999159220929313 1.000011448829516 1.0002522517258934 1.0004309337763382 1.0005313711076314 1.0006385834155371 1.0009182768188154 1.001209475426384 1.0014327046767846 1.001652142691789 1.0021667021377538 1.0027133955403826 1.0028603785575883 1.0033182788324695 1.0039451842016935 1.0043414950771772 1.005474317890622 1.0057046615860943 1.0075203538319228 1.0079964851064682 1.0095495269650772 1.0106995020565503 1.0132376028500396 1.0170841422503216 1.017410953267487 1.0239125212630762 1.0774760596780746
12 96 0.42087006368624097 1.0774760596780746 0.9696607920364446 0.9696607920364446 0.9735644533112251 0.9761666914263488 0.9788000212134071 0.9813961254447167 0.98140402671831 0.9844334355793435 0.9855965794395833 0.9868255669448 0.988737009232569 0.9894744292616533 0.9900632276994601 0.9904330415193379 0.9916356332056386 0.9931813456320286 0.9933305791294014 0.9934513723253408 0.9944661084936629 0.9956926502548529 0.9959921347340391 0.9963407959128039 0.9966612960016682 0.9972560445336606 0.9975748407314772 0.9983076323677691 0.9986333358255288 0.998675497960812 0.9989669496509845 0.9993355752823464 0.999524581327424 0.9996231947647555 0.9999159220929313 1.000011448829516 1.0002522517258934 1.0004309337763382 1.0005313711076314 1.0006385834155371 1.0009182768188154 1.001209475426384 1.0014327046767846 1.001652142691789 1.0021667021377538 1.0027133955403826 1.0028603785575883 1.0033182788324695 1.0039451842016935 1.0043414950771772 1.005474317890622 1.0057046615860943 1.0075203538319228 1.0079964851064682 1.0095495269650772 1.0106995020565503 1.0132376028500396 1.0170841422503216 1.017410953267487 1.0239125212630762 1.0774760596780746
13 104 0.42061017674692375 1.0950507357316803 0.9676799636186251 0.9676799636186251 0.9715532931525809 0.9745754866930835 0.9773285059253457 0.9786065212772812 0.9795777747533704 0.9806056002172346 0.9827954994583145 0.9848905945081219 0.9860768500316778 0.9880288630798562 0.9883382321849002 0.9893422853495653 0.990113719488522 0.9908425831532836 0.9921507878007224 0.9927685150511402 0.9928855458032941 0.9939790058371888 0.995004838227898 0.9951622865439101 0.9958372204936036 0.9962348045605274 0.9969639597152655 0.9972374484474703 0.9976616188934315 0.9978157555834392 0.9982410291596546 0.9986159029750062 0.9991685740995561 0.9995044516886148 0.9995793059718783 0.9998555346910936 1.0000311374868291 1.00019242313749 1.0004291551389122 1.0005871294067852 1.0010604165365011 1.0011539955187743 1.0013242955921358 1.0021881472043108 1.0026541259709596 1.0028078873536252 1.0031264597730667 1.0042527722336676 1.0048336504338387 1.0053961206820687 1.0065831662252005 1.0071089795020944 1.0078428116003204 1.00815799962851 1.0102426075017483 1.011875250010713 1.0137790319502102 1.0173191174604224 1.020812972337338 1.0293188829607651 1.0950507357316803
14 112 0.4203267576102535 1.0950507357316803 0.9676799636186251 0.9676799636186251 0.9715532931525809 0.9745754866930835 0.9773285059253457 0.9786065212772812 0.9795777747533704 0.9806056002172346 0.9827954994583145 0.9848905945081219 0.9860768500316778 0.9880288630798562 0.9883382321849002 0.9893422853495653 0.990113719488522 0.9908425831532836 0.9921507878007224 0.9927685150511402 0.9928855458032941 0.9939790058371888 0.995004838227898 0.9951622865439101 0.9958372204936036 0.9962348045605274 0.9969639597152655 0.9972374484474703 0.9976616188934315 0.9978157555834392 0.9982410291596546 0.9986159029750062 0.9991685740995561 0.9995044516886148 0.9995793059718783 0.9998555346910936 1.0000311374868291 1.00019242313749 1.0004291551389122 1.0005871294067852 1.0010604165365011 1.0011539955187743 1.0013242955921358 1.0021881472043108 1.0026541259709596 1.0028078873536252 1.0031264597730667 1.0042527722336676 1.0048336504338387 1.0053961206820687 1.0065831662252005 1.0071089795020944 1.0078428116003204 1.00815799962851 1.0102426075017483 1.011875250010713 1.0137790319502102 1.0173191174604224 1.020812972337338 1.0293188829607651 1.0950507357316803
15 120 0.42049367676326765 1.1116182396876713 0.9672102559779395 0.9672102559779395 0.9700517457490656 0.9738386756706636 0.9747733774289714 0.9781913576937813 0.9793781548119413 0.9802892285418157 0.9814957448224458 0.9820016488273009 0.9831541016759762 0.9848270190861659 0.9858966952039345 0.9871819284562564 0.9875697944421437 0.9894319038705022 0.9898240493932946 0.9903016354398697 0.992309933226378 0.9927444163954041 0.9932455950749174 0.9940097207574266 0.9943395722088051 0.9953801335677045 0.9958389016600879 0.9964465805227815 0.9968851147473866 0.9972693134126838 0.9978906218241046 0.9982932443330429 0.9983143680250312 0.9991537138619592 0.9994360995670839 0.9996995779425684 1.0001473951432298 1.0003582846974275 1.000459353632725 1.0008527550717545 1.0010100191786087 1.0014599695491795 1.0022094994957302 1.0023835195829882 1.0031355514083928 1.0033491880519556 1.0043036422029281 1.004977816518218 1.0055123812798767 1.0060940901123452 1.0067937108480383 1.0072067718774727 1.0084688832565953 1.0104520212248915 1.0117952068858158 1.011860949070426 1.0158825327953784 1.0203655639041194 1.0232235586446388 1.03442636182087 1.1116182396876713
16 128 0.41762236626909943 1.1116182396876713 0.9672102559779395 0.9672102559779395 0.9700517457490656 0.9738386756706636 0.9747733774289714 0.9781913576937813 0.9793781548119413 0.9802892285418157 0.9814957448224458 0.9820016488273009 0.9831541016759762 0.9848270190861659 0.9858966952039345 0.9871819284562564 0.9875697944421437 0.9894319038705022 0.9898240493932946 0.9903016354398697 0.992309933226378 0.9927444163954041 0.9932455950749174 0.9940097207574266 0.9943395722088051 0.9953801335677045 0.9958389016600879 0.9964465805227815 0.9968851147473866 0.9972693134126838 0.9978906218241046 0.9982932443330429 0.9983143680250312 0.9991537138619592 0.9994360995670839 0.9996995779425684 1.0001473951432298 1.0003582846974275 1.000459353632725 1.0008527550717545 1.0010100191786087 1.0014599695491795 1.0022094994957302 1.0023835195829882 1.0031355514083928 1.0033491880519556 1.0043036422029281 1.004977816518218 1.0055123812798767 1.0060940901123452 1.0067937108480383 1.0072067718774727 1.0084688832565953 1.0104520212248915 1.0117952068858158 1.011860949070426 1.0158825327953784 1.0203655639041194 1.0232235586446388 1.03442636182087 1.1116182396876713
17 136 0.41367342730067247 1.1268896298436393 0.9672565743636139 0.9672565743636139 0.969681104747611 0.9718920236774836 0.9741067980802204 0.974585814004258 0.976919416946125 0.9783735121607765 0.9791309416909727 0.9822773602590409 0.9824855007837833 0.9838409946152993 0.9841689417401009 0.9858948897600079 0.986680686371174 0.9870767054923393 0.9884955111339427 0.9887707378992109 0.99099664862021 0.9917116110663484 0.9921178301808392 0.992416466307759 0.9931239878104561 0.9935565071691446 0.9943321840544748 0.9956602986326796 0.9960139415040998 0.9967898545991083 0.9975511766089631 0.9979140056131788 0.9980986840188322 0.9985006613760897 0.9989444633449707 0.9993711419192327 0.9995360198842006 1.0000323586920337 1.0003616485522755 1.0005507792785675 1.0010158732596013 1.0020035761306552 1.0021659312793876 1.0028792083301157 1.0038529992323426 1.0041389321049223 1.0049434422676429 1.0057502292141929 1.0060958477624464 1.0065777831258893 1.0076407729711738 1.0081381661797222 1.0092760033891837 1.0109355558711817 1.0122433344588333 1.0132232646543604 1.0163477128665077 1.022144537078727 1.026306050200582 1.038029903829863 1.1268896298436393
18 144 0.4115163864864396 1.1268896298436393 0.9672565743636139 0.9672565743636139 0.969681104747611 0.9718920236774836 0.9741067980802204 0.974585814004258 0.976919416946125 0.9783735121607765 0.9791309416909727 0.9822773602590409 0.9824855007837833 0.9838409946152993 0.9841689417401009 0.9858948897600079 0.986680686371174 0.9870767054923393 0.9884955111339427 0.9887707378992109 0.99099664862021 0.9917116110663484 0.9921178301808392 0.992416466307759 0.9931239878104561 0.9935565071691446 0.9943321840544748 0.9956602986326796 0.9960139415040998 0.9967898545991083 0.9975511766089631 0.9979140056131788 0.9980986840188322 0.9985006613760897 0.9989444633449707 0.9993711419192327 0.9995360198842006 1.0000323586920337 1.0003616485522755 1.0005507792785675 1.0010158732596013 1.0020035761306552 1.0021659312793876 1.0028792083301157 1.0038529992323426 1.0041389321049223 1.0049434422676429 1.0057502292141929 1.0060958477624464 1.0065777831258893 1.0076407729711738 1.0081381661797222 1.0092760033891837 1.0109355558711817 1.0122433344588333 1.0132232646543604 1.0163477128665077 1.022144537078727 1.026306050200582 1.038029903829863 1.1268896298436393
19 152 0.40982642001019304 1.1376399656427223 0.9655185738375848 0.9655185738375848 0.9680223223307093 0.9696129218813275 0.9726455985788939 0.9733181272704915 0.9748148738309419 0.9768554304884739 0.9782754769196317 0.9799150772533469 0.9810015175699438 0.9824296344871795 0.9830900608087766 0.9846693291986061 0.9856944514062228 0.9861395971548332 0.9872139817115394 0.9882188961047107 0.988970962822544 0.9897928279013424 0.9910348523628113 0.9920590347260924 0.9924001301642064 0.9930923099041434 0.9936711100977235 0.9944954406523588 0.995112967024808 0.9961526395855864 0.9965807793820499 0.9968152181281313 0.9970443827288669 0.9980402874031948 0.9985646018812249 0.9989698177208676 0.9993465215623993 1.0000126636495006 1.0005001735703705 1.0005631684805782 1.0014973233002906 1.002111165417392 1.0024289228237404 1.0027493396135272 1.0041314173167604 1.0045850582458944 1.0056163597331107 1.0065590180725825 1.0069354866812028 1.007618989563261 1.0081649105306831 1.0091379305996795 1.010848192364695 1.0123997814503787 1.012549624221069 1.0144395712894385 1.0157562120080543 1.0224946589832664 1.028637731196867 1.041865447559342 1.1376399656427223
20 160 0.41020620272425584 1.1376399656427223 0.9655185738375848 0.9655185738375848 0.9680223223307093 0.9696129218813275 0.9726455985788939 0.9733181272704915 0.9748148738309419 0.9768554304884739 0.9782754769196317 0.9799150772533469 0.9810015175699438 0.9824296344871795 0.9830900608087766 0.9846693291986061 0.9856944514062228 0.9861395971548332 0.9872139817115394 0.9882188961047107 0.988970962822544 0.9897928279013424 0.9910348523628113 0.9920590347260924 0.9924001301642064 0.9930923099041434 0.9936711100977235 0.9944954406523588 0.995112967024808 0.9961526395855864 0.9965807793820499 0.9968152181281313 0.9970443827288669 0.9980402874031948 0.9985646018812249 0.9989698177208676 0.9993465215623993 1.0000126636495006 1.0005001735703705 1.0005631684805782 1.0014973233002906 1.002111165417392 1.0024289228237404 1.0027493396135272 1.0041314173167604 1.0045850582458944 1.0056163597331107 1.0065590180725825 1.0069354866812028 1.007618989563261 1.0081649105306831 1.0091379305996795 1.010848192364695 1.0123997814503787 1.012549624221069 1.0144395712894385 1.0157562120080543 1.0224946589832664 1.028637731196867 1.041865447559342 1.1376399656427223
21 168 0.409747438695115 1.1488650952292523 0.9636014589886716 0.9636014589886716 0.9647527875769971 0.9680701678778153 0.9682948021725064 0.9722661348204455 0.9733709060255108 0.9746143730461542 0.9776728534360383 0.9792919954444412 0.980819051391379 0.9811519759764423 0.982157267432812 0.9831568664010096 0.9835868340330418 0.9850560762894256 0.9865237116102129 0.9877292253878593 0.9881184484642935 0.9890319784191589 0.9898177690375441 0.991002388144587 0.9922412230191382 0.9923696182798637 0.9932004012519688 0.9935855239487436 0.9945192850774586 0.9948810096363441 0.9959391435732584 0.9962794838420865 0.9976291944284756 0.9978592886405138 0.9979639246276011 0.9985670354588524 0.9994342746726812 0.9999454157258888 1.0001426279014223 1.00043086423776 1.001055481670046 1.001538280728396 1.0027203648769514 1.0029510221078812 1.0040597417714796 1.0047406949763529 1.0063064460040587 1.0065637419051077 1.0070422904842278 1.0079267979028241 1.009138985773589 1.0103179576612815 1.0115266695415632 1.0129026436480555 1.0134722375142347 1.0142745136600946 1.0215027612481191 1.024329080495015 1.0359911389446679 1.0461876032585138 1.1488650952292523
22 176 0.4084587202954196 1.1488650952292523 0.9636014589886716 0.9636014589886716 0.9647527875769971 0.9680701678778153 0.9682948021725064 0.9722661348204455 0.9733709060255108 0.9746143730461542 0.9776728534360383 0.9792919954444412 0.980819051391379 0.9811519759764423 0.982157267432812 0.9831568664010096 0.9835868340330418 0.9850560762894256 0.9865237116102129 0.9877292253878593 0.9881184484642935 0.9890319784191589 0.9898177690375441 0.991002388144587 0.9922412230191382 0.9923696182798637 0.9932004012519688 0.9935855239487436 0.9945192850774586 0.9948810096363441 0.9959391435732584 0.9962794838420865 0.9976291944284756 0.9978592886405138 0.9979639246276011 0.9985670354588524 0.9994342746726812 0.9999454157258888 1.0001426279014223 1.00043086423776 1.001055481670046 1.001538280728396 1.0027203648769514 1.0029510221078812 1.0040597417714796 1.0047406949763529 1.0063064460040587 1.0065637419051077 1.0070422904842278 1.0079267979028241 1.009138985773589 1.0103179576612815 1.0115266695415632 1.0129026436480555 1.0134722375142347 1.0142745136600946 1.0215027612481191 1.024329080495015 1.0359911389446679 1.0461876032585138 1.1488650952292523
23 184 0.40880897542677025 1.1585905316742824 0.9614122197958854 0.9614122197958854 0.9636252494827898 0.9662916163766944 0.9675546761105694 0.9699884620224568 0.971864359864821 0.9732825560051616 0.9747947703934804 0.9775838307970606 0.9791968835235868 0.9809852514991587 0.9814900127671911 0.9822332048157854 0.9831657766057194 0.9838937560016889 0.9853783872973996 0.9859771664811577 0.9864542481162687 0.9877540684703692 0.988383871667681 0.9899033540479031 0.9902932969442713 0.9915543028964179 0.9927760923034118 0.9932010014139466 0.9938470382505609 0.9946699518340628 0.996140032864509 0.9962874026639799 0.9967669991790528 0.997246656304698 0.9975119573372946 0.998621964957219 0.9991588482411263 0.9992591384849815 1.000047344500405 1.0006377711644283 1.0016041936078584 1.0019142438831157 1.0027463489907078 1.003365964061297 1.0040335100607545 1.0047642466733582 1.0063734357153673 1.0070750855700976 1.0075542787219787 1.008317034170529 1.0091298772584274 1.0120818686908055 1.012754079105875 1.013279604941116 1.0147984220674064 1.0176407896342872 1.0219574815109929 1.0248762819085457 1.0382870590242494 1.0517562461065095 1.1585905316742824
24 192 0.40847857934193904 1.1585905316742824 0.9614122197958854 0.9614122197958854 0.9636252494827898 0.9662916163766944 0.9675546761105694 0.9699884620224568 0.971864359864821 0.9732825560051616 0.9747947703934804 0.9775838307970606 0.9791968835235868 0.9809852514991587 0.9814900127671911 0.9822332048157854 0.9831657766057194 0.9838937560016889 0.9853783872973996 0.9859771664811577 0.9864542481162687 0.9877540684703692 0.988383871667681 0.9899033540479031 0.9902932969442713 0.9915543028964179 0.9927760923034118 0.9932010014139466 0.9938470382505609 0.9946699518340628 0.996140032864509 0.9962874026639799 0.9967669991790528 0.997246656304698 0.9975119573372946 0.998621964957219 0.9991588482411263 0.9992591384849815 1.000047344500405 1.0006377711644283 1.0016041936078584 1.0019142438831157 1.0027463489907078 1.003365964061297 1.0040335100607545 1.0047642466733582 1.0063734357153673 1.0070750855700976 1.0075542787219787 1.008317034170529 1.0091298772584274 1.0120818686908055 1.012754079105875 1.013279604941116 1.0147984220674064 1.0176407896342872 1.0219574815109929 1.0248762819085457 1.0382870590242494 1.0517562461065095 1.1585905316742824
25 200 0.4087452078082299 1.1667271042573084 0.9608960661853302 0.9608960661853302 0.9636209892331088 0.9645761847132885 0.9659844114941091 0.9677596730418262 0.9707144287011539 0.9719422101605153 0.9730455135235684 0.9755906189715201 0.9767708643847309 0.9792599808868248 0.979580354270078 0.981140819061252 0.9823670100786156 0.9830641580330315 0.9849234370097927 0.9857467271617786 0.9860711483743885 0.9873659873848902 0.9878760572611278 0.9888008799518895 0.9892888098922468 0.9907300665388669 0.991878339879574 0.9924248421612485 0.9933386906686741 0.9941875286995921 0.9945880516016219 0.995989040566757 0.9960984408884533 0.9973688302386556 0.9976199554763572 0.9982419657355901 0.998455395483233 0.9989859855083637 0.9991488025437997 1.0005614305189172 1.0014567819167677 1.001762237979545 1.003026981649227 1.0036901973840222 1.0041220669323756 1.004631709540655 1.0059048601456146 1.0074168309430436 1.0085414141302356 1.009362605132276 1.0095760919217518 1.0113605574615365 1.0131353041422075 1.0143391796754861 1.016923141746491 1.0199909330486903 1.0236935838313121 1.025697943699667 1.039147291529423 1.0597967295045905 1.1667271042573084
26 208 0.40949204668423606 1.1667271042573084 0.9608960661853302 0.9608960661853302 0.9636209892331088 0.9645761847132885 0.9659844114941091 0.9677596730418262 0.9707144287011539 0.9719422101605153 0.9730455135235684 0.9755906189715201 0.9767708643847309 0.9792599808868248 0.979580354270078 0.981140819061252 0.9823670100786156 0.9830641580330315 0.9849234370097927 0.9857467271617786 0.9860711483743885 0.9873659873848902 0.9878760572611278 0.9888008799518895 0.9892888098922468 0.9907300665388669 0.991878339879574 0.9924248421612485 0.9933386906686741 0.9941875286995921 0.9945880516016219 0.995989040566757 0.9960984408884533 0.9973688302386556 0.9976199554763572 0.9982419657355901 0.998455395483233 0.9989859855083637 0.9991488025437997 1.0005614305189172 1.0014567819167677 1.001762237979545 1.003026981649227 1.0036901973840222 1.0041220669323756 1.004631709540655 1.0059048601456146 1.0074168309430436 1.0085414141302356 1.009362605132276 1.0095760919217518 1.0113605574615365 1.0131353041422075 1.0143391796754861 1.016923141746491 1.0199909330486903 1.0236935838313121 1.025697943699667 1.039147291529423 1.0597967295045905 1.1667271042573084
27 216 0.4099763225637271 1.1747266116508803 0.9605444852441613 0.9605444852441613 0.9639306274113816 0.9643946208981578 0.9650391102570879 0.9672142188132268 0.9689737924735542 0.9698867950654786 0.9723068098188801 0.9742247235491841 0.9750508897307053 0.9773486687487949 0.9788396649331352 0.9805257470237413 0.9808456080907079 0.9822141582026844 0.9838929919595026 0.9842475004341881 0.9848454793128901 0.9858745184925506 0.9862197691482442 0.9873953661168592 0.9890667767788462 0.9900466407612427 0.9908292130373443 0.9916280198115688 0.9932151414280692 0.9939012193998614 0.9940862768331706 0.9949512823957306 0.9965738917311042 0.9966820094171782 0.9974856212460997 0.9982605009614682 0.9986167987930159 0.9987169439914423 0.9992720913749552 1.0000033540973519 1.0007506858087385 1.0008600898180822 1.0029984858370584 1.0036416659128788 1.0041756148075731 1.0047842952910873 1.0060798793969619 1.0074157858965322 1.0087422029188924 1.0096812528138097 1.01016904244227 1.0123272269973318 1.0132396552438312 1.0140101223297866 1.0170741332596596 1.0210537386678782 1.0233113144060992 1.0281483586925342 1.0408063075068297 1.0693316270771598 1.1747266116508803
28 224 0.40807201599347914 1.1747266116508803 0.9605444852441613 0.9605444852441613 0.9639306274113816 0.9643946208981578 0.9650391102570879 0.9672142188132268 0.9689737924735542 0.9698867950654786 0.9723068098188801 0.9742247235491841 0.9750508897307053 0.9773486687487949 0.9788396649331352 0.9805257470237413 0.9808456080907079 0.9822141582026844 0.9838929919595026 0.9842475004341881 0.9848454793128901 0.9858745184925506 0.9862197691482442 0.9873953661168592 0.9890667767788462 0.9900466407612427 0.9908292130373443 0.9916280198115688 0.9932151414280692 0.9939012193998614 0.9940862768331706 0.9949512823957306 0.9965738917311042 0.9966820094171782 0.9974856212460997 0.9982605009614682 0.9986167987930159 0.9987169439914423 0.9992720913749552 1.0000033540973519 1.0007506858087385 1.0008600898180822 1.0029984858370584 1.0036416659128788 1.0041756148075731 1.0047842952910873 1.0060798793969619 1.0074157858965322 1.0087422029188924 1.0096812528138097 1.01016904244227 1.0123272269973318 1.0132396552438312 1.0140101223297866 1.0170741332596596 1.0210537386678782 1.0233113144060992 1.0281483586925342 1.0408063075068297 1.0693316270771598 1.1747266116508803
29 232 0.4068721904754219 1.180899264961067 0.9593572846461341 0.9593572846461341 0.9613748984916026 0.9630612129331165 0.9647427901562807 0.965133919599425 0.9670687120182716 0.9695258041842161 0.9713980443523081 0.9721941050864653 0.974560579775656 0.9761503910887778 0.9770806813534624 0.9793533778784441 0.9801359544563757 0.9806758046556113 0.9815358173822837 0.9831303779213673 0.9841890014021836 0.9858205657968556 0.9864048303717359 0.9864738126109424 0.9887399158184865 0.9895404416501998 0.989939441554243 0.990939013340522 0.99258534918283 0.9937369019181049 0.9939403166884205 0.9946320115756904 0.9955212178730595 0.9964303475373815 0.9968944276994975 0.9971215630377058 0.9983522611745625 0.9989215099569321 0.9996442246595523 0.9998543025623653 1.00033133823912 1.000945672227845 1.0032857540946267 1.0041457783854602 1.0043254997850652 1.0046486494480324 1.0058669360301091 1.0069413510594534 1.0093929630368588 1.009590508524596 1.010904996770591 1.012456083084321 1.0131890901272456 1.0142517644610483 1.019599934866515 1.0213276017666448 1.0244830419174868 1.0292556190960385 1.0411713524922295 1.0792067679877775 1.180899264961067
30 240 0.40443116016106107 1.180899264961067 0.9593572846461341 0.9593572846461341 0.9613748984916026 0.9630612129331165 0.9647427901562807 0.965133919599425 0.9670687120182716 0.9695258041842161 0.9713980443523081 0.9721941050864653 0.974560579775656 0.9761503910887778 0.9770806813534624 0.9793533778784441 0.9801359544563757 0.9806758046556113 0.9815358173822837 0.9831303779213673 0.9841890014021836 0.9858205657968556 0.9864048303717359 0.9864738126109424 0.9887399158184865 0.9895404416501998 0.989939441554243 0.990939013340522 0.99258534918283 0.9937369019181049 0.9939403166884205 0.9946320115756904 0.9955212178730595 0.9964303475373815 0.9968944276994975 0.9971215630377058 0.9983522611745625 0.9989215099569321 0.9996442246595523 0.9998543025623653 1.00033133823912 1.000945672227845 1.0032857540946267 1.0041457783854602 1.0043254997850652 1.0046486494480324 1.0058669360301091 1.0069413510594534 1.0093929630368588 1.009590508524596 1.010904996770591 1.012456083084321 1.0131890901272456 1.0142517644610483 1.019599934866515 1.0213276017666448 1.0244830419174868 1.0292556190960385 1.0411713524922295 1.0792067679877775 1.180899264961067
31 248 0.40268582868523256 1.186738176124766 0.9570939756244679 0.9570939756244679 0.9615755140861514 0.9627258809444239 0.9639079876373409 0.9650752429763647 0.9666680258628055 0.9678481775263272 0.9688763276140476 0.9709176949130147 0.9727400921206077 0.9742693618060029 0.9766365943935845 0.9774168853724554 0.9790931064877832 0.9795978212142853 0.9813955205626848 0.9818806475528088 0.9833719074170211 0.9840201581275573 0.9846906616982584 0.9869197406313125 0.9891503616424301 0.989733335208805 0.9900456582556356 0.9908189343932817 0.9921289304161717 0.9927602978046962 0.9933480704817365 0.994098176573873 0.9949902276634139 0.9956485449890956 0.9964451551906733 0.996723130232831 0.9976948755723359 0.9985065351077835 0.9991560730017763 0.9996734523515127 1.000353778213995 1.0010658572162814 1.0027609071122556 1.00390892150855 1.0043341289817587 1.0044778299469193 1.006249216220981 1.0070610855988336 1.0094939920114876 1.0102973683003227 1.011166808598643 1.0131004801009251 1.0135910666386974 1.0152194063398832 1.019256074083231 1.021223839940802 1.0253518195313538 1.032108715400794 1.03967704161962 1.0879970470782594 1.186738176124766
32 256 0.4022249451867103 1.186738176124766 0.9570939756244679 0.9570939756244679 0.9615755140861514 0.9627258809444239 0.9639079876373409 0.9650752429763647 0.9666680258628055 0.9678481775263272 0.9688763276140476 0.9709176949130147 0.9727400921206077 0.9742693618060029 0.9766365943935845 0.9774168853724554 0.9790931064877832 0.9795978212142853 0.9813955205626848 0.9818806475528088 0.9833719074170211 0.9840201581275573 0.9846906616982584 0.9869197406313125 0.9891503616424301 0.989733335208805 0.9900456582556356 0.9908189343932817 0.9921289304161717 0.9927602978046962 0.9933480704817365 0.994098176573873 0.9949902276634139 0.9956485449890956 0.9964451551906733 0.996723130232831 0.9976948755723359 0.9985065351077835 0.9991560730017763 0.9996734523515127 1.000353778213995 1.0010658572162814 1.0027609071122556 1.00390892150855 1.0043341289817587 1.0044778299469193 1.006249216220981 1.0070610855988336 1.0094939920114876 1.0102973683003227 1.011166808598643 1.0131004801009251 1.0135910666386974 1.0152194063398832 1.019256074083231 1.021223839940802 1.0253518195313538 1.032108715400794 1.03967704161962 1.0879970470782594 1.186738176124766
33 264 0.4019390333995027 1.197326536529705 0.9568166911350658 0.9568166911350658 0.9591603721341336 0.9618905584036547 0.9634814563112798 0.9640494023129333 0.9657774234559685 0.9661025499729402 0.9676664615014221 0.969761056804021 0.9725252297965279 0.973217224819974 0.9749744884586756 0.9761325284829847 0.9775218436784922 0.978820442296901 0.9798219974897366 0.9807440370708705 0.9815685032143399 0.9824197893499397 0.9840739742555527 0.9860071373737529 0.9881650900979803 0.9892202829512405 0.9895616811022837 0.9907326186542261 0.9915872985401247 0.9918635270253741 0.9929232064368174 0.9935872272490641 0.9941868156422148 0.9947418105054662 0.9958284837458142 0.9961243083198915 0.9965858299189273 0.9977603672850004 0.9983088283857756 0.9995218250524968 1.001077821349657 1.00196842478288 1.0020191027688659 1.004415133886331 1.0048133565369706 1.0060043050003262 1.0067145724027229 1.0078373161287646 1.0093525178169922 1.0103448033990938 1.0123106803284663 1.0135635750875363 1.0144446000847314 1.0165335460567324 1.0190542369955553 1.0218453025929188 1.0254873245188945 1.0333830269324282 1.0401257539664153 1.0912812991867016 1.197326536529705
34 272 0.40207048736776274 1.197326536529705 0.9568166911350658 0.9568166911350658 0.9591603721341336 0.9618905584036547 0.9634814563112798 0.9640494023129333 0.9657774234559685 0.9661025499729402 0.9676664615014221 0.969761056804021 0.9725252297965279 0.973217224819974 0.9749744884586756 0.9761325284829847 0.9775218436784922 0.978820442296901 0.9798219974897366 0.9807440370708705 0.9815685032143399 0.9824197893499397 0.9840739742555527 0.9860071373737529 0.9881650900979803 0.9892202829512405 0.9895616811022837 0.9907326186542261 0.9915872985401247 0.9918635270253741 0.9929232064368174 0.9935872272490641 0.9941868156422148 0.9947418105054662 0.9958284837458142 0.9961243083198915 0.9965858299189273 0.9977603672850004 0.9983088283857756 0.9995218250524968 1.001077821349657 1.00196842478288 1.0020191027688659 1.004415133886331 1.0048133565369706 1.0060043050003262 1.0067145724027229 1.0078373161287646 1.0093525178169922 1.0103448033990938 1.0123106803284663 1.0135635750875363 1.0144446000847314 1.0165335460567324 1.0190542369955553 1.0218453025929188 1.0254873245188945 1.0333830269324282 1.0401257539664153 1.0912812991867016 1.197326536529705
35 280 0.40430697826903583 1.20860512466772 0.9545138757140015 0.9545138757140015 0.957182024311032 0.9610274479730028 0.9627655331466975 0.9637409069973694 0.9639192105740335 0.9653609306981195 0.9667220570213425 0.9686356660261451 0.9698754762581703 0.9722060407071823 0.974100266255381 0.974465486189602 0.9754602902734898 0.9779794314632172 0.9788820499658205 0.9793076735179049 0.9809533120592764 0.9812486116495645 0.9836305770036256 0.9844817371304178 0.9859199733086446 0.9879571089564643 0.9889403602462838 0.9891729787544645 0.9908163781045863 0.9916010077829104 0.9920994684669207 0.9928488512909116 0.993892651594996 0.9948021675292179 0.9954229740495096 0.9962447094164868 0.9964385718018597 0.9974735007350888 0.998901952594093 0.999986989239236 1.0002541790636765 1.001245909126927 1.002029556751027 1.004061403588206 1.0047318379836945 1.0066983220606178 1.0070047105548554 1.0085874753046418 1.0098853849514486 1.0109089519115937 1.0132240544968107 1.0146580421004072 1.0153145061132083 1.017453033774892 1.0201728590670747 1.0220671723443764 1.0283027455051088 1.0373153776199255 1.0440410086885208 1.0934045545858493 1.20860512466772
36 288 0.4097685674367998 1.20860512466772 0.9545138757140015 0.9545138757140015 0.957182024311032 0.9610274479730028 0.9627655331466975 0.9637409069973694 0.9639192105740335 0.9653609306981195 0.9667220570213425 0.9686356660261451 0.9698754762581703 0.9722060407071823 0.974100266255381 0.974465486189602 0.9754602902734898 0.9779794314632172 0.9788820499658205 0.9793076735179049 0.9809533120592764 0.9812486116495645 0.9836305770036256 0.9844817371304178 0.9859199733086446 0.9879571089564643 0.9889403602462838 0.9891729787544645 0.9908163781045863 0.9916010077829104 0.9920994684669207 0.9928488512909116 0.993892651594996 0.9948021675292179 0.9954229740495096 0.9962447094164868 0.9964385718018597 0.9974735007350888 0.998901952594093 0.999986989239236 1.0002541790636765 1.001245909126927 1.002029556751027 1.004061403588206 1.0047318379836945 1.0066983220606178 1.0070047105548554 1.0085874753046418 1.0098853849514486 1.0109089519115937 1.0132240544968107 1.0146580421004072 1.0153145061132083 1.017453033774892 1.0201728590670747 1.0220671723443764 1.0283027455051088 1.0373153776199255 1.0440410086885208 1.0934045545858493 1.20860512466772
37 296 0.41624191750152806 1.2285751205650668 0.9520504985863074 0.9520504985863074 0.9559661945168042 0.9565772190816656 0.9607281384197579 0.963321641403146 0.9633482085448738 0.9656370972692 0.9665323832112827 0.967550416014008 0.9688769298307461 0.9709729579856178 0.9717901668915704 0.9737160118130295 0.9748883484709592 0.9769009168209021 0.9782453668922085 0.9787493097241764 0.9803008693370454 0.980953676445591 0.9825744828720863 0.9837813595480329 0.9858374790095307 0.9869486442553352 0.9878300728255928 0.9887040924917554 0.9906313003159724 0.9908689623402818 0.9916914843396477 0.9920753099463767 0.9934656095043987 0.9943900275626315 0.9954331305516246 0.9959942214791951 0.9963611068240787 0.9973933329183569 0.9993369145739921 1.0003843912185262 1.0007290203969272 1.0012865684525607 1.0026790970060988 1.0035548144174897 1.0050898118100162 1.0067479304752807 1.0068871536248354 1.0082621553431068 1.0098333349794562 1.0112793182045272 1.0125318447844214 1.013351562180209 1.014230706990035 1.0175665872260398 1.0212568262242834 1.0218332494665974 1.0300929322397012 1.038897887117882 1.0527740819367537 1.0947348342208516 1.2285751205650668
38 304 0.4222536925890341 1.2285751205650668 0.9520504985863074 0.9520504985863074 0.9559661945168042 0.9565772190816656 0.9607281384197579 0.963321641403146 0.9633482085448738 0.9656370972692 0.9665323832112827 0.967550416014008 0.9688769298307461 0.9709729579856178 0.9717901668915704 0.9737160118130295 0.9748883484709592 0.9769009168209021 0.9782453668922085 0.9787493097241764 0.9803008693370454 0.980953676445591 0.9825744828720863 0.9837813595480329 0.9858374790095307 0.9869486442553352 0.9878300728255928 0.9887040924917554 0.9906313003159724 0.9908689623402818 0.9916914843396477 0.9920753099463767 0.9934656095043987 0.9943900275626315 0.9954331305516246 0.9959942214791951 0.9963611068240787 0.9973933329183569 0.9993369145739921 1.0003843912185262 1.0007290203969272 1.0012865684525607 1.0026790970060988 1.0035548144174897 1.0050898118100162 1.0067479304752807 1.0068871536248354 1.0082621553431068 1.0098333349794562 1.0112793182045272 1.0125318447844214 1.013351562180209 1.014230706990035 1.0175665872260398 1.0212568262242834 1.0218332494665974 1.0300929322397012 1.038897887117882 1.0527740819367537 1.0947348342208516 1.2285751205650668
39 312 0.4258281614666447 1.2491153874141772 0.9518552520920357 0.9518552520920357 0.9551947672793927 0.9560832244244323 0.9596131677525784 0.961459343578742 0.962418755451657 0.963822070443115 0.9652186300928142 0.9667667433772311 0.9682731306262814 0.9690639262249404 0.9706351481955933 0.9734570623616166 0.974830582626339 0.9755691859971977 0.9775364168354287 0.978888559180237 0.9803221318028319 0.9808246961206805 0.9818118451768928 0.9829783262412741 0.9840913761535062 0.9855262068828192 0.9860810834869816 0.9879148744891781 0.9896793435832566 0.9900725529082974 0.9912990980476711 0.9917468955169211 0.9928686197965226 0.9938601170527306 0.9942221376414593 0.9950452129355266 0.9957638038661442 0.9976783250887732 0.9989663374838825 1.0001428595398292 1.0004245617147312 1.0013911286926875 1.0025745671274284 1.003714437883609 1.004112178742131 1.0067637396970248 1.0077514806179395 1.0093645135684706 1.0102037090606382 1.0122978365103579 1.0126965410521658 1.0135120443027508 1.0142038054090075 1.017936612871409 1.0214111288186203 1.0216443149390269 1.030487290479352 1.0390723586243535 1.0690946983466931 1.0944797040723182 1.2491153874141772
40 320 0.4298392597096016 1.2491153874141772 0.9518552520920357 0.9518552520920357 0.9551947672793927 0.9560832244244323 0.9596131677525784 0.961459343578742 0.962418755451657 0.963822070443115 0.9652186300928142 0.9667667433772311 0.9682731306262814 0.9690639262249404 0.9706351481955933 0.9734570623616166 0.974830582626339 0.9755691859971977 0.9775364168354287 0.978888559180237 0.9803221318028319 0.9808246961206805 0.9818118451768928 0.9829783262412741 0.9840913761535062 0.9855262068828192 0.9860810834869816 0.9879148744891781 0.9896793435832566 0.9900725529082974 0.9912990980476711 0.9917468955169211 0.9928686197965226 0.9938601170527306 0.9942221376414593 0.9950452129355266 0.9957638038661442 0.9976783250887732 0.9989663374838825 1.0001428595398292 1.0004245617147312 1.0013911286926875 1.0025745671274284 1.003714437883609 1.004112178742131 1.0067637396970248 1.0077514806179395 1.0093645135684706 1.0102037090606382 1.0122978365103579 1.0126965410521658 1.0135120443027508 1.0142038054090075 1.017936612871409 1.0214111288186203 1.0216443149390269 1.030487290479352 1.0390723586243535 1.0690946983466931 1.0944797040723182 1.2491153874141772
41 328 0.43186414485863023 1.2629568380581837 0.9511822299540436 0.9511822299540436 0.9549750081613578 0.9553258242372683 0.9573884710284559 0.9601556395021248 0.9613800582225488 0.9639006619724931 0.9644935246037253 0.9650920600220891 0.9678151149063999 0.9692248992163661 0.9695190800035416 0.9709595948328623 0.9729587495283402 0.9745477343778282 0.9764272520114755 0.9782872862716047 0.9791825473477919 0.9809928054620183 0.9815173868410849 0.9827414436631142 0.9829626745300463 0.984702692648231 0.986680346373372 0.9880981575293909 0.9892846533144007 0.9898401040427899 0.9910841876743739 0.9920458213641048 0.992408544734404 0.9934817745158334 0.994312448894758 0.9952500970248336 0.9958791810133627 0.9970884161214294 0.998162734575839 0.999157432053925 1.0001859469491652 1.0020057809391762 1.0034375895922178 1.0035690922273341 1.0044657434035802 1.006497136467216 1.0078612572775583 1.0088459348755623 1.0101984393215677 1.012152467644797 1.013875691513296 1.014591162666255 1.01584043822599 1.0184157633218887 1.021403559007006 1.0246641783314858 1.0313987177712232 1.0380579455164844 1.081061603220245 1.0956782550644042 1.2629568380581837
42 336 0.43487402872229014 1.2629568380581837 0.9511822299540436 0.9511822299540436 0.9549750081613578 0.9553258242372683 0.9573884710284559 0.9601556395021248 0.9613800582225488 0.9639006619724931 0.9644935246037253 0.9650920600220891 0.9678151149063999 0.9692248992163661 0.9695190800035416 0.9709595948328623 0.9729587495283402 0.9745477343778282 0.9764272520114755 0.9782872862716047 0.9791825473477919 0.9809928054620183 0.9815173868410849 0.9827414436631142 0.9829626745300463 0.984702692648231 0.986680346373372 0.9880981575293909 0.9892846533144007 0.9898401040427899 0.9910841876743739 0.9920458213641048 0.992408544734404 0.9934817745158334 0.994312448894758 0.9952500970248336 0.9958791810133627 0.9970884161214294 0.998162734575839 0.999157432053925 1.0001859469491652 1.0020057809391762 1.0034375895922178 1.0035690922273341 1.0044657434035802 1.006497136467216 1.0078612572775583 1.0088459348755623 1.0101984393215677 1.012152467644797 1.013875691513296 1.014591162666255 1.01584043822599 1.0184157633218887 1.021403559007006 1.0246641783314858 1.0313987177712232 1.0380579455164844 1.081061603220245 1.0956782550644042 1.2629568380581837
43 344 0.4381263424707377 1.2777205461038807 0.9465625879566496 0.9465625879566496 0.9507637693262869 0.9539311670675306 0.9566457075475185 0.9601647281321448 0.9615597308448153 0.9620151203586446 0.9641204992720415 0.9648935110070458 0.9665506566511415 0.9678876951219516 0.96921785107629 0.9704229626548708 0.9716582006409623 0.974070140128068 0.975457080617233 0.9763585003152089 0.9785196307163807 0.9791714206925389 0.9810212373232696 0.9816052243782374 0.9834799635010507 0.9843418081713631 0.986233724377501 0.9878505627760209 0.9889903499559685 0.9896337010956376 0.9903068798613445 0.9913910629932248 0.9925570718363357 0.9938457364120552 0.9940858828376768 0.9951246802277184 0.9957663809584443 0.9959847862170416 0.9992488918041615 1.000498455901585 1.001565183674605 1.002572900085463 1.0029641786728856 1.004030995646185 1.0068499414160725 1.0079105526967767 1.0083298974124277 1.008989843234242 1.010664922161661 1.0130541320249378 1.0140576036841744 1.0147698191159553 1.0164607146586375 1.0197725484809812 1.0217455592138633 1.025308570564489 1.0311607446142905 1.0380185563349897 1.0873785408378622 1.099099486128482 1.2777205461038807
44 352 0.4434858271126802 1.2777205461038807 0.9465625879566496 0.9465625879566496 0.9507637693262869 0.9539311670675306 0.9566457075475185 0.9601647281321448 0.9615597308448153 0.9620151203586446 0.9641204992720415 0.9648935110070458 0.9665506566511415 0.9678876951219516 0.96921785107629 0.9704229626548708 0.9716582006409623 0.974070140128068 0.975457080617233 0.9763585003152089 0.9785196307163807 0.9791714206925389 0.9810212373232696 0.9816052243782374 0.9834799635010507 0.9843418081713631 0.986233724377501 0.9878505627760209 0.9889903499559685 0.9896337010956376 0.9903068798613445 0.9913910629932248 0.9925570718363357 0.9938457364120552 0.9940858828376768 0.9951246802277184 0.9957663809584443 0.9959847862170416 0.9992488918041615 1.000498455901585 1.001565183674605 1.002572900085463 1.0029641786728856 1.004030995646185 1.0068499414160725 1.0079105526967767 1.0083298974124277 1.008989843234242 1.010664922161661 1.0130541320249378 1.0140576036841744 1.0147698191159553 1.0164607146586375 1.0197725484809812 1.0217455592138633 1.025308570564489 1.0311607446142905 1.0380185563349897 1.0873785408378622 1.099099486128482 1.2777205461038807
45 360 0.44728230176004186 1.2957296975000232 0.9421447898808096 0.9421447898808096 0.9506963922702911 0.9534016290090837 0.9561567335580381 0.9573683145402108 0.9602933756237684 0.960705153941024 0.962780222266167 0.9643455365107362 0.9656726369312059 0.9667520103927267 0.968572665950952 0.9696692419102402 0.9709632077168373 0.9729013009309905 0.9744659090265999 0.976266932171422 0.9778240415542703 0.9792149181454886 0.9801854114047931 0.9815042488673186 0.9826017562677917 0.9838193697227171 0.985914422159165 0.9876766780948474 0.9880965404501943 0.9895845896662944 0.9898268337348214 0.9907047251779908 0.9917221688348172 0.9933488947753957 0.9939576388547533 0.9954864132737308 0.9967194044559852 0.9970007397880487 1.000011892397196 1.001023498043172 1.0019471419892716 1.002478106250863 1.0028147525696445 1.0040763583477672 1.006772604670807 1.0075087991105949 1.0084553758617572 1.009562706167404 1.011124996295702 1.0126366894593222 1.0137194971742407 1.0150949666378664 1.0177181158726443 1.020264483237722 1.0233054512822841 1.025632773228677 1.0308834386602248 1.0384746986316742 1.0890336712127755 1.1057759904325415 1.2957296975000232
46 368 0.451293037764072 1.2957296975000232 0.9421447898808096 0.9421447898808096 0.9506963922702911 0.9534016290090837 0.9561567335580381 0.9573683145402108 0.9602933756237684 0.960705153941024 0.962780222266167 0.9643455365107362 0.9656726369312059 0.9667520103927267 0.968572665950952 0.9696692419102402 0.9709632077168373 0.9729013009309905 0.9744659090265999 0.976266932171422 0.9778240415542703 0.9792149181454886 0.9801854114047931 0.9815042488673186 0.9826017562677917 0.9838193697227171 0.985914422159165 0.9876766780948474 0.9880965404501943 0.9895845896662944 0.9898268337348214 0.9907047251779908 0.9917221688348172 0.9933488947753957 0.9939576388547533 0.9954864132737308 0.9967194044559852 0.9970007397880487 1.000011892397196 1.001023498043172 1.0019471419892716 1.002478106250863 1.0028147525696445 1.0040763583477672 1.006772604670807 1.0075087991105949 1.0084553758617572 1.009562706167404 1.011124996295702 1.0126366894593222 1.0137194971742407 1.0150949666378664 1.0177181158726443 1.020264483237722 1.0233054512822841 1.025632773228677 1.0308834386602248 1.0384746986316742 1.0890336712127755 1.1057759904325415 1.2957296975000232
47 376 0.45460568324987555 1.3115070974857663 0.9409110942815322 0.9409110942815322 0.9490426190251157 0.9511308743515864 0.9534779043218744 0.9566950919433851 0.9587260494809231 0.9597750941283922 0.9617741922502003 0.96308186227835 0.9641841147056465 0.9655722209900542 0.9675359761535154 0.9698202051858011 0.9699680833901841 0.9720382090811304 0.9733634670769485 0.9758867698793598 0.9774151784919383 0.9800199585472679 0.9804558500107478 0.9817912022333617 0.9826472718230005 0.9832263047116894 0.9851077339920203 0.9875812425141132 0.9878225170723068 0.9886208792923903 0.9892737715548557 0.9895404580320135 0.9919768382447538 0.9928503424004306 0.9945310988019225 0.995050087104374 0.9962156484180005 0.9971568461314362 0.9987256606424645 1.0015157952353355 1.0021911413554057 1.002697876299871 1.0031704978642981 1.0042808350920076 1.0072373289158254 1.0075405270755418 1.0088773221485885 1.010342666471534 1.011387202583783 1.0121844695945073 1.01408086623425 1.0157036193392381 1.0175333856839825 1.0206722028883215 1.023707927506208 1.029360526268583 1.0307924535928326 1.0403764487220448 1.0895773214315052 1.1116784519018417 1.3115070974857663
48 384 0.458148896141781 1.3115070974857663 0.9409110942815322 0.9409110942815322 0.9490426190251157 0.9511308743515864 0.9534779043218744 0.9566950919433851 0.9587260494809231 0.9597750941283922 0.9617741922502003 0.96308186227835 0.9641841147056465 0.9655722209900542 0.9675359761535154 0.9698202051858011 0.9699680833901841 0.9720382090811304 0.9733634670769485 0.9758867698793598 0.9774151784919383 0.9800199585472679 0.9804558500107478 0.9817912022333617 0.9826472718230005 0.9832263047116894 0.9851077339920203 0.9875812425141132 0.9878225170723068 0.9886208792923903 0.9892737715548557 0.9895404580320135 0.9919768382447538 0.9928503424004306 0.9945310988019225 0.995050087104374 0.9962156484180005 0.9971568461314362 0.9987256606424645 1.0015157952353355 1.0021911413554057 1.002697876299871 1.0031704978642981 1.0042808350920076 1.0072373289158254 1.0075405270755418 1.0088773221485885 1.010342666471534 1.011387202583783 1.0121844695945073 1.01408086623425 1.0157036193392381 1.0175333856839825 1.0206722028883215 1.023707927506208 1.029360526268583 1.0307924535928326 1.0403764487220448 1.0895773214315052 1.1116784519018417 1.3115070974857663
49 392 0.4616270823995051 1.323748278115665 0.9384964823522766 0.9384964823522766 0.946104303416631 0.9509998479419854 0.9526143710431995 0.9554302281131888 0.9578292473912747 0.959422750932357 0.9607051260277014 0.9624026612944266 0.9631416357903007 0.9647158169449287 0.9655113477346026 0.9694768146187255 0.9700480720966403 0.971454709782724 0.9729684046351731 0.9750685779172483 0.9781996282377714 0.979390901162234 0.9797845909416748 0.9819047150805711 0.9822315253613226 0.9837377863823578 0.9842339874285305 0.9858984554103137 0.9879701028962885 0.9880078843298697 0.9888664947475085 0.9900802321278764 0.9917076663534755 0.9921741852768577 0.9942791972179331 0.9952168554321724 0.9954350380709014 0.9979971731760843 0.9989964608722275 1.0016557274667854 1.0017137986418427 1.0020586242562992 1.002757165635222 1.0045783992948156 1.0066355890665535 1.00796170920984 1.008340651608748 1.0099129284418664 1.011444094934148 1.0120543157191229 1.0133024571755616 1.0155975703424114 1.016590183622633 1.0204161989938747 1.0229972944782866 1.0291753364585707 1.0350765925631555 1.0434442760577065 1.0896262688265954 1.1162642196249188 1.323748278115665
50 400 0.46180462088501123 1.323748278115665 0.9384964823522766 0.9384964823522766 0.946104303416631 0.9509998479419854 0.9526143710431995 0.9554302281131888 0.9578292473912747 0.959422750932357 0.9607051260277014 0.9624026612944266 0.9631416357903007 0.9647158169449287 0.9655113477346026 0.9694768146187255 0.9700480720966403 0.971454709782724 0.9729684046351731 0.9750685779172483 0.9781996282377714 0.979390901162234 0.9797845909416748 0.9819047150805711 0.9822315253613226 0.9837377863823578 0.9842339874285305 0.9858984554103137 0.9879701028962885 0.9880078843298697 0.9888664947475085 0.9900802321278764 0.9917076663534755 0.9921741852768577 0.9942791972179331 0.9952168554321724 0.9954350380709014 0.9979971731760843 0.9989964608722275 1.0016557274667854 1.0017137986418427 1.0020586242562992 1.002757165635222 1.0045783992948156 1.0066355890665535 1.00796170920984 1.008340651608748 1.0099129284418664 1.011444094934148 1.0120543157191229 1.0133024571755616 1.0155975703424114 1.016590183622633 1.0204161989938747 1.0229972944782866 1.0291753364585707 1.0350765925631555 1.0434442760577065 1.0896262688265954 1.1162642196249188 1.323748278115665
51 408 0.46103414410955185 1.336002652089899 0.9377623191598112 0.9377623191598112 0.9439972495116714 0.9511468133693736 0.9535018856475187 0.9556322124273704 0.9578089469151319 0.9597258854425178 0.9606374897809442 0.9608750075602948 0.9621334558787091 0.9621772585018016 0.9644321360884617 0.9659788674078902 0.9693640868323605 0.9703408723271922 0.9716956451607175 0.9737202859583963 0.9772537177093471 0.9778251314675438 0.97906760079066 0.9806802975982589 0.9819460077820351 0.9827653458422416 0.9833616506272448 0.9853352026537082 0.9864664388455765 0.9880379937176207 0.988134672738808 0.9899353277008773 0.9911816524341049 0.9924119875135556 0.9943499067684274 0.9948080862125365 0.9954985759802957 0.9982274360244333 0.9997815947702764 1.0010223138847598 1.001627294796359 1.0021663617735959 1.0025914459290253 1.00359825234442 1.006022557176892 1.0072043183293828 1.0083783398338935 1.0105023532438335 1.0107475985164995 1.0120815648393857 1.0125663900190371 1.014766545055403 1.0169628846005547 1.0215153670599164 1.0231555271051622 1.0292588021842 1.035814796995549 1.0511952953305173 1.0895494722037673 1.119820001125808 1.336002652089899
52 416 0.4594025711674294 1.336002652089899 0.9377623191598112 0.9377623191598112 0.9439972495116714 0.9511468133693736 0.9535018856475187 0.9556322124273704 0.9578089469151319 0.9597258854425178 0.9606374897809442 0.9608750075602948 0.9621334558787091 0.9621772585018016 0.9644321360884617 0.9659788674078902 0.9693640868323605 0.9703408723271922 0.9716956451607175 0.9737202859583963 0.9772537177093471 0.9778251314675438 0.97906760079066 0.9806802975982589 0.9819460077820351 0.9827653458422416 0.9833616506272448 0.9853352026537082 0.9864664388455765 0.9880379937176207 0.988134672738808 0.9899353277008773 0.9911816524341049 0.9924119875135556 0.9943499067684274 0.9948080862125365 0.9954985759802957 0.9982274360244333 0.9997815947702764 1.0010223138847598 1.001627294796359 1.0021663617735959 1.0025914459290253 1.00359825234442 1.006022557176892 1.0072043183293828 1.0083783398338935 1.0105023532438335 1.0107475985164995 1.0120815648393857 1.0125663900190371 1.014766545055403 1.0169628846005547 1.0215153670599164 1.0231555271051622 1.0292588021842 1.035814796995549 1.0511952953305173 1.0895494722037673 1.119820001125808 1.336002652089899
53 424 0.4558785934955051 1.3444505756321707 0.9359377577923192 0.9359377577923192 0.9429176689841628 0.948675705079771 0.9531037568027722 0.9547418428091837 0.9556605330095447 0.9579315303988053 0.9603140437174562 0.961159863659364 0.9612628737973156 0.9616034692868025 0.9633618286933512 0.9651427532332328 0.9677412330635209 0.9693400475608186 0.9712440342764159 0.9733022548960948 0.977100107469559 0.977947832240886 0.9793623636864728 0.9800332126656301 0.9810773366490851 0.9822659170673024 0.982878785686757 0.9841774610740308 0.9851056851659316 0.9869231843938012 0.9883316068812098 0.98868009689871 0.9913507129375488 0.9918655335816817 0.9939535869403284 0.9945579938164141 0.9959008540460577 0.9978463195569175 0.9992164097702475 1.000620400237839 1.0012510025079393 1.0016062862389006 1.0023554480187238 1.003439389171072 1.0057415133372283 1.0072854550573347 1.007993493708568 1.0096631841446935 1.011711347906248 1.012594990672198 1.0127064130728376 1.0152255478698466 1.017286334379264 1.0213166851438142 1.0272326464605241 1.0298707517015453 1.0388399462012634 1.0532945599836578 1.0898750728573439 1.1232142235609721 1.3444505756321707
54 432 0.4540346159109984 1.3444505756321707 0.9359377577923192 0.9359377577923192 0.9429176689841628 0.948675705079771 0.9531037568027722 0.9547418428091837 0.9556605330095447 0.9579315303988053 0.9603140437174562 0.961159863659364 0.9612628737973156 0.9616034692868025 0.9633618286933512 0.9651427532332328 0.9677412330635209 0.9693400475608186 0.9712440342764159 0.9733022548960948 0.977100107469559 0.977947832240886 0.9793623636864728 0.9800332126656301 0.9810773366490851 0.9822659170673024 0.982878785686757 0.9841774610740308 0.9851056851659316 0.9869231843938012 0.9883316068812098 0.98868009689871 0.9913507129375488 0.9918655335816817 0.9939535869403284 0.9945579938164141 0.9959008540460577 0.9978463195569175 0.9992164097702475 1.000620400237839 1.0012510025079393 1.0016062862389006 1.0023554480187238 1.003439389171072 1.0057415133372283 1.0072854550573347 1.007993493708568 1.0096631841446935 1.011711347906248 1.012594990672198 1.0127064130728376 1.0152255478698466 1.017286334379264 1.0213166851438142 1.0272326464605241 1.0298707517015453 1.0388399462012634 1.0532945599836578 1.0898750728573439 1.1232142235609721 1.3444505756321707
55 440 0.45080474004373755 1.351298214319828 0.9348469520748043 0.9348469520748043 0.9412708599170322 0.9479124160161687 0.9519664191985433 0.9530352712506964 0.9560289747182292 0.957666345269762 0.9596340217309675 0.9599938908690475 0.9604678497564296 0.9614248492082332 0.9627758814722045 0.9632111187588389 0.9670544134337025 0.9685962585861871 0.9713720374139374 0.9738842017610371 0.9768502070384145 0.9777344602905291 0.9784906223398782 0.9794540190110406 0.9808907053705885 0.9815935889412103 0.9823658408492253 0.9841856471718452 0.9849999147662625 0.9870734984845863 0.9874263767678956 0.9887422984719495 0.989252472230737 0.9913966293869293 0.9932717035712256 0.9946634824805054 0.9971089261563268 0.9973418273180452 0.998691417468462 0.9993915753733261 0.9999015624588159 1.001562600765805 1.0024218402140443 1.00306063258117 1.0047736946648511 1.0074223257821577 1.008560660370442 1.0095005860733581 1.011305398102801 1.0120911207483332 1.0123780138837133 1.0156966671229166 1.0177204333652135 1.0220310974421436 1.026783662222892 1.0315331149235794 1.042168857881636 1.0556782601665526 1.0893646860440558 1.1241575721864194 1.351298214319828
56 448 0.4459139995226559 1.351298214319828 0.9348469520748043 0.9348469520748043 0.9412708599170322 0.9479124160161687 0.9519664191985433 0.9530352712506964 0.9560289747182292 0.957666345269762 0.9596340217309675 0.9599938908690475 0.9604678497564296 0.9614248492082332 0.9627758814722045 0.9632111187588389 0.9670544134337025 0.9685962585861871 0.9713720374139374 0.9738842017610371 0.9768502070384145 0.9777344602905291 0.9784906223398782 0.9794540190110406 0.9808907053705885 0.9815935889412103 0.9823658408492253 0.9841856471718452 0.9849999147662625 0.9870734984845863 0.9874263767678956 0.9887422984719495 0.989252472230737 0.9913966293869293 0.9932717035712256 0.9946634824805054 0.9971089261563268 0.9973418273180452 0.998691417468462 0.9993915753733261 0.9999015624588159 1.001562600765805 1.0024218402140443 1.00306063258117 1.0047736946648511 1.0074223257821577 1.008560660370442 1.0095005860733581 1.011305398102801 1.0120911207483332 1.0123780138837133 1.0156966671229166 1.0177204333652135 1.0220310974421436 1.026783662222892 1.0315331149235794 1.042168857881636 1.0556782601665526 1.0893646860440558 1.1241575721864194 1.351298214319828
57 456 0.4396753755660062 1.3554227455582846 0.9349503881481094 0.9349503881481094 0.9380527945525017 0.9473868963307612 0.9484701997368938 0.9520955942168234 0.9530716579249348 0.9571201732217786 0.958741655970981 0.9598446058045709 0.9605667228270853 0.9611863535514882 0.9615689744026856 0.9633845913075296 0.9654497910496429 0.967882934781186 0.9706673784103398 0.9713256430982498 0.976043656009329 0.9774585595959437 0.9780337859754328 0.9792234025451324 0.9801779217828813 0.9806561504099496 0.9825705099202668 0.9844929150050984 0.9849740733008955 0.986595333407416 0.9877356662465385 0.9889749736011368 0.9897364392827571 0.9915479627561469 0.992602419649724 0.995118477638762 0.9963838135549579 0.997227006842301 0.9980583088094863 0.9982571051891461 1.000306541569502 1.0010565149699682 1.0026617142391927 1.0029685904196273 1.0049294995188058 1.0073000568391806 1.0083054432389635 1.009106274092406 1.0111011794608018 1.0121815172299993 1.0122655562392835 1.01508346953278 1.0178790041399 1.0234283129667678 1.027508440510531 1.0316251950364062 1.0447217491690195 1.0591278810593168 1.0889173654912856 1.1257148244752908 1.3554227455582846
58 464 0.4348821818252286 1.3554227455582846 0.9349503881481094 0.9349503881481094 0.9380527945525017 0.9473868963307612 0.9484701997368938 0.9520955942168234 0.9530716579249348 0.9571201732217786 0.958741655970981 0.9598446058045709 0.9605667228270853 0.9611863535514882 0.9615689744026856 0.9633845913075296 0.9654497910496429 0.967882934781186 0.9706673784103398 0.9713256430982498 0.976043656009329 0.9774585595959437 0.9780337859754328 0.9792234025451324 0.9801779217828813 0.9806561504099496 0.9825705099202668 0.9844929150050984 0.9849740733008955 0.986595333407416 0.9877356662465385 0.9889749736011368 0.9897364392827571 0.9915479627561469 0.992602419649724 0.995118477638762 0.9963838135549579 0.997227006842301 0.9980583088094863 0.9982571051891461 1.000306541569502 1.0010565149699682 1.0026617142391927 1.0029685904196273 1.0049294995188058 1.0073000568391806 1.0083054432389635 1.009106274092406 1.0111011794608018 1.0121815172299993 1.0122655562392835 1.01508346953278 1.0178790041399 1.0234283129667678 1.027508440510531 1.0316251950364062 1.0447217491690195 1.0591278810593168 1.0889173654912856 1.1257148244752908 1.3554227455582846
59 472 0.43004733973428066 1.3601727670371517 0.9326948085186586 0.9326948085186586 0.9386494217228443 0.9459109721379441 0.947993792885935 0.948926350535148 0.9527178512133627 0.955574024510566 0.9569924656072857 0.9574478826199682 0.9598063711871894 0.9606929113719113 0.9611271378232108 0.9623663467604228 0.9658327767127205 0.9684885785764374 0.9698501372677469 0.9707658104749914 0.9752935634117534 0.9763577729180615 0.9779542838134594 0.9792189399762449 0.9798870997796338 0.9807992878350208 0.9810064931060953 0.9840738241000515 0.9846959037301565 0.9852028806789072 0.9867475999112321 0.9895969521383776 0.9905997757567233 0.9912570471485014 0.9921702178310396 0.9946474795329269 0.9959579464805649 0.9971863463016153 0.9974153398429344 0.9987383724584437 1.0003498903077832 1.0015805578244943 1.0024306967150638 1.0028344568370895 1.005173393915616 1.0071742268502188 1.0077072999798478 1.00890337071655 1.0110308974217106 1.0121059304366227 1.013136839946519 1.0159584285885654 1.017705504939535 1.0242102712454937 1.0274855287464766 1.032027669513288 1.0458791426295493 1.0601677136315077 1.0893282753218625 1.1255747234410054 1.3601727670371517
60 480 0.42582317683572624 1.3601727670371517 0.9326948085186586 0.9326948085186586 0.9386494217228443 0.9459109721379441 0.947993792885935 0.948926350535148 0.9527178512133627 0.955574024510566 0.9569924656072857 0.9574478826199682 0.9598063711871894 0.9606929113719113 0.9611271378232108 0.9623663467604228 0.9658327767127205 0.9684885785764374 0.9698501372677469 0.9707658104749914 0.9752935634117534 0.9763577729180615 0.9779542838134594 0.9792189399762449 0.9798870997796338 0.9807992878350208 0.9810064931060953 0.9840738241000515 0.9846959037301565 0.9852028806789072 0.9867475999112321 0.9895969521383776 0.9905997757567233 0.9912570471485014 0.9921702178310396 0.9946474795329269 0.9959579464805649 0.9971863463016153 0.9974153398429344 0.9987383724584437 1.0003498903077832 1.0015805578244943 1.0024306967150638 1.0028344568370895 1.005173393915616 1.0071742268502188 1.0077072999798478 1.00890337071655 1.0110308974217106 1.0121059304366227 1.013136839946519 1.0159584285885654 1.017705504939535 1.0242102712454937 1.0274855287464766 1.032027669513288 1.0458791426295493 1.0601677136315077 1.0893282753218625 1.1255747234410054 1.3601727670371517
61 488 0.42235560389611915 1.3655229648361928 0.932431623467833 0.932431623467833 0.9356500566820741 0.9453391993483417 0.9474631039880965 0.948275565739403 0.9526923675244595 0.9553789758660812 0.9561430606365199 0.957077110477167 0.9574019919212075 0.9601170133231415 0.9609423688810432 0.9615480907481566 0.965616527636031 0.9674586619432421 0.9696127457975469 0.9704975805772561 0.9731794167785911 0.975187516414049 0.976495208899548 0.978770644863893 0.9792005805423796 0.9809176061401201 0.9811559744240768 0.9828619981647383 0.9841046061644567 0.9849252285044092 0.9853952622306532 0.9890927211799163 0.9907779846286817 0.9912603321841102 0.9915994276546239 0.994203751641458 0.9946951538817027 0.9966053664368143 0.9971205472060414 0.9989485356896958 0.9998224519860811 1.001741607904096 1.0019711435822571 1.0034030606742375 1.005216434730739 1.006828905346319 1.0081991679495035 1.00944058309464 1.0112219502207869 1.0122947546701577 1.0129160905780656 1.0152569552499024 1.0174797250995755 1.0257012063562774 1.0272612455658572 1.0333611065674553 1.0477891204430196 1.0618487300703061 1.089714601466225 1.1269964123767229 1.3655229648361928
62 496 0.4189138677789804 1.3655229648361928 0.932431623467833 0.932431623467833 0.9356500566820741 0.9453391993483417 0.9474631039880965 0.948275565739403 0.9526923675244595 0.9553789758660812 0.9561430606365199 0.957077110477167 0.9574019919212075 0.9601170133231415 0.9609423688810432 0.9615480907481566 0.965616527636031 0.9674586619432421 0.9696127457975469 0.9704975805772561 0.9731794167785911 0.975187516414049 0.976495208899548 0.978770644863893 0.9792005805423796 0.9809176061401201 0.9811559744240768 0.9828619981647383 0.9841046061644567 0.9849252285044092 0.9853952622306532 0.9890927211799163 0.9907779846286817 0.9912603321841102 0.9915994276546239 0.994203751641458 0.9946951538817027 0.9966053664368143 0.9971205472060414 0.9989485356896958 0.9998224519860811 1.001741607904096 1.0019711435822571 1.0034030606742375 1.005216434730739 1.006828905346319 1.0081991679495035 1.00944058309464 1.0112219502207869 1.0122947546701577 1.0129160905780656 1.0152569552499024 1.0174797250995755 1.0257012063562774 1.0272612455658572 1.0333611065674553 1.0477891204430196 1.0618487300703061 1.089714601466225 1.1269964123767229 1.3655229648361928
63 504 0.4165602660620632 1.3701034295348329 0.9304144966067406 0.9304144966067406 0.9339267570040443 0.9436035307482886 0.947294234052442 0.9481052906910092 0.9525572614531336 0.9531987973420752 0.9550579793723992 0.9556160512832734 0.9564917148055251 0.9586997849711998 0.9601439312189579 0.9617986124625202 0.9643847719138064 0.9673693587561489 0.9685310419767349 0.9692161091080767 0.9727859017765066 0.9732182430985249 0.97547901847412 0.9768848220544406 0.9789882931078208 0.9802209990869716 0.9810036743755823 0.9824360103403096 0.9833714052536817 0.9840702634156802 0.9860885388683638 0.9886352911014081 0.9895842758378445 0.9896135867520639 0.9918495599846021 0.9935160489086046 0.9951133229384385 0.995461281043763 0.9970285384062034 0.998887694375927 1.0001696074151156 1.0019727312903979 1.0042976093547977 1.0047426960299985 1.0054393626476394 1.006904644876471 1.008105545417149 1.0100525835962655 1.0112063609198816 1.012208762261542 1.012995347814106 1.0150591152170398 1.017016875181407 1.0268156646586097 1.027439335246464 1.0363438794707422 1.0482340861878596 1.061629030522595 1.0916796797951298 1.129889439373906 1.3701034295348329
64 512 0.4141687281317252 1.3701034295348329 0.9304144966067406 0.9304144966067406 0.9339267570040443 0.9436035307482886 0.947294234052442 0.9481052906910092 0.9525572614531336 0.9531987973420752 0.9550579793723992 0.9556160512832734 0.9564917148055251 0.9586997849711998 0.9601439312189579 0.9617986124625202 0.9643847719138064 0.9673693587561489 0.9685310419767349 0.9692161091080767 0.9727859017765066 0.9732182430985249 0.97547901847412 0.9768848220544406 0.9789882931078208 0.9802209990869716 0.9810036743755823 0.9824360103403096 0.9833714052536817 0.9840702634156802 0.9860885388683638 0.9886352911014081 0.9895842758378445 0.9896135867520639 0.9918495599846021 0.9935160489086046 0.9951133229384385 0.995461281043763 0.9970285384062034 0.998887694375927 1.0001696074151156 1.0019727312903979 1.0042976093547977 1.0047426960299985 1.0054393626476394 1.006904644876471 1.008105545417149 1.0100525835962655 1.0112063609198816 1.012208762261542 1.012995347814106 1.0150591152170398 1.017016875181407 1.0268156646586097 1.027439335246464 1.0363438794707422 1.0482340861878596 1.061629030522595 1.0916796797951298 1.129889439373906 1.3701034295348329
65 520 0.4148500243526031 1.3737984454736853 0.928857362337875 0.928857362337875 0.9300528283369526 0.9424373051055306 0.9457606753450494 0.9486321517901917 0.9510376811805397 0.9530619857326442 0.9547485213427767 0.9555235656326325 0.955951562041137 0.9589618081866209 0.9598625345227699 0.9611922353883141 0.9634401101869741 0.9651131110329572 0.9686486178739276 0.9698546601601585 0.9714217744795314 0.9733688073682734 0.9754260663916859 0.9765431646429364 0.9788275117650687 0.9797765402465378 0.9807697065604566 0.9814245188094907 0.9821798019252536 0.9841992798359309 0.9853713851442538 0.98882698241015 0.9895189656492572 0.9899517933283772 0.9911924139414396 0.9925247731988833 0.9941384534318423 0.9961489429356252 0.9973684964605402 0.9980255997476885 1.0004729363894829 1.0021693890834396 1.0036703364435706 1.0045879169132546 1.0053206078968642 1.0067029552435045 1.008626945319958 1.0098435813176705 1.0116731549113684 1.0120954616627138 1.01351243045916 1.015088120708588 1.0169425293428125 1.0273410112840753 1.0294815389024072 1.0433288270680605 1.0482216250363823 1.0626339213589358 1.0908984739956735 1.1318020508615474 1.3737984454736853
66 528 0.41484185748043145 1.3737984454736853 0.928857362337875 0.928857362337875 0.9300528283369526 0.9424373051055306 0.9457606753450494 0.9486321517901917 0.9510376811805397 0.9530619857326442 0.9547485213427767 0.9555235656326325 0.955951562041137 0.9589618081866209 0.9598625345227699 0.9611922353883141 0.9634401101869741 0.9651131110329572 0.9686486178739276 0.9698546601601585 0.9714217744795314 0.9733688073682734 0.9754260663916859 0.9765431646429364 0.9788275117650687 0.9797765402465378 0.9807697065604566 0.9814245188094907 0.9821798019252536 0.9841992798359309 0.9853713851442538 0.98882698241015 0.9895189656492572 0.9899517933283772 0.9911924139414396 0.9925247731988833 0.9941384534318423 0.9961489429356252 0.9973684964605402 0.9980255997476885 1.0004729363894829 1.0021693890834396 1.0036703364435706 1.0045879169132546 1.0053206078968642 1.0067029552435045 1.008626945319958 1.0098435813176705 1.0116731549113684 1.0120954616627138 1.01351243045916 1.015088120708588 1.0169425293428125 1.0273410112840753 1.0294815389024072 1.0433288270680605 1.0482216250363823 1.0626339213589358 1.0908984739956735 1.1318020508615474 1.3737984454736853
67 536 0.41421867805911455 1.3758660171013346 0.9284880278874055 0.9284880278874055 0.9305042414551334 0.9401545448121543 0.9442545030751075 0.9475011414694244 0.9489869805425117 0.9513033722362713 0.9523010523263196 0.9548041537239955 0.9552641274816844 0.9587141321245544 0.9610287624523416 0.9621318477387594 0.963211449610991 0.9644794047135571 0.9678899236076602 0.9705766197930576 0.9710066519460983 0.9725992448243703 0.974681099763317 0.9759627514212984 0.9786446150259374 0.97905286901479 0.979760092429057 0.9809898436033557 0.9819694291249514 0.9832070133436204 0.9841889421263802 0.9884222666913102 0.9886076449298027 0.9899401770857386 0.9904270805160772 0.992400879910459 0.9937918693067817 0.9953719740564414 0.9969700634100744 0.9993832444192994 1.0007324890154399 1.001755016377599 1.0030262771883416 1.0045662286199786 1.0056261942965585 1.0059526897417748 1.0080788007691135 1.0091937332626604 1.011391461575183 1.0118471917677732 1.0126542783737633 1.0159315314697461 1.01767524618955 1.027915089609974 1.031343792825342 1.0466582757587235 1.0512919995318404 1.0688920352894515 1.0869025620180588 1.1377189036462347 1.3758660171013346
68 544 0.4158163279463635 1.3758660171013346 0.9284880278874055 0.9284880278874055 0.9305042414551334 0.9401545448121543 0.9442545030751075 0.9475011414694244 0.9489869805425117 0.9513033722362713 0.9523010523263196 0.9548041537239955 0.9552641274816844 0.9587141321245544 0.9610287624523416 0.9621318477387594 0.963211449610991 0.9644794047135571 0.9678899236076602 0.9705766197930576 0.9710066519460983 0.9725992448243703 0.974681099763317 0.9759627514212984 0.9786446150259374 0.97905286901479 0.979760092429057 0.9809898436033557 0.9819694291249514 0.9832070133436204 0.9841889421263802 0.9884222666913102 0.9886076449298027 0.9899401770857386 0.9904270805160772 0.992400879910459 0.9937918693067817 0.9953719740564414 0.9969700634100744 0.9993832444192994 1.0007324890154399 1.001755016377599 1.0030262771883416 1.0045662286199786 1.0056261942965585 1.0059526897417748 1.0080788007691135 1.0091937332626604 1.011391461575183 1.0118471917677732 1.0126542783737633 1.0159315314697461 1.01767524618955 1.027915089609974 1.031343792825342 1.0466582757587235 1.0512919995318404 1.0688920352894515 1.0869025620180588 1.1377189036462347 1.3758660171013346
69 552 0.414529614618057 1.376227338786304 0.9276711135750642 0.9276711135750642 0.9301131384597571 0.939522975878995 0.9430917428785095 0.9450125791229315 0.9488654279086282 0.9498016874691577 0.9517205936626938 0.9527297954270778 0.9550197516576251 0.9563324315507378 0.9600917783490169 0.9624077934383786 0.962673068332321 0.9652644953649593 0.9679217658786397 0.968590581758171 0.9710734689551427 0.9725873383437379 0.9748810858380758 0.9753132647480396 0.9756963928024764 0.9783492271806614 0.9791957292465856 0.9805836747573548 0.9823570237071377 0.9829511429095381 0.985156766408816 0.987318038762695 0.9888530023600798 0.9901153635337613 0.9907371297363877 0.9929827735575107 0.9943931956840066 0.9959139771363678 0.9967063197554376 0.9986834630316407 1.0004327040766614 1.0009276728296888 1.0035931018871185 1.0044266182825305 1.0057413646984101 1.006378703534767 1.007786208984387 1.0085653585915018 1.0113172214527792 1.0122482757617595 1.0157159780012646 1.0171111789061469 1.0183602390890998 1.0280542088121636 1.0313968718119366 1.0454143343104825 1.0523994553543115 1.0756408415429377 1.0875880473005615 1.1442382904113775 1.376227338786304
70 560 0.41374177429515774 1.376227338786304 0.9276711135750642 0.9276711135750642 0.9301131384597571 0.939522975878995 0.9430917428785095 0.9450125791229315 0.9488654279086282 0.9498016874691577 0.9517205936626938 0.9527297954270778 0.9550197516576251 0.9563324315507378 0.9600917783490169 0.9624077934383786 0.962673068332321 0.9652644953649593 0.9679217658786397 0.968590581758171 0.9710734689551427 0.9725873383437379 0.9748810858380758 0.9753132647480396 0.9756963928024764 0.9783492271806614 0.9791957292465856 0.9805836747573548 0.9823570237071377 0.9829511429095381 0.985156766408816 0.987318038762695 0.9888530023600798 0.9901153635337613 0.9907371297363877 0.9929827735575107 0.9943931956840066 0.9959139771363678 0.9967063197554376 0.9986834630316407 1.0004327040766614 1.0009276728296888 1.0035931018871185 1.0044266182825305 1.0057413646984101 1.006378703534767 1.007786208984387 1.0085653585915018 1.0113172214527792 1.0122482757617595 1.0157159780012646 1.0171111789061469 1.0183602390890998 1.0280542088121636 1.0313968718119366 1.0454143343104825 1.0523994553543115 1.0756408415429377 1.0875880473005615 1.1442382904113775 1.376227338786304
71 568 0.41193611011152675 1.3802329402098565 0.9273178434587176 0.9273178434587176 0.9294438591889065 0.9390956987540241 0.9422600650641331 0.9429631579407977 0.9446973912530462 0.9493582202108957 0.9497970546682583 0.9519930889385818 0.9542009062989005 0.9550272717098777 0.9599063364642082 0.9615840946067505 0.9628920510705652 0.9635507282086978 0.9653343307710063 0.9670277647649734 0.9700629282301048 0.9706996097022296 0.9724815374436857 0.9747355607977262 0.9761562677964499 0.9786493421821013 0.9794609277015397 0.9798297686604671 0.9817031445211083 0.9832505677036296 0.9854892681890046 0.9875754247755263 0.9895224101538933 0.9898277807420999 0.9907004741376065 0.9921927451394296 0.9945641184846071 0.9954612498324087 0.9961986668830249 0.9989433396505121 0.9996498812989653 1.0006821374734625 1.0026184618826146 1.0051328209655728 1.0054961687893897 1.0064731955405217 1.0073408670340689 1.0090219108563514 1.0108234078380496 1.0128161631725592 1.0163972568447948 1.0176473507392296 1.0192015984764862 1.0286862024493824 1.030769561462458 1.0452317370648978 1.0528816579484053 1.0803941139065787 1.0911895424173443 1.1492649264527137 1.3802329402098565
72 576 0.41175739437191194 1.3802329402098565 0.9273178434587176 0.9273178434587176 0.9294438591889065 0.9390956987540241 0.9422600650641331 0.9429631579407977 0.9446973912530462 0.9493582202108957 0.9497970546682583 0.9519930889385818 0.9542009062989005 0.9550272717098777 0.9599063364642082 0.9615840946067505 0.9628920510705652 0.9635507282086978 0.9653343307710063 0.9670277647649734 0.9700629282301048 0.9706996097022296 0.9724815374436857 0.9747355607977262 0.9761562677964499 0.9786493421821013 0.9794609277015397 0.9798297686604671 0.9817031445211083 0.9832505677036296 0.9854892681890046 0.9875754247755263 0.9895224101538933 0.9898277807420999 0.9907004741376065 0.9921927451394296 0.9945641184846071 0.9954612498324087 0.9961986668830249 0.9989433396505121 0.9996498812989653 1.0006821374734625 1.0026184618826146 1.0051328209655728 1.0054961687893897 1.0064731955405217 1.0073408670340689 1.0090219108563514 1.0108234078380496 1.0128161631725592 1.0163972568447948 1.0176473507392296 1.0192015984764862 1.0286862024493824 1.030769561462458 1.0452317370648978 1.0528816579484053 1.0803941139065787 1.0911895424173443 1.1492649264527137 1.3802329402098565
73 584 0.4134029863798171 1.3846965256892623 0.9261221462762473 0.9261221462762473 0.929669816919161 0.9389663058050514 0.9402767832277732 0.9415784127286293 0.943141576065383 0.9485531238310141 0.9491623504311851 0.9504407453479015 0.9523230024231573 0.9543320985187963 0.957137090070588 0.9596796236611599 0.962198125188066 0.9634008773953109 0.9643792640585713 0.9669456048564061 0.9692939643716891 0.9697557437865526 0.9715847180793468 0.9750558190798377 0.9764683471408075 0.9785348303900834 0.9794166526918925 0.9800276703163444 0.9804091199287952 0.9834370536872649 0.9853762723584499 0.9871678267889109 0.9885725497237906 0.9901065979880207 0.9917751724403243 0.9935023805215358 0.9939542776168102 0.9956000175373264 0.9966571550188084 0.9984739081258931 0.9996817459408048 1.000747645242359 1.0024039212277356 1.0046405853517606 1.0058468176750155 1.00725221214715 1.007486190593926 1.0096833341318074 1.0109698651184198 1.0127149108762552 1.0158033376103202 1.0179987536468813 1.02089083910016 1.0290385719526645 1.0306919968159347 1.0447805819682243 1.0526706725128716 1.0804184423621745 1.100950025181406 1.1509463261363169 1.3846965256892623
74 592 0.4147106366969936 1.3846965256892623 0.9261221462762473 0.9261221462762473 0.929669816919161 0.9389663058050514 0.9402767832277732 0.9415784127286293 0.943141576065383 0.9485531238310141 0.9491623504311851 0.9504407453479015 0.9523230024231573 0.9543320985187963 0.957137090070588 0.9596796236611599 0.962198125188066 0.9634008773953109 0.9643792640585713 0.9669456048564061 0.9692939643716891 0.9697557437865526 0.9715847180793468 0.9750558190798377 0.9764683471408075 0.9785348303900834 0.9794166526918925 0.9800276703163444 0.9804091199287952 0.9834370536872649 0.9853762723584499 0.9871678267889109 0.9885725497237906 0.9901065979880207 0.9917751724403243 0.9935023805215358 0.9939542776168102 0.9956000175373264 0.9966571550188084 0.9984739081258931 0.9996817459408048 1.000747645242359 1.0024039212277356 1.0046405853517606 1.0058468176750155 1.00725221214715 1.007486190593926 1.0096833341318074 1.0109698651184198 1.0127149108762552 1.0158033376103202 1.0179987536468813 1.02089083910016 1.0290385719526645 1.0306919968159347 1.0447805819682243 1.0526706725128716 1.0804184423621745 1.100950025181406 1.1509463261363169 1.3846965256892623
75 600 0.41497892655157337 1.3897899431995737 0.9254280590794272 0.9254280590794272 0.9272045512330321 0.9372583042743025 0.9393697465504619 0.9408902256449113 0.9435662484951624 0.9475977706975236 0.9484796155681124 0.9505689698742287 0.9521038856636136 0.9534378808349597 0.9556781314896322 0.9590426611250426 0.961307070398214 0.9615791159252965 0.9636579227236984 0.9675403601636241 0.9687913196098648 0.9696147946824069 0.9712402528603555 0.9727313476532238 0.976115596927611 0.9768707027018019 0.9784115345309338 0.9799909098706581 0.9802973884440975 0.9832375686751664 0.9850739036312989 0.9872442405334484 0.9876192538385762 0.9889364679905788 0.9913242807241154 0.9929530748779385 0.9943839330900731 0.9948472047540826 0.9962385068560445 0.9982034923083946 0.9992581768432565 1.001577871677081 1.0033656637173682 1.0040224174313381 1.0061005478252545 1.0072543993312186 1.008483843045978 1.0110343314440835 1.011886342222367 1.0151204216337224 1.0174256125475412 1.0188314975236255 1.0215342784105694 1.0290889610200045 1.030429130768584 1.0454906979842846 1.05349597054059 1.0804229741128706 1.1086914343037424 1.154435046001202 1.3897899431995737
76 608 0.413152553551914 1.3897899431995737 0.9254280590794272 0.9254280590794272 0.9272045512330321 0.9372583042743025 0.9393697465504619 0.9408902256449113 0.9435662484951624 0.9475977706975236 0.9484796155681124 0.9505689698742287 0.9521038856636136 0.9534378808349597 0.9556781314896322 0.9590426611250426 0.961307070398214 0.9615791159252965 0.9636579227236984 0.9675403601636241 0.9687913196098648 0.9696147946824069 0.9712402528603555 0.9727313476532238 0.976115596927611 0.9768707027018019 0.9784115345309338 0.9799909098706581 0.9802973884440975 0.9832375686751664 0.9850739036312989 0.9872442405334484 0.9876192538385762 0.9889364679905788 0.9913242807241154 0.9929530748779385 0.9943839330900731 0.9948472047540826 0.9962385068560445 0.9982034923083946 0.9992581768432565 1.001577871677081 1.0033656637173682 1.0040224174313381 1.0061005478252545 1.0072543993312186 1.008483843045978 1.0110343314440835 1.011886342222367 1.0151204216337224 1.0174256125475412 1.0188314975236255 1.0215342784105694 1.0290889610200045 1.030429130768584 1.0454906979842846 1.05349597054059 1.0804229741128706 1.1086914343037424 1.154435046001202 1.3897899431995737
77 616 0.41069101568362365 1.392959391351913 0.9225023250686023 0.9225023250686023 0.9275071487881005 0.9350483253493821 0.9396165025602969 0.9397653233421732 0.9432068196174005 0.945626988222337 0.9479691258957363 0.9492765186345038 0.9507526529956916 0.952266293628117 0.9555645230327888 0.9594693471506649 0.9608439297448541 0.9620599398979404 0.9628927918961983 0.9662059977481006 0.9679872521274956 0.9698373491713215 0.9716641520604385 0.9721912144449251 0.9750823741896625 0.9768237836694773 0.9774724772405097 0.9784597260387836 0.9800405227309799 0.9820513814601154 0.9839110189839926 0.9849945730974148 0.9873371279167988 0.9889422771959867 0.9911213789597972 0.9925410409935665 0.9943421608222167 0.9947335660390395 0.996516672275684 0.9977168457932835 0.9994343682984888 1.0016305473503349 1.003391863413988 1.0041429464614506 1.0056140736928199 1.0074070532676676 1.0091814943730657 1.0100029274469609 1.0114039901249718 1.0159796652211246 1.0167800563999077 1.02098344939129 1.0230159521774695 1.0290471913790546 1.0306863847936902 1.045847720058306 1.0539139443013017 1.0839557060683047 1.1140538541771388 1.1596014572319382 1.392959391351913
78 624 0.4065036083551789 1.392959391351913 0.9225023250686023 0.9225023250686023 0.9275071487881005 0.9350483253493821 0.9396165025602969 0.9397653233421732 0.9432068196174005 0.945626988222337 0.9479691258957363 0.9492765186345038 0.9507526529956916 0.952266293628117 0.9555645230327888 0.9594693471506649 0.9608439297448541 0.9620599398979404 0.9628927918961983 0.9662059977481006 0.9679872521274956 0.9698373491713215 0.9716641520604385 0.9721912144449251 0.9750823741896625 0.9768237836694773 0.9774724772405097 0.9784597260387836 0.9800405227309799 0.9820513814601154 0.9839110189839926 0.9849945730974148 0.9873371279167988 0.9889422771959867 0.9911213789597972 0.9925410409935665 0.9943421608222167 0.9947335660390395 0.996516672275684 0.9977168457932835 0.9994343682984888 1.0016305473503349 1.003391863413988 1.0041429464614506 1.0056140736928199 1.0074070532676676 1.0091814943730657 1.0100029274469609 1.0114039901249718 1.0159796652211246 1.0167800563999077 1.02098344939129 1.0230159521774695 1.0290471913790546 1.0306863847936902 1.045847720058306 1.0539139443013017 1.0839557060683047 1.1140538541771388 1.1596014572319382 1.392959391351913
79 632 0.4019245881245343 1.39449637556873 0.922319266470796 0.922319266470796 0.9265324795969025 0.9335342020130382 0.9375599935894465 0.9401960777860087 0.9417237426027806 0.944126981745308 0.9474354503609963 0.9485463962543413 0.9497639699722141 0.951290201595101 0.9546791510084843 0.9578585192453759 0.9596457482606161 0.9606691444348592 0.962135448290391 0.9658154411318851 0.9682849600617589 0.9695018793446091 0.9715128014063614 0.9720930554913404 0.9745653491719911 0.9763345406016499 0.9767536758857029 0.9796050968674614 0.980286213285895 0.9821215087128827 0.9830653576684307 0.9851446237722229 0.9863658048244178 0.9880800068486089 0.990372308748812 0.9915854316624554 0.9930263440701477 0.9943938025441934 0.9954374346357935 0.9974926589492136 0.999826465026705 1.0003539630946845 1.0029472508581618 1.0036744409050176 1.0063071680830422 1.0071056795453814 1.0097025504973165 1.0099423507297511 1.0114547106869636 1.0153616326693289 1.0172018007153347 1.0196954446147568 1.0249886127721735 1.028510912597143 1.0309979594803826 1.0458613927827518 1.0543216038572691 1.084494597293103 1.116576886898903 1.1676599118266269 1.39449637556873
80 640 0.3975961292039235 1.39449637556873 0.922319266470796 0.922319266470796 0.9265324795969025 0.9335342020130382 0.9375599935894465 0.9401960777860087 0.9417237426027806 0.944126981745308 0.9474354503609963 0.9485463962543413 0.9497639699722141 0.951290201595101 0.9546791510084843 0.9578585192453759 0.9596457482606161 0.9606691444348592 0.962135448290391 0.9658154411318851 0.9682849600617589 0.9695018793446091 0.9715128014063614 0.9720930554913404 0.9745653491719911 0.9763345406016499 0.9767536758857029 0.9796050968674614 0.980286213285895 0.9821215087128827 0.9830653576684307 0.9851446237722229 0.9863658048244178 0.9880800068486089 0.990372308748812 0.9915854316624554 0.9930263440701477 0.9943938025441934 0.9954374346357935 0.9974926589492136 0.999826465026705 1.0003539630946845 1.0029472508581618 1.0036744409050176 1.0063071680830422 1.0071056795453814 1.0097025504973165 1.0099423507297511 1.0114547106869636 1.0153616326693289 1.0172018007153347 1.0196954446147568 1.0249886127721735 1.028510912597143 1.0309979594803826 1.0458613927827518 1.0543216038572691 1.084494597293103 1.116576886898903 1.1676599118266269 1.39449637556873
81 648 0.3930432093715944 1.3945386819205916 0.9218839529401881 0.9218839529401881 0.9262856612228907 0.9335477039617232 0.9369962541605759 0.9402019075367483 0.942021918422014 0.9433208797025509 0.9464448605436813 0.9467837236655979 0.9498209153633659 0.95008090683868 0.9527907549150434 0.9563052117090904 0.9586481533141035 0.9600749176159162 0.9611908361641105 0.9654780834059191 0.9674734527374155 0.9681697167595744 0.9703141365328407 0.9705642834077615 0.9736691350528787 0.9747136968112607 0.9761945223239331 0.9786517484164204 0.980205233025039 0.9819982964257109 0.9828533851451592 0.9845940835068198 0.9859404289864331 0.9874471291064353 0.9897468842393767 0.9911288374592052 0.991936643778867 0.9941153522119762 0.9949207876256964 0.9975752721382859 0.9996607441173209 1.000360936787577 1.0027198279054386 1.0034144520033255 1.0050174011385251 1.006588935820761 1.009785185203908 1.0101236870629844 1.0114504223649938 1.0153609037421232 1.0166472093888939 1.0181122910944762 1.0254760125642797 1.028779305955038 1.0318406859352944 1.0456084259556868 1.056214899455044 1.0848186195184912 1.1168292970083595 1.1755635914210534 1.3945386819205916
82 656 0.39038106874280826 1.3945386819205916 0.9218839529401881 0.9218839529401881 0.9262856612228907 0.9335477039617232 0.9369962541605759 0.9402019075367483 0.942021918422014 0.9433208797025509 0.9464448605436813 0.9467837236655979 0.9498209153633659 0.95008090683868 0.9527907549150434 0.9563052117090904 0.9586481533141035 0.9600749176159162 0.9611908361641105 0.9654780834059191 0.9674734527374155 0.9681697167595744 0.9703141365328407 0.9705642834077615 0.9736691350528787 0.9747136968112607 0.9761945223239331 0.9786517484164204 0.980205233025039 0.9819982964257109 0.9828533851451592 0.9845940835068198 0.9859404289864331 0.9874471291064353 0.9897468842393767 0.9911288374592052 0.991936643778867 0.9941153522119762 0.9949207876256964 0.9975752721382859 0.9996607441173209 1.000360936787577 1.0027198279054386 1.0034144520033255 1.0050174011385251 1.006588935820761 1.009785185203908 1.0101236870629844 1.0114504223649938 1.0153609037421232 1.0166472093888939 1.0181122910944762 1.0254760125642797 1.028779305955038 1.0318406859352944 1.0456084259556868 1.056214899455044 1.0848186195184912 1.1168292970083595 1.1755635914210534 1.3945386819205916
83 664 0.3870791298548957 1.3947727522394793 0.9211895649635466 0.9211895649635466 0.9250121538980189 0.9309400641567113 0.9356867121651181 0.9385890319228636 0.9396510066653958 0.94288011197793 0.9444983747361576 0.946146579983977 0.9481358480030792 0.949856542203996 0.9530708114649808 0.9558929199758144 0.957862517487999 0.9594595946956201 0.9606051357667241 0.9657188673964758 0.9669413935277077 0.9674696275484336 0.9695252141943681 0.9699706704235513 0.972860623343024 0.9749452909226444 0.9756863317204758 0.9788268321172993 0.9806572316306749 0.9819881884590326 0.9828973599132574 0.983974996953948 0.9851509616941552 0.9871504120906901 0.9895822226136917 0.9913396675718792 0.9923369055238617 0.9937381079939337 0.9945661396882294 0.9982654770301612 0.9992930015673009 1.0006682656345107 1.002527420025468 1.0035622729554103 1.0041751208064993 1.0067885623920212 1.0074646063099901 1.0107548836304354 1.0122665621704472 1.0147693480483224 1.0171013195391128 1.0194830670241515 1.0260521218944136 1.026623794311579 1.0315204749593767 1.0455272532367725 1.0569557279001527 1.085311069652981 1.1183949877604518 1.1822693068178904 1.3947727522394793
84 672 0.3851660870473441 1.3947727522394793 0.9211895649635466 0.9211895649635466 0.9250121538980189 0.9309400641567113 0.9356867121651181 0.9385890319228636 0.9396510066653958 0.94288011197793 0.9444983747361576 0.946146579983977 0.9481358480030792 0.949856542203996 0.9530708114649808 0.9558929199758144 0.957862517487999 0.9594595946956201 0.9606051357667241 0.9657188673964758 0.9669413935277077 0.9674696275484336 0.9695252141943681 0.9699706704235513 0.972860623343024 0.9749452909226444 0.9756863317204758 0.9788268321172993 0.9806572316306749 0.9819881884590326 0.9828973599132574 0.983974996953948 0.9851509616941552 0.9871504120906901 0.9895822226136917 0.9913396675718792 0.9923369055238617 0.9937381079939337 0.9945661396882294 0.9982654770301612 0.9992930015673009 1.0006682656345107 1.002527420025468 1.0035622729554103 1.0041751208064993 1.0067885623920212 1.0074646063099901 1.0107548836304354 1.0122665621704472 1.0147693480483224 1.0171013195391128 1.0194830670241515 1.0260521218944136 1.026623794311579 1.0315204749593767 1.0455272532367725 1.0569557279001527 1.085311069652981 1.1183949877604518 1.1822693068178904 1.3947727522394793
85 680 0.3866742282000089 1.395106498543016 0.9210223260776446 0.9210223260776446 0.9243967178065787 0.9302586212318602 0.9348183628337884 0.9377649523447583 0.9393225934022843 0.9402320413453674 0.9427550337510449 0.9440757048112711 0.9459029228955704 0.9494590819583539 0.9509799153901417 0.9559638415303252 0.9571732542011304 0.958731873672553 0.9617736920453848 0.9651284381575316 0.9666272912915722 0.9670093253271216 0.9693516394750715 0.9698430015749785 0.9718769566857604 0.974852699992965 0.9764118180638722 0.9790054389486088 0.980175295015748 0.9819292266189562 0.9829309608797174 0.9834702304865843 0.9848256784879973 0.9873241661501735 0.9891348472518529 0.9910275997919721 0.9920681132657125 0.9939216462023199 0.9947668628773308 0.9977905802642443 0.9988011419413025 1.0004740348567736 1.001356462090503 1.0028267116950638 1.0038437096434039 1.0064181977602447 1.007952979247334 1.0114026186268394 1.0128222297514282 1.014460010851908 1.0164669203920471 1.021607296504577 1.0258297294015757 1.0289548631158514 1.0312486857757106 1.0440011316314834 1.058505262436192 1.0861964044285948 1.1183113355688947 1.1880457856890696 1.395106498543016
86 688 0.38708792436293515 1.395106498543016 0.9210223260776446 0.9210223260776446 0.9243967178065787 0.9302586212318602 0.9348183628337884 0.9377649523447583 0.9393225934022843 0.9402320413453674 0.9427550337510449 0.9440757048112711 0.9459029228955704 0.9494590819583539 0.9509799153901417 0.9559638415303252 0.9571732542011304 0.958731873672553 0.9617736920453848 0.9651284381575316 0.9666272912915722 0.9670093253271216 0.9693516394750715 0.9698430015749785 0.9718769566857604 0.974852699992965 0.9764118180638722 0.9790054389486088 0.980175295015748 0.9819292266189562 0.9829309608797174 0.9834702304865843 0.9848256784879973 0.9873241661501735 0.9891348472518529 0.9910275997919721 0.9920681132657125 0.9939216462023199 0.9947668628773308 0.9977905802642443 0.9988011419413025 1.0004740348567736 1.001356462090503 1.0028267116950638 1.0038437096434039 1.0064181977602447 1.007952979247334 1.0114026186268394 1.0128222297514282 1.014460010851908 1.0164669203920471 1.021607296504577 1.0258297294015757 1.0289548631158514 1.0312486857757106 1.0440011316314834 1.058505262436192 1.0861964044285948 1.1183113355688947 1.1880457856890696 1.395106498543016
87 696 0.3878375158940391 1.3962160085118005 0.9198206473069828 0.9198206473069828 0.923809745211499 0.9307635520378243 0.9344656244701106 0.9359851990947252 0.9373690085977934 0.9405081471061645 0.9414720541489268 0.9443949969870545 0.9454702790568993 0.9484654766515797 0.9515166437914875 0.954821261292338 0.9566604023273265 0.9573952867269852 0.9610392871632195 0.9640806819200609 0.9640850040702417 0.9668650395763893 0.9677738187902959 0.9687520444755425 0.9712883378681118 0.974758774570997 0.9752970675275072 0.977712560889762 0.9803959301412335 0.9813526040187618 0.9827223493842246 0.983353240074058 0.9846647712339485 0.9870063029061533 0.988927726969666 0.9903025030942569 0.9917482439543248 0.9932739063066445 0.9950003149889174 0.9970208627703524 0.9989392735029401 1.0006262493741458 1.0009342267162806 1.0035658648539543 1.004587037987322 1.0077960583125931 1.0082873915307162 1.0119078480942196 1.0134957978371342 1.014720768379618 1.0182046960944595 1.0224829617393791 1.0256958389964976 1.029180442222913 1.0344824158112582 1.0447891794326938 1.0677905595480288 1.0879571160923325 1.118972967602216 1.190953137913005 1.3962160085118005
88 704 0.38908759007688254 1.3962160085118005 0.9198206473069828 0.9198206473069828 0.923809745211499 0.9307635520378243 0.9344656244701106 0.9359851990947252 0.9373690085977934 0.9405081471061645 0.9414720541489268 0.9443949969870545 0.9454702790568993 0.9484654766515797 0.9515166437914875 0.954821261292338 0.9566604023273265 0.9573952867269852 0.9610392871632195 0.9640806819200609 0.9640850040702417 0.9668650395763893 0.9677738187902959 0.9687520444755425 0.9712883378681118 0.974758774570997 0.9752970675275072 0.977712560889762 0.9803959301412335 0.9813526040187618 0.9827223493842246 0.983353240074058 0.9846647712339485 0.9870063029061533 0.988927726969666 0.9903025030942569 0.9917482439543248 0.9932739063066445 0.9950003149889174 0.9970208627703524 0.9989392735029401 1.0006262493741458 1.0009342267162806 1.0035658648539543 1.004587037987322 1.0077960583125931 1.0082873915307162 1.0119078480942196 1.0134957978371342 1.014720768379618 1.0182046960944595 1.0224829617393791 1.0256958389964976 1.029180442222913 1.0344824158112582 1.0447891794326938 1.0677905595480288 1.0879571160923325 1.118972967602216 1.190953137913005 1.3962160085118005
89 712 0.3904145154809739 1.3950727122679254 0.9189681738234493 0.9189681738234493 0.9221960460995012 0.9306057673642404 0.9328469969130455 0.9356495701799148 0.9368723718617146 0.9397170418986809 0.9419295722485327 0.9427559138184116 0.9452504191706624 0.948720064673456 0.9500040340289451 0.9535050738580549 0.9552898325927011 0.957973059708199 0.9607007960157626 0.9629281660823381 0.9644807677921259 0.9659359254553533 0.9668904558527666 0.9685933303588552 0.9699477447279153 0.9729425046016404 0.9746285446924375 0.9772198856866131 0.9800100196755738 0.9814942911009785 0.9818014475380993 0.9833347681872352 0.9845017893219697 0.9875151667763021 0.9884247258351792 0.9895222725347061 0.9907264824083669 0.9926443478372553 0.9938113698217599 0.9965822061992342 0.9982809030634445 0.999508245231693 1.0005515469495079 1.0033993933606273 1.0045496954658075 1.007508617945616 1.0079016114167023 1.0119747936376786 1.013488437869411 1.0149722802400214 1.0179826645828303 1.021176377039176 1.026148238331838 1.0313177282125652 1.0397229780171895 1.0445557991819139 1.0764451449414862 1.095199423923484 1.119019451732376 1.1941442905946964 1.3950727122679254
90 720 0.39334802280178993 1.3950727122679254 0.9189681738234493 0.9189681738234493 0.9221960460995012 0.9306057673642404 0.9328469969130455 0.9356495701799148 0.9368723718617146 0.9397170418986809 0.9419295722485327 0.9427559138184116 0.9452504191706624 0.948720064673456 0.9500040340289451 0.9535050738580549 0.9552898325927011 0.957973059708199 0.9607007960157626 0.9629281660823381 0.9644807677921259 0.9659359254553533 0.9668904558527666 0.9685933303588552 0.9699477447279153 0.9729425046016404 0.9746285446924375 0.9772198856866131 0.9800100196755738 0.9814942911009785 0.9818014475380993 0.9833347681872352 0.9845017893219697 0.9875151667763021 0.9884247258351792 0.9895222725347061 0.9907264824083669 0.9926443478372553 0.9938113698217599 0.9965822061992342 0.9982809030634445 0.999508245231693 1.0005515469495079 1.0033993933606273 1.0045496954658075 1.007508617945616 1.0079016114167023 1.0119747936376786 1.013488437869411 1.0149722802400214 1.0179826645828303 1.021176377039176 1.026148238331838 1.0313177282125652 1.0397229780171895 1.0445557991819139 1.0764451449414862 1.095199423923484 1.119019451732376 1.1941442905946964 1.3950727122679254
91 728 0.3940554106520886 1.3958451922587736 0.918647686179429 0.918647686179429 0.9215094104880309 0.9292684026134963 0.9306806279060633 0.9351505506809689 0.9359367983090251 0.9378779375204277 0.9413696393981296 0.9423704266051168 0.944550668352815 0.9479441433350183 0.9490524665251387 0.9513762823973344 0.9536777139185169 0.9563912017494871 0.9611939171571064 0.962709867249256 0.9647182758066422 0.9655698698471008 0.96721812430879 0.9683830903447601 0.969737824728569 0.9729180209719707 0.9738259430266333 0.9766286305141366 0.97966462949615 0.9807808175390572 0.9815358376445427 0.9825874184507934 0.9836480833310739 0.9858353673800521 0.9878695437713826 0.9888279063959441 0.9913325696033882 0.9919267410725726 0.9942001327070864 0.995191223139458 0.9988022068203334 0.9999937674832206 1.0009596931858178 1.0024378294935161 1.0037338662565998 1.007147002365297 1.0081507341499654 1.012196391068889 1.0141706420746963 1.0153765975787048 1.0182233590978458 1.0221692285485697 1.026436921999428 1.0312861857812385 1.041695432165505 1.0440358988607203 1.0821929397824426 1.1070595822669256 1.1188262241838245 1.196606206612328 1.3958451922587736
92 736 0.39580721544770453 1.3958451922587736 0.918647686179429 0.918647686179429 0.9215094104880309 0.9292684026134963 0.9306806279060633 0.9351505506809689 0.9359367983090251 0.9378779375204277 0.9413696393981296 0.9423704266051168 0.944550668352815 0.9479441433350183 0.9490524665251387 0.9513762823973344 0.9536777139185169 0.9563912017494871 0.9611939171571064 0.962709867249256 0.9647182758066422 0.9655698698471008 0.96721812430879 0.9683830903447601 0.969737824728569 0.9729180209719707 0.9738259430266333 0.9766286305141366 0.97966462949615 0.9807808175390572 0.9815358376445427 0.9825874184507934 0.9836480833310739 0.9858353673800521 0.9878695437713826 0.9888279063959441 0.9913325696033882 0.9919267410725726 0.9942001327070864 0.995191223139458 0.9988022068203334 0.9999937674832206 1.0009596931858178 1.0024378294935161 1.0037338662565998 1.007147002365297 1.0081507341499654 1.012196391068889 1.0141706420746963 1.0153765975787048 1.0182233590978458 1.0221692285485697 1.026436921999428 1.0312861857812385 1.041695432165505 1.0440358988607203 1.0821929397824426 1.1070595822669256 1.1188262241838245 1.196606206612328 1.3958451922587736
93 744 0.39701863561349254 1.3982982088111358 0.9180607282586113 0.9180607282586113 0.9205243164280007 0.9283789243251943 0.9299372710679722 0.933384960226179 0.935302732092372 0.9372873547809639 0.9394087248093841 0.941672354656796 0.9430794919963957 0.9474555574666815 0.9482761122643264 0.9516217560629487 0.9534584855118108 0.9544614926009201 0.9603804351965919 0.9610626725494675 0.9632242863525639 0.9646567991443162 0.9663937060937355 0.9686454676501326 0.9695425796701953 0.9717267412176078 0.9743346868691714 0.976845331855488 0.9790387916070697 0.9797518674878092 0.9810696349407114 0.9822788354691318 0.983617338822154 0.9853490896783261 0.9865387761094434 0.9888950229215181 0.9908902376211691 0.991885976262999 0.9928208449194151 0.9967752307816726 0.9984225249320141 1.0002876095758344 1.0015361817798685 1.0019925767039177 1.0036164697298178 1.0062572088063642 1.0072289717153668 1.0120043888726793 1.014896758772317 1.0157525434359962 1.0188716711692465 1.0225859635064112 1.0260885748199056 1.0313520683894803 1.042442275291581 1.0460789303821534 1.0837941582495008 1.1184337875540626 1.1221245991872766 1.1975461348426435 1.3982982088111358
94 752 0.3980069715449964 1.3982982088111358 0.9180607282586113 0.9180607282586113 0.9205243164280007 0.9283789243251943 0.9299372710679722 0.933384960226179 0.935302732092372 0.9372873547809639 0.9394087248093841 0.941672354656796 0.9430794919963957 0.9474555574666815 0.9482761122643264 0.9516217560629487 0.9534584855118108 0.9544614926009201 0.9603804351965919 0.9610626725494675 0.9632242863525639 0.9646567991443162 0.9663937060937355 0.9686454676501326 0.9695425796701953 0.9717267412176078 0.9743346868691714 0.976845331855488 0.9790387916070697 0.9797518674878092 0.9810696349407114 0.9822788354691318 0.983617338822154 0.9853490896783261 0.9865387761094434 0.9888950229215181 0.9908902376211691 0.991885976262999 0.9928208449194151 0.9967752307816726 0.9984225249320141 1.0002876095758344 1.0015361817798685 1.0019925767039177 1.0036164697298178 1.0062572088063642 1.0072289717153668 1.0120043888726793 1.014896758772317 1.0157525434359962 1.0188716711692465 1.0225859635064112 1.0260885748199056 1.0313520683894803 1.042442275291581 1.0460789303821534 1.0837941582495008 1.1184337875540626 1.1221245991872766 1.1975461348426435 1.3982982088111358
95 760 0.3993069678192545 1.3991093917930784 0.9176111180628032 0.9176111180628032 0.9199261233802146 0.9263627243161712 0.9296232932144588 0.9329343767417719 0.9347598116108554 0.9376030486065398 0.9401904056845937 0.9418212146497893 0.9419961282621311 0.9468386723564733 0.9480452932092337 0.9516621768827784 0.9521545180264032 0.9537952644507443 0.9595452749341427 0.959857041364094 0.9617427827030107 0.9624001494293327 0.9652809971988717 0.9680766460411772 0.9683599958135612 0.9711551653120946 0.973889509309781 0.9762270733923398 0.9780042560957815 0.979573637714786 0.9811418346704502 0.9821562749285835 0.9828064534434434 0.9844403395203764 0.9868782192949777 0.9882011004699953 0.9903668241016168 0.9919819609672864 0.9925961637503568 0.9961260900658507 0.9982484359171215 0.9998492196719185 1.0016621738806268 1.0025272800399587 1.005022477797486 1.0059539631119592 1.0075275352836406 1.0110822201599965 1.0148440555583138 1.0158131893486757 1.0206787075679977 1.0223164788852692 1.0276411862237231 1.0309526659707913 1.0409711276304097 1.047311667191408 1.085315303876484 1.1178488828926405 1.133897358021278 1.2038061329094505 1.3991093917930784
96 768 0.40092580428374824 1.3991093917930784 0.9176111180628032 0.9176111180628032 0.9199261233802146 0.9263627243161712 0.9296232932144588 0.9329343767417719 0.9347598116108554 0.9376030486065398 0.9401904056845937 0.9418212146497893 0.9419961282621311 0.9468386723564733 0.9480452932092337 0.9516621768827784 0.9521545180264032 0.9537952644507443 0.9595452749341427 0.959857041364094 0.9617427827030107 0.9624001494293327 0.9652809971988717 0.9680766460411772 0.9683599958135612 0.9711551653120946 0.973889509309781 0.9762270733923398 0.9780042560957815 0.979573637714786 0.9811418346704502 0.9821562749285835 0.9828064534434434 0.9844403395203764 0.9868782192949777 0.9882011004699953 0.9903668241016168 0.9919819609672864 0.9925961637503568 0.9961260900658507 0.9982484359171215 0.9998492196719185 1.0016621738806268 1.0025272800399587 1.005022477797486 1.0059539631119592 1.0075275352836406 1.0110822201599965 1.0148440555583138 1.0158131893486757 1.0206787075679977 1.0223164788852692 1.0276411862237231 1.0309526659707913 1.0409711276304097 1.047311667191408 1.085315303876484 1.1178488828926405 1.133897358021278 1.2038061329094505 1.3991093917930784
97 776 0.4037896189288077 1.4006325967770017 0.9173481283793122 0.9173481283793122 0.9197359796145377 0.9268683920355303 0.9282261417007515 0.9308385918880765 0.9348652622298756 0.9361520111022522 0.9377595755053959 0.9406646197624867 0.9416177648052355 0.9446753711577266 0.9470157383966341 0.9505099276962787 0.9517010282176799 0.9532221715859814 0.957843193738383 0.9596380287399369 0.9606470195077274 0.9626420169656016 0.9656000221815514 0.9674959631263644 0.9679710315894463 0.9713157716927292 0.9731230628444797 0.9749056029809282 0.9774199074014394 0.9788968216126174 0.980078443723883 0.9816144584228227 0.9822069010099695 0.9859396938309241 0.9883887435408968 0.9896299281003724 0.9905666350503181 0.9908657716195087 0.9924582633353475 0.9953658466881147 0.9963859595990129 0.9998899235839166 1.0023025068802713 1.0026596730316926 1.0051380594130896 1.0067711450334356 1.0081831700502453 1.0117631647248593 1.0144460533878017 1.0157877021388784 1.0211835123965554 1.022797087156172 1.0309228437245084 1.03177399123366 1.0413349390132571 1.047266253033597 1.0871923640997285 1.1168876704473507 1.14142182047731 1.2092475040763706 1.4006325967770017
98 784 0.4052585225658839 1.4006325967770017 0.9173481283793122 0.9173481283793122 0.9197359796145377 0.9268683920355303 0.9282261417007515 0.9308385918880765 0.9348652622298756 0.9361520111022522 0.9377595755053959 0.9406646197624867 0.9416177648052355 0.9446753711577266 0.9470157383966341 0.9505099276962787 0.9517010282176799 0.9532221715859814 0.957843193738383 0.9596380287399369 0.9606470195077274 0.9626420169656016 0.9656000221815514 0.9674959631263644 0.9679710315894463 0.9713157716927292 0.9731230628444797 0.9749056029809282 0.9774199074014394 0.9788968216126174 0.980078443723883 0.9816144584228227 0.9822069010099695 0.9859396938309241 0.9883887435408968 0.9896299281003724 0.9905666350503181 0.9908657716195087 0.9924582633353475 0.9953658466881147 0.9963859595990129 0.9998899235839166 1.0023025068802713 1.0026596730316926 1.0051380594130896 1.0067711450334356 1.0081831700502453 1.0117631647248593 1.0144460533878017 1.0157877021388784 1.0211835123965554 1.022797087156172 1.0309228437245084 1.03177399123366 1.0413349390132571 1.047266253033597 1.0871923640997285 1.1168876704473507 1.14142182047731 1.2092475040763706 1.4006325967770017
99 792 0.4072587653894743 1.4005646849387345 0.9151039122396218 0.9151039122396218 0.9178845137204976 0.9248842371750999 0.9279392404286275 0.9306819367324819 0.9330503663068213 0.9351831150417829 0.9371759274029916 0.9404031081960726 0.9422907742098531 0.944000522703252 0.9468089380870202 0.9492998867956547 0.9506499137931836 0.9533712768012466 0.9574762811866844 0.9580370227023169 0.9598068197898362 0.9620252124096781 0.96464657434447 0.9661311337292109 0.9678270404051486 0.9704615602589965 0.9731294279420164 0.973743492482881 0.9783367267749974 0.9787840603916914 0.9806266932984808 0.9809145046276551 0.9825292137788256 0.985850014003854 0.987011374284557 0.9890456289427767 0.9895236075874084 0.9913994781672207 0.9930098175548652 0.9945931980286948 0.9962538843338828 1.0000061594778902 1.00200384254685 1.0028600251508333 1.0046519339153963 1.006164589357945 1.0096978065340392 1.0118467069934438 1.0133168410709539 1.0167645880312601 1.0226266353577487 1.0231584587157418 1.0298913033617378 1.0364585690791226 1.0426259737476054 1.047384053685338 1.0898168086267628 1.116855827820296 1.150425831383458 1.215097874069101 1.4005646849387345
100 800 0.41014416414072047 1.4005646849387345 0.9151039122396218 0.9151039122396218 0.9178845137204976 0.9248842371750999 0.9279392404286275 0.9306819367324819 0.9330503663068213 0.9351831150417829 0.9371759274029916 0.9404031081960726 0.9422907742098531 0.944000522703252 0.9468089380870202 0.9492998867956547 0.9506499137931836 0.9533712768012466 0.9574762811866844 0.9580370227023169 0.9598068197898362 0.9620252124096781 0.96464657434447 0.9661311337292109 0.9678270404051486 0.9704615602589965 0.9731294279420164 0.973743492482881 0.9783367267749974 0.9787840603916914 0.9806266932984808 0.9809145046276551 0.9825292137788256 0.985850014003854 0.987011374284557 0.9890456289427767 0.9895236075874084 0.9913994781672207 0.9930098175548652 0.9945931980286948 0.9962538843338828 1.0000061594778902 1.00200384254685 1.0028600251508333 1.0046519339153963 1.006164589357945 1.0096978065340392 1.0118467069934438 1.0133168410709539 1.0167645880312601 1.0226266353577487 1.0231584587157418 1.0298913033617378 1.0364585690791226 1.0426259737476054 1.047384053685338 1.0898168086267628 1.116855827820296 1.150425831383458 1.215097874069101 1.4005646849387345
