% # columns="iteration, evaluation, sigma, void, void,  stds==sigma*sigma_vec.scaling*sqrt(diag(C))", seed=440738, Sun Apr  5 13:34:07 2026, <python>{}</python>
1 8 0.4780143787033352 0 0 0.47798701804757143 0.47794998146532286 0.4779464563191614 0.47699399969662676 0.47796391757841145 0.4781786431797834 0.47732342182939713 0.47782741728800987 0.477546090759983 0.47736832120054434 0.4778838756772473 0.47822353698310893 0.4776156501655117 0.47767448740714735 0.47792822085156755 0.47797998017162674 0.4780994207545212 0.4773787303567138 0.4783062792759235 0.47763222571333447 0.47804331157765 0.4781719348246991 0.47789223715671464 0.4778694011192247 0.4776645600468456 0.4775827144754925 0.47789010132820764 0.47833906655183134 0.47763951103923663 0.4782239656142416 0.4774145964743579 0.47782320637015085 0.4776656962129628 0.47804958274733494 0.47808328862327243 0.477452087045227 0.4780078911760426 0.4779694646628215 0.4778980224145629 0.4773329172351826 0.47788839501883873 0.4778100420634081 0.47796723915347605 0.47772044566678407 0.4781253625870791 0.4778883407194454 0.4781112257968413 0.4781895964280447 0.4777634425777241 0.47817713463274 0.47796269295889526 0.4780482966812821 0.4780346239944397 0.47837591717645067 0.4787135194457804 0.4779544975467123 0.4780697183931951 0.4778144570069687
2 16 0.4611675362587316 0 0 0.4603368512383073 0.46119376422522257 0.4609991412995181 0.46012121850375215 0.46066746696478605 0.4611707576069118 0.46047425735451897 0.4610019273216172 0.46047958484128887 0.4606624004162271 0.460684515135678 0.46111045177742943 0.4607413013702193 0.4607289271692579 0.46093492763721633 0.4611735245069052 0.46155352348000006 0.45988039469961095 0.4613474004243561 0.4602426433179247 0.46102306674472066 0.46104685039251514 0.4609055887238606 0.4612524166229032 0.460765638475053 0.4604954390134763 0.46031666498239704 0.46147980698448593 0.46082603433335106 0.4617211723456035 0.4605655622266554 0.4607742673801397 0.46106723237340264 0.4611946347603423 0.46083195921062536 0.4603696870034915 0.46115320626371037 0.4612503356205771 0.46104876500854636 0.4603733889760595 0.4607422148993246 0.46096783123305124 0.46144385491484435 0.46082430235228883 0.461610649075194 0.4609561685352461 0.46074417421701613 0.4612646695143437 0.46051763984879107 0.4609626412779847 0.4609939803806671 0.46050345142542193 0.461318709589661 0.4611903625256347 0.46181534504482624 0.4614266442784045 0.4610362901996319 0.46107167258451487
3 24 0.4498386854243611 0 0 0.4490599211509756 0.4497207890406011 0.44961044932545385 0.44858719311575745 0.4491894881069468 0.4498035559773186 0.44883133567257105 0.450129596179918 0.44920719307241236 0.4491951311658923 0.4489404141726647 0.4497997072141788 0.4492377121396606 0.44971542302193 0.4498028759159208 0.45006749456456074 0.4502270580513162 0.44843196079553954 0.4500101190082435 0.4487383048594662 0.449943384394002 0.44975720874185154 0.44958414145353975 0.44974078365695525 0.44965377417154684 0.44913241006208676 0.44810689880993654 0.4498602132044201 0.44959212950408883 0.45124846342943703 0.449271247001816 0.4494028082315523 0.44987045433801814 0.4493582313450765 0.4495382171420128 0.4488873662542733 0.44966098503603835 0.44979685889533033 0.44913577938936994 0.4491690017897927 0.44932667245859437 0.45010432567474995 0.44967100284466566 0.4496209732758234 0.45008149707911665 0.4494742413466758 0.44924696794680063 0.45017777618443366 0.44934057734134414 0.45028588388899227 0.44961706065372015 0.448983866597295 0.4497690355077383 0.44995074860969897 0.45065559077728673 0.44979779205534476 0.44921092405594626 0.4486744059491904
4 32 0.4416723839378039 0 0 0.4408678311689349 0.4410538718243633 0.4407833916656031 0.440452547069531 0.4410867298050656 0.4414544381886264 0.44062194478463806 0.44153479589725986 0.44064046652943395 0.4409527547449438 0.44050414246858904 0.44179384331740573 0.44075436825477426 0.44148655666820863 0.44154115021932266 0.44220347457698916 0.4418344934385683 0.4403330148949211 0.44185721101249675 0.4400199662525728 0.4424954558615891 0.4416743869749756 0.4411497035743324 0.44084969918338224 0.4415222520871945 0.4407607517672758 0.4399163087205572 0.441820462967939 0.4413917430037991 0.44385153158272705 0.44051227319251995 0.4410096953729816 0.4417702394655641 0.4404755380364627 0.441422453489581 0.44058742006613366 0.4415648133726688 0.4416552667120091 0.44101241568712884 0.4410624637572267 0.44121003102559253 0.4420434031016296 0.4416461031916859 0.44150294988528677 0.44206146223955894 0.44105944332677044 0.44138907696909196 0.44209404661636326 0.4410770508387926 0.4422271617786054 0.44108215348026153 0.44042606169640025 0.44147984020648334 0.4417916644355341 0.44257486373859906 0.4418927307657383 0.4408905596554584 0.440400663005589
5 40 0.4344500571790483 0 0 0.4336870789464257 0.4339156187479635 0.43366678979667467 0.4333725805869757 0.4336586121482307 0.4337519355391551 0.43298409130423376 0.4340608030495045 0.4334610041258423 0.4337275786273564 0.4333668324122536 0.43354742445068994 0.43296020500720056 0.43401276405246714 0.4342909721788149 0.43493416397826523 0.4346404896030641 0.43321611752278655 0.4345195324048831 0.43380568464639496 0.4356558383347199 0.4339851276039285 0.4335922791163582 0.4335293744128033 0.4340837202426694 0.43359437856699273 0.43242178755088073 0.43479491010721916 0.43403011688474447 0.43716741633398587 0.43333193851864993 0.4337224692743477 0.43475103333325343 0.43300987543615616 0.4340334613030349 0.432982719659626 0.43439027300139066 0.4347923588958335 0.433679708432227 0.4338772779451246 0.43378958174029225 0.43482413735744807 0.43463954265942106 0.4341401179756343 0.43472480552314574 0.43355253158224316 0.43397331975213865 0.4346775329938535 0.43389806453279234 0.4353912242972555 0.4337688081779924 0.43292739947240794 0.43438875465200455 0.43474030447374296 0.43536430299838214 0.434688150926981 0.43322415475968734 0.4331679051980778
6 48 0.42948863803458076 0 0 0.42890361182989134 0.42916461417993096 0.42844890644917133 0.4287363968534791 0.42807997923439456 0.4292370588015287 0.4279745077702139 0.42905058956431535 0.42817262892911845 0.4287331322419708 0.42835818674590487 0.4284213727369596 0.4278959531133874 0.4291298499450186 0.42943387232124386 0.4301797550567966 0.4297813939572311 0.42803615588665295 0.42947707539862473 0.4288508132550864 0.43087407756696544 0.42888707472184046 0.4286876009330262 0.4288649892873145 0.4289949071161886 0.4282486949365907 0.42723335237552845 0.42987974779438387 0.4289404860034359 0.4326657030741773 0.4282098356208247 0.4287768000332347 0.42990476252052645 0.4279834552534648 0.42881158130579194 0.42802620785336176 0.429319060215613 0.430102660929511 0.4283974298234471 0.4293894449479322 0.42867974511040713 0.4302011432149679 0.429423831335292 0.4286277433222451 0.42976530878712504 0.42921866196610786 0.42873497516631964 0.4316856674958686 0.4285458928380234 0.4307091057669387 0.42895271463876516 0.4281566274168343 0.4295686809454219 0.42995270363000015 0.4305295801330402 0.42954820413301814 0.4278011766050261 0.4281451960287479
7 56 0.4235776822484904 0 0 0.42296560981613335 0.4230463714940086 0.4226343634021476 0.42277612391429176 0.42210904842192726 0.42338389472160953 0.4222730444609234 0.42312166518599365 0.4223645856901027 0.4231933104854875 0.4225088444616805 0.42239316711954844 0.42180788091137655 0.42264391940619345 0.42345523061525814 0.424572451282623 0.42350162002801894 0.4217493280250946 0.42373433736298227 0.4227878759270481 0.4249845250717636 0.42273730243300245 0.4228093712169888 0.4226745664339868 0.42270601668097424 0.4225742547727505 0.4212363600885512 0.42397519370461706 0.4228054226276661 0.4265751495507753 0.4221865335553412 0.4228143084627294 0.42403793040586124 0.42149836657905343 0.42305513913641896 0.42214632863816215 0.4229818408176218 0.42379549189383375 0.4225928066137148 0.42363379951581603 0.4225755446397305 0.42501814332097704 0.42340418360617027 0.42277239067175687 0.4237519175338241 0.4235239184274174 0.4233966236949965 0.42595039117739497 0.4225005205228629 0.42505757299360625 0.42288918435700074 0.42222297603841324 0.42365571057960755 0.42399807017302016 0.4247859702938447 0.42337725261570974 0.4219489178027824 0.4219898364058716
8 64 0.4211339696850667 0 0 0.4205034258556433 0.42042653970198673 0.42010045589903094 0.42028475894801043 0.4195548989753873 0.42077177456935844 0.41987499771340653 0.420140346707571 0.41948580940504304 0.4210554419276245 0.41998004675587575 0.42000129701410543 0.41929814058242065 0.41946570330936817 0.42121949104442236 0.4226500627329834 0.4210015534094606 0.41952370801357186 0.42111195264047996 0.4203792281263281 0.42256381207604543 0.4200618802704521 0.4202762875423276 0.4199819569576728 0.42051200590871085 0.41974409036518656 0.4186769757823095 0.42146185715336276 0.4203157773496727 0.4243224200572804 0.41979935245690686 0.42025881040726026 0.4218179273019853 0.4193839275532983 0.4206948993225916 0.4197082851844593 0.4198188225615533 0.4210086920712198 0.4203657820428161 0.4212485612788288 0.4201758880454464 0.42369802971166837 0.42099212146440784 0.42028543943324026 0.421170386704814 0.4209350986442285 0.4209861312459269 0.4236097385880777 0.41999873338456223 0.42350722636062954 0.4205530679502717 0.4197600381492937 0.42127681392377225 0.42107862210176544 0.422526356630792 0.42165491219909346 0.4194888273944216 0.4196542859502059
9 72 0.4195490565717861 0 0 0.4192496288065812 0.4181521791318112 0.4183964206470523 0.41864536063068397 0.4178284073465093 0.41929044869713195 0.4183575167475384 0.4183145979671049 0.41853823810320145 0.41980817273998156 0.4183325777814162 0.41776648474658074 0.4179428420048365 0.41775085508847026 0.41981477893558533 0.42135330631309065 0.41886570174667054 0.4180520961562282 0.4189152168773045 0.4187298428336104 0.42097057209027217 0.41854548634691274 0.4187785530569025 0.4180928903546861 0.41908279317918806 0.41832369000779535 0.41706416864052487 0.41983073527018333 0.4186492120490463 0.4229010780643384 0.4182694717265528 0.4184072337809268 0.42020609395964914 0.4179513710143233 0.4191792771289558 0.4178065726097068 0.4180282022192983 0.41920664814507225 0.41862200772423264 0.4199165692162062 0.41846931699310036 0.4229261452124622 0.4194380607093481 0.4186585222310584 0.4194101240797288 0.41931299745637396 0.41929165403844637 0.42208123587930063 0.4182553832381641 0.422258427875294 0.4188239995100252 0.41783751982199985 0.419453888534814 0.4195219282940849 0.420845752657487 0.4202089434045247 0.417829800516398 0.41814661953688376
10 80 0.4214057054189809 0 0 0.42106808222868347 0.41982395559250935 0.4200752716051658 0.42020104419647514 0.4196389198756163 0.42113516466705997 0.4199556631787251 0.42040157692434527 0.4204921481217432 0.4218951594715666 0.4205447716849986 0.419518181473225 0.4198276786501698 0.41930436757515865 0.42166876931012626 0.42520394508954706 0.4212031150920854 0.4198460461118632 0.42092152305442293 0.42105593214665465 0.4229523966327156 0.4205527754080993 0.42067437862950374 0.4209332889218649 0.4217407023017421 0.4202007665008622 0.4187566170975182 0.4212459592364623 0.4201951224180305 0.4249060534020464 0.4199986343367505 0.4202015085824667 0.42207291868165514 0.42005933306005866 0.42082434446782796 0.420028438487727 0.4198002762543357 0.4209066550231022 0.4204885369719965 0.4218593713798368 0.42034213500330136 0.42535168888282066 0.4213190119192415 0.4206593199947695 0.4212135362010233 0.4209747256018985 0.42080106395061523 0.42407363835768047 0.4198315715556317 0.42458330274208705 0.42066322315032767 0.4192297375124866 0.4209426541291965 0.4213852816632246 0.4224945387919359 0.4221431207204063 0.4195472171025181 0.41998411448502
11 88 0.4209923840560716 0 0 0.4207040371594192 0.4190581607990416 0.4194130974394671 0.41952070285576054 0.41854140615721 0.4207738828494132 0.4196180596296847 0.4192274939992916 0.42027856627021826 0.42173899595684816 0.4202104362101494 0.4190024134865667 0.41941841323240775 0.41887935293284917 0.4211814796973901 0.4251460330400639 0.4207845599463366 0.41958274693158043 0.42039141911578637 0.4204786061263975 0.42265437986469623 0.4198041374386596 0.4202940895926858 0.420891449733457 0.4213460268121197 0.42002247677020155 0.4181593081367616 0.4209930190258534 0.4198155465356696 0.42446498195886784 0.4194880164414102 0.4197574361582865 0.4215187756450257 0.41977424521292495 0.4204417872672735 0.4188388260611762 0.4194872644833796 0.42068847876491694 0.42048881298061913 0.4217280765442841 0.41968129650926034 0.4252641437020637 0.4206644571639373 0.4203279933043095 0.42067245060200237 0.4204506469097869 0.4201795520253112 0.4238781663982936 0.41939325828184265 0.4239749574827948 0.42066674631550105 0.4186268178377544 0.420310831005077 0.42104072575717444 0.42170495643530115 0.4219863339318822 0.41913409932154305 0.4193887150909089
12 96 0.42087006368624097 0 0 0.42042343188834175 0.4188482113957246 0.4190505483819292 0.41925692761946276 0.41832728022146165 0.42063277952484834 0.4193546575779195 0.41875731971921304 0.4205237875722332 0.4217644940519134 0.4200069939783011 0.4189308152045937 0.4192733638659858 0.41869648550800587 0.4209474213905285 0.4253341083956411 0.42049331318985445 0.4192571416931542 0.4199841550682081 0.4202418390045265 0.4225697901961276 0.41967204364666777 0.42028905781570514 0.4209443914197956 0.42139181032795586 0.41962731383259533 0.4179786844730846 0.4209585469802588 0.4192012222743289 0.4242976335004422 0.41964299602071875 0.4193544809611821 0.42129941230750845 0.4196355879332504 0.4202106895434885 0.41838336671892207 0.41915035325054284 0.4204169629626222 0.4203257797493174 0.421342106616298 0.4197460123499828 0.425543672410053 0.4204814862358478 0.4204037394293635 0.42061305796042786 0.4203165597026228 0.42022353978253596 0.42398544153290396 0.4189857373065457 0.42383938968074153 0.4209190152146843 0.4181854478399789 0.4200603238764112 0.42082358875880777 0.42201972415164796 0.42185893992183787 0.4190248245961501 0.4194098922654756
13 104 0.42061017674692375 0 0 0.4198771250842454 0.4186701572730051 0.4188239401744687 0.41875782811968504 0.41794415765612947 0.42035574065069453 0.4189175414808636 0.4181022904172039 0.4198816691833809 0.42128770986543274 0.4197963135007382 0.4185824288360515 0.41934166797387634 0.4191078759431548 0.42069683192970725 0.4254689907101875 0.4199584502189039 0.418927419915662 0.4200959457157405 0.4200536020595719 0.42227306937773945 0.41912685520607995 0.42013674302130627 0.4209363524188087 0.4220963924014381 0.4195398748277372 0.4177334734570989 0.42052375512719153 0.41883099006825963 0.42401150146696914 0.4195750129088749 0.4187957968262097 0.42132314098281115 0.4193757152289609 0.42000641830875024 0.4180113319967518 0.41892549541972035 0.419440553463771 0.41961551594858415 0.42107151730272463 0.41918353073007125 0.42542377452507 0.4201602273365048 0.4203005883527993 0.4202209192202494 0.4204954944143421 0.4197782737087783 0.4239398840088571 0.4186394659803563 0.4235962876622414 0.420791279165112 0.41796381217489903 0.4198244225824682 0.42056937447997417 0.4217094058265973 0.42146722682586585 0.41859381337438983 0.41891161579034225
14 112 0.4203267576102535 0 0 0.41962762406615045 0.41839403333254427 0.4185127774741849 0.41816799704253294 0.41746982057608734 0.42012247290261817 0.4181369354031955 0.41768756448138505 0.4203207926859463 0.4211338544016395 0.41952956699774047 0.4182875539817573 0.41919135509405064 0.4189998415353201 0.4201965679921345 0.4251885042849521 0.4197394257858916 0.4187249858789366 0.4196023361215875 0.41965703984936514 0.4219070229181373 0.41892717894887105 0.41982019335292164 0.4211160379755144 0.42224373988803243 0.41945244746830324 0.41749156529219156 0.4202436589995154 0.41786529250655896 0.4239553171806568 0.4193063976408199 0.41791503563341903 0.420937240338988 0.4187605640994509 0.41971201630238103 0.4175247675037605 0.41881230603995917 0.4189013378174986 0.4207774230894467 0.4208187047827321 0.41946499160972117 0.4252413576906923 0.41940213215947164 0.41995465193696513 0.41998735222696726 0.42000795044147204 0.41945979754306073 0.42397505322492285 0.4183164909887431 0.42381547536138264 0.4205330233469174 0.4175649523301309 0.4191349841356862 0.4200718769333732 0.42174680152731586 0.4210718404594479 0.41849670355762014 0.41848882501228674
15 120 0.42049367676326765 0 0 0.4196026654865967 0.41821899731940515 0.4186549817756298 0.4182349124486647 0.4184959896090395 0.4199804877022813 0.41886748900804627 0.4178537936244463 0.4208705277422337 0.42168107410921196 0.4192759079031143 0.4182411335663026 0.41954391291414544 0.4190540960030596 0.42053298750174267 0.42573386015336523 0.41944400880290317 0.4190479330223054 0.419816686773964 0.4200185638522647 0.42185784872467263 0.4191017263450106 0.4200924570360534 0.4215051328295538 0.42297321558104334 0.41946118060552645 0.4176782618248032 0.4200845545526545 0.41794610490536477 0.4243292655463367 0.41905834095297195 0.4182912477732214 0.42076455471170426 0.4187582682263413 0.4196491509083745 0.41809785639629815 0.4191586945573908 0.4190043095548484 0.4209898596865421 0.42096472128990914 0.41945787618342173 0.4256513892085146 0.41930682285154197 0.420216041995364 0.4202261512438666 0.4201281036774962 0.41926653133113045 0.42395566942248997 0.418377552741984 0.424359424374924 0.42077539145813414 0.4173208845930916 0.4192927881191645 0.42016837657548856 0.4221198903217573 0.42137900283633506 0.41810088488726965 0.4183851594667364
16 128 0.41762236626909943 0 0 0.41670103871435094 0.4151959002829953 0.41535934435252814 0.4155822534025966 0.41637472962359795 0.417273900121945 0.41590594837271166 0.4147100875422124 0.4177334827638429 0.418586657522426 0.4162818947026869 0.4152951420266457 0.41638768038616225 0.41633133937562805 0.41788250087229234 0.4228690945333392 0.41658986787400004 0.4161447405427575 0.4166013612774089 0.41718669526680585 0.4190481492038107 0.4162497480958909 0.4171449413480012 0.4190341922152945 0.420364731472721 0.41648119441353204 0.4150180515031894 0.41747977710588063 0.4152403686013314 0.4217729556699931 0.4161017353863227 0.41539641701730085 0.4175995153620997 0.4151330209545061 0.4167129692534483 0.41533193923575484 0.41640267899058264 0.4161195249518506 0.4175448933865168 0.41810951000135976 0.41670996639080066 0.4230787684996757 0.416200265110219 0.41760725819515665 0.41717671428293396 0.4172955964808137 0.4153612399245141 0.42108317282408436 0.4156931667960981 0.4217177363875683 0.4178847996665436 0.41448722026803114 0.41644914409360434 0.41717079279898456 0.41964862694923605 0.4185651441850441 0.41519705094261994 0.41551613395905523
17 136 0.41367342730067247 0 0 0.4127949786074264 0.4113560629127107 0.41139281128543487 0.4113523946807031 0.41236452888054087 0.41347202838227126 0.41215736265593805 0.41070124966238525 0.413787127663307 0.4148465799277259 0.41229914938246753 0.41090292790201355 0.4122014647854017 0.412342366889343 0.41388833903748595 0.4189021815931076 0.41233928858191415 0.4122856199987982 0.4123669150328688 0.4134659439620919 0.4149817537360041 0.41219227158641003 0.41339603934128866 0.41560117733219404 0.416211800013441 0.4129357831188068 0.41131076163377434 0.4133097811338701 0.4108494821498987 0.4173659372120248 0.41222519749782754 0.411345627825988 0.41359402620938646 0.4111598379491538 0.41226207343862625 0.4113776781876175 0.41270587593546776 0.4122416440707364 0.4135165503069206 0.4147507106863529 0.41241153558618227 0.419332343358243 0.4121709556592628 0.4135549226970996 0.4127178776989665 0.41344591139020365 0.41128362454314776 0.41695821579861214 0.4116322574595343 0.4177484071739858 0.4136932804168366 0.4107008444435111 0.41258893749506376 0.41327562157647313 0.4156639482995954 0.4145417306937702 0.41122653090731676 0.41162333444293486
18 144 0.4115163864864396 0 0 0.41057647256842705 0.4092504915661449 0.4091242592003195 0.40906676154110666 0.41018377882568946 0.4112789615577343 0.4101868108359279 0.4086622337507517 0.41130022764619356 0.4130483388692297 0.4098874602091825 0.4084759149227904 0.4100816269994737 0.4101081651326315 0.41177876457297385 0.41682533687342505 0.4102802442716998 0.4092446330152834 0.41027604582401606 0.4115220941265204 0.41284915872834127 0.410312187900734 0.41044959731736547 0.41367784723446566 0.4137817707005527 0.4108559652941269 0.40919318813314104 0.41090616388923773 0.40861442385023955 0.4153274566328339 0.410041940631459 0.40927186219734024 0.4110931901459917 0.4089442973953438 0.41022667339952473 0.409029728235278 0.41063836150621313 0.4095711724181037 0.4114480120019478 0.41246367749011315 0.4103524827803421 0.41836939848821314 0.40973094893101636 0.4109158622036565 0.41047647792990555 0.4116461061047632 0.40909462776950795 0.41426415733844274 0.40928222202680803 0.41560171081865727 0.41220476191001587 0.4085256380745086 0.41065293779524165 0.41095564391868233 0.413572523746291 0.41261093623236983 0.4092327711681654 0.4094358893794284
19 152 0.40982642001019304 0 0 0.40849247815559286 0.4076451816196212 0.40736800205499696 0.40708115505649256 0.40877958788966723 0.4095544180664296 0.40842055022127044 0.40704813468862183 0.4095679819603814 0.41134672104365655 0.4081061005473708 0.407144138079876 0.4084117094199312 0.4083307130438968 0.4100150912216633 0.4151781967138797 0.4086391887364237 0.40738038930053083 0.4081550499300562 0.4099744785836432 0.41100189937738646 0.4082263959669108 0.40854663215092446 0.4121578142028344 0.41226689683832934 0.4095991010664676 0.40726137001306617 0.4091674414310017 0.40699709161705505 0.4138695229606794 0.40856614625843996 0.40763851398158985 0.4094740576825377 0.40717323246360576 0.408376779085024 0.4072652310670625 0.4086687046309676 0.40786725445803196 0.4097054479600168 0.41026817063530124 0.4085365647871104 0.41792222775686 0.40814156151398134 0.40915153689324596 0.40884863150670614 0.409503877339195 0.4071323873958622 0.4127797719491974 0.40727708413578106 0.4136845304648402 0.41143351409035844 0.40692273065205825 0.40881293244279476 0.4091959008637448 0.41203078482291783 0.4108555792349542 0.4077097732527455 0.4078628656787892
20 160 0.41020620272425584 0 0 0.40956884732410986 0.40804417404651144 0.40765539179796867 0.4074202802184939 0.40914988341491965 0.4098011246347751 0.4088779684543736 0.40696332602510643 0.41002573430871525 0.4125914167473925 0.408449680061259 0.40728973117628003 0.40885147415577117 0.408771423110004 0.41026899461850685 0.41582571832741017 0.4089529029155542 0.4075670879960417 0.40842235399812565 0.41039032648375456 0.4111436477952606 0.40865964365104035 0.4088896431279196 0.41207216613394176 0.412607829412282 0.41018587037576326 0.4074753667324713 0.4094318185846886 0.407757991469546 0.4145700269064314 0.4090767709904615 0.408351553709364 0.4098769622397212 0.40755069448316494 0.4085800942318024 0.4075761908146176 0.4090356155557183 0.40816711504888536 0.4099106960576428 0.4106908116550859 0.4091331575461173 0.4214179627078488 0.40822069091826346 0.409303085906493 0.408466503431784 0.40995660666965855 0.4076586275223843 0.413226037258658 0.40726477044067144 0.41418270162010734 0.41216844803150476 0.40699203575579823 0.40862736308020464 0.4090241498011956 0.4122321080270806 0.41130381189957926 0.4079118413902682 0.40823011908520374
21 168 0.409747438695115 0 0 0.40902144888337905 0.4074354767576914 0.4070998756056054 0.40645909900683397 0.4086682151706121 0.4092103999938634 0.4084199455241676 0.4060276462829283 0.4098154995243177 0.4126900070207737 0.407657062501068 0.40676626023648726 0.40795854643668084 0.40786052831294756 0.4096122664293049 0.4153578505775966 0.408678722853808 0.40703224583622305 0.4078691204592489 0.4096944003365789 0.4105100718969562 0.4077914967954873 0.40890709989649104 0.4119010691423891 0.4118351557181095 0.4098035693182764 0.4070737862954626 0.40871672912766577 0.4070094384302261 0.41441560990385384 0.40858849078357556 0.40824856017757405 0.40953682434909205 0.4071703987982849 0.40805464890736926 0.40722274870124864 0.40824746594816813 0.4077117308415119 0.4093850871348486 0.4096739274945041 0.40894462444337726 0.4222262177364885 0.40793613437573817 0.4088247228084514 0.4078069067854025 0.40923226123567347 0.40773171730580515 0.41279555163878506 0.4069331486890159 0.4137545820392653 0.4117923425076577 0.40646232201550164 0.40830950814024125 0.4085643939461005 0.4119072272507777 0.41095472574888076 0.40742023988868714 0.4076383042074676
22 176 0.4084587202954196 0 0 0.40772924852935327 0.40616516919097506 0.4059128043849326 0.4048960252994876 0.4074760311161953 0.4078214757169963 0.4071309067416145 0.4047129053216863 0.40854638670085175 0.411815678593305 0.4057135783813508 0.4053413045788491 0.4065409379188635 0.4065053896554326 0.40814464486159674 0.4130627460787251 0.40740142008863883 0.40539408740195043 0.4063785718825796 0.4082724773099561 0.4091213603682004 0.40660707492239445 0.40736906583517285 0.41094359821970106 0.4101865232005712 0.40845145453450543 0.40557130117466644 0.40714448013641463 0.40512477409831565 0.4134705356508426 0.4071932374903213 0.4072153725156472 0.40810660851918634 0.40590045658913365 0.40685405775261657 0.4055721934202026 0.40696045535191655 0.4064702910254613 0.4078894263881453 0.40858733023830707 0.40775972828498847 0.42311096342794047 0.406777500635809 0.4075455295878706 0.4065121556082306 0.4077750249429585 0.40682078442179215 0.4116224091245103 0.4057484575881041 0.4125582868595014 0.4109821579120145 0.40538171777301735 0.4072808983582155 0.40737349340325746 0.41052662362403036 0.4096263759472384 0.40550845678290615 0.40632997238755997
23 184 0.40880897542677025 0 0 0.408089481418396 0.40662872994663507 0.40610616297905605 0.40529370288015204 0.4078126460312077 0.4082606100212275 0.40737355253353885 0.4047106271536596 0.4084949469674406 0.4125194797045334 0.4061985512035717 0.4065231346190489 0.40671807835846174 0.40662743850704114 0.40848492650964663 0.4134446464605164 0.4077790654926747 0.4056177010984715 0.4066218921456516 0.4078523515997519 0.4093114579004966 0.4067109710765189 0.40782641018537663 0.41131822326977985 0.4103877365587633 0.40869404160370637 0.4057080638927701 0.40699703669487713 0.4051089315332839 0.4146581295493973 0.40764951221028456 0.407750798348234 0.4085243699965364 0.4062804955372574 0.4070076264469518 0.4057805638691628 0.40711454307164546 0.40655220213889537 0.4083443136566109 0.4090864951005227 0.4075453979076843 0.4249973031836414 0.40715099058401294 0.4077115569781715 0.4070552069614382 0.40816668056700867 0.4071340166253963 0.4119485661874808 0.4059060286910302 0.4130283369329714 0.41138644419953874 0.4061821676737054 0.4072123093833683 0.4080384405972459 0.4111369224283357 0.40991792076716965 0.4059842351202956 0.4063668168422643
24 192 0.40847857934193904 0 0 0.40782331918797676 0.40618017396609707 0.40545271135715694 0.40507924391073585 0.4074624786068958 0.40830373264243686 0.4070251724270902 0.4048976889311515 0.408127093518997 0.4125547347206794 0.40583651150704325 0.4060878945829912 0.40644126656961554 0.4062858259673895 0.40798217446929536 0.4130952791870877 0.4067945393030369 0.40538103223885874 0.4062951303461676 0.407629797081042 0.4089630518003171 0.40575568202185436 0.4073161406953523 0.4106043533031285 0.4098059366537933 0.4084174707871063 0.40537541340840777 0.40667171228426335 0.4045029084834453 0.414691958393917 0.40712397572033854 0.4072663740768505 0.4081879991083663 0.40599701262603627 0.40688688582428334 0.4055617951356389 0.4062430556197833 0.4062063287625511 0.40835413261874925 0.4078947008745113 0.40722570426825766 0.42561377250474064 0.4067394442383576 0.40714353402720876 0.40682936537975606 0.40790448730708334 0.40671835084497426 0.41149399952080307 0.40578942306222704 0.41267616670423557 0.41073935285310903 0.4061910376536097 0.40677188990651264 0.4081815064208872 0.41072002704995925 0.4094823875559293 0.4060275919530043 0.4058315535837583
25 200 0.4087452078082299 0 0 0.4082462505234697 0.40632567932927494 0.4063087209395755 0.4052081251389439 0.4076795086992608 0.4087562798613979 0.4071651382929811 0.40520394678628757 0.4082585191428461 0.413253230255206 0.4061894328721911 0.4070219050698735 0.40673088224017306 0.40694922684371576 0.4083114903067349 0.4135551153031677 0.4070085051988412 0.4055830413378639 0.40616847673348305 0.4077520555696155 0.4086088817579496 0.4059781031758625 0.40758273388593436 0.41073378774984953 0.41019750190528154 0.40843422694375464 0.40571750440855253 0.4065769550010586 0.4044969154040853 0.4154427351798126 0.4072838143179332 0.40750281583611564 0.4085436482443448 0.4064386124994319 0.4063852531819425 0.4055397070827719 0.40652389978093045 0.405876960597709 0.4084499810263666 0.40816911544686374 0.40734074984376367 0.42695638765547544 0.4071361603012921 0.4070383667852263 0.40691764762780075 0.4078058398867641 0.40654276661220046 0.4116000310852759 0.4064823585235759 0.41295965689342334 0.41137734422189526 0.4065964951615091 0.40681729562336855 0.4085700552598971 0.4110226969109837 0.40962356942049527 0.406328148300187 0.40607782333869075
26 208 0.40949204668423606 0 0 0.40898168151436887 0.40678690015551683 0.4070525342920257 0.4056841097514286 0.40838777818538985 0.409383944700987 0.4074246376839925 0.4059242291429344 0.4092819836435018 0.41405856771228144 0.40668851865361944 0.4080147014708331 0.4073907276597248 0.408114968919377 0.4088660773713034 0.41388231283973564 0.4077922300164192 0.4060579652719744 0.40667525288891054 0.40857383622180804 0.4096826472084996 0.4065843835914586 0.40869611955391244 0.41142876394800293 0.41094169298039845 0.4089016963448567 0.406448195811962 0.4072443930305141 0.40478247189056765 0.41620374385698516 0.40781241573739324 0.4081933086558605 0.4093429417135016 0.40719871070186575 0.40701937203297756 0.40632289886277684 0.4075215729820774 0.40642845130870037 0.4091623451174138 0.4101716808156522 0.4080333062839662 0.42808826836696 0.4081076935809945 0.4073339119986191 0.4073402159879347 0.4082855919204587 0.40718130076891595 0.4124255030063584 0.4073442844664153 0.41378034326088964 0.4121811419081605 0.40781776634059247 0.40742203241495584 0.4095228837716248 0.411630565239415 0.41043270209100163 0.40717884174491453 0.40673070927879384
27 216 0.4099763225637271 0 0 0.40934585929629913 0.4071799865217486 0.4075900256428122 0.4057331651425108 0.40868368264936167 0.40955732504290454 0.4079000577325607 0.40640215347961484 0.40915376016371274 0.4148214879956623 0.4071555207985676 0.4082810638472683 0.40771577850273344 0.408992962778319 0.40935277046960633 0.4145147570544203 0.40816139456192024 0.40666846352346475 0.4072389341059414 0.409031999911403 0.4099405500967505 0.40676852467650476 0.40869226775249545 0.4115021289743224 0.4114215438803624 0.40947356233926113 0.40701248802329776 0.40794117115731043 0.40534708437599726 0.4170758427229245 0.4084414983191004 0.4085594352872023 0.4098732138504988 0.40748808655413216 0.40757771046302776 0.406920379614462 0.4079723170219852 0.4066585601301832 0.40949018516207986 0.41117406691530806 0.4081006688350008 0.4292957458091164 0.40807113813117263 0.40794115903322437 0.40803743906426554 0.4089026720048683 0.4076673301178386 0.4130644891661228 0.40802917518696313 0.4148209385069453 0.41258349886244894 0.40861008683825784 0.4076554606405631 0.4106065931428096 0.41210834211779834 0.4106425031268059 0.4078772276142958 0.4071758221260513
28 224 0.40807201599347914 0 0 0.4071786181927325 0.4050150333792411 0.40576446666767724 0.4037484907029157 0.40669501313875883 0.40762189842208113 0.4055547633580252 0.4043546586586023 0.40748111387513897 0.4125724171801992 0.404877411554239 0.407328316281314 0.4056535517031614 0.40697553110918844 0.40691923335804725 0.4126255773388395 0.4063911887094492 0.4047675208960823 0.405477518926912 0.40726836882234074 0.4079157855129731 0.40459475985244314 0.4068319634287709 0.4094615589924196 0.4096096236550126 0.40742188377038624 0.4052490549535768 0.405960290539456 0.4030993850976391 0.41527262747123933 0.40621888585026883 0.4064734512541446 0.40801497304059925 0.40499821886929566 0.4057177474679754 0.4049937443309355 0.4062494314834718 0.4047578765634806 0.4073603564452902 0.4096143827127875 0.40577219384722146 0.42791471908921225 0.40584559271149373 0.4061473420267336 0.4061069918222114 0.40695148114125945 0.40586354958756615 0.411271092974385 0.40648126900978687 0.4132283789242279 0.41067603381527024 0.4071069032122036 0.40532041793243717 0.40819783490139977 0.40997527279474527 0.4084639804461981 0.4065865591053411 0.4053812780398428
29 232 0.4068721904754219 0 0 0.4060758053350444 0.40419751187350006 0.40461158034520883 0.4025783465053312 0.4054430633516737 0.4062818668784617 0.40398665756338537 0.403147936255531 0.40623219110301073 0.41133331450798377 0.40356807877796963 0.40731721069395793 0.4044678267770776 0.40610950062738804 0.4060961358504408 0.41138466802358037 0.4051432550359959 0.40332475090693864 0.4042873188722099 0.4058959937019474 0.4064526736546039 0.402541475425704 0.40572106754121345 0.4081012864289399 0.4084036406693528 0.405933364510001 0.4041131249341701 0.4047631737485943 0.40196595428247384 0.41409757555303134 0.40509629535048947 0.4052763373002484 0.40677920206436347 0.4035972976176819 0.40501809625844626 0.4032603720166924 0.40510301982368474 0.4032917826436431 0.40585960551657646 0.4081596449821132 0.40408847171445733 0.4271780553338175 0.4047148101802689 0.40495209136590954 0.40492634498194674 0.4057245667090513 0.4045784752806224 0.4098120901415301 0.405617772725446 0.4118611834257646 0.4096319740573827 0.40582258451790026 0.40340768108584796 0.4071772231732543 0.40844871160607704 0.4073166461620241 0.4057485802264765 0.4042762201046238
30 240 0.40443116016106107 0 0 0.4036235595707718 0.40169091195313444 0.40228037159832863 0.4001632115789642 0.40302268105714956 0.40382425609005046 0.40140135523701176 0.4008067380188434 0.4039842156251817 0.4088271050054217 0.4002400161881667 0.4054928681195778 0.40195635655702355 0.40379864337994936 0.4035979182067007 0.4090133377084727 0.40254044899722413 0.4007341401439106 0.40158840465845186 0.40329368300476615 0.40393178609062147 0.40007489133238056 0.4032190409489462 0.40641280325705037 0.4057178903750149 0.40342913187135554 0.40228185437937286 0.40229066583909867 0.3994455621693531 0.4113214464549607 0.402592060907497 0.40292967983008965 0.4041627784296144 0.400654348774072 0.4027007203786423 0.40097664486610873 0.40271262884435166 0.40028062678894916 0.4034238208326125 0.4059964644893762 0.4012234087346822 0.42476861871328564 0.40219483101681786 0.40220052877770157 0.40186106216630935 0.40324180868229637 0.40218508893349436 0.40743720758821667 0.40332999341260856 0.40937522721831504 0.40744106558763854 0.4034171779717095 0.40088709684086127 0.40489224994675355 0.4063609523807443 0.40519249456757 0.40314423048112774 0.4021088226728412
31 248 0.40268582868523256 0 0 0.4017829749967263 0.3999094922807658 0.4004671679539481 0.3984048616897674 0.40127800044650774 0.4024932133916836 0.39941797995621675 0.3990045855619587 0.40237785383728847 0.4070610674253399 0.39827310377738473 0.4040896075476444 0.3996553357161768 0.4020875553954567 0.40291588794300276 0.4074283343889739 0.4008241874924638 0.39873633703511907 0.3999974865645716 0.4017225558177681 0.4022335768919679 0.3982930790508336 0.4014823129327367 0.40475909765635804 0.4037117975542695 0.4020061348443553 0.40027704116022117 0.40056981737262587 0.39748948264651773 0.4095804894654402 0.40067151281577607 0.4012051242916277 0.4024251997480088 0.39916434139504986 0.4010434119827767 0.39903197074353886 0.4009810958426515 0.3985298095000371 0.40134392398904706 0.4044762784873099 0.39906525532318454 0.42320504015489496 0.39924741737826774 0.4005635550238558 0.39992637285124627 0.401484458559667 0.4005325950036481 0.4055397750288451 0.40189697523743495 0.4075241849003023 0.4057152291425876 0.4016739561347033 0.3987866312659851 0.4032046336967551 0.40448290797960124 0.40336112573077537 0.4016851511446901 0.4000967343143769
32 256 0.4022249451867103 0 0 0.401433698457439 0.3985824460146729 0.39995634938309543 0.3979849492805975 0.400925162765052 0.4022762792618322 0.39891090565075327 0.398404780085374 0.4022680551078005 0.4066654089937006 0.39779620417327954 0.4041656604948752 0.3991976501209547 0.4016208517759997 0.40281051053838063 0.4067017301508122 0.4002197734724873 0.39852495064045096 0.3995379747026121 0.4014256560332385 0.4016146151213032 0.3977664416794692 0.4010948105277073 0.4038689112280387 0.4029652544657887 0.40127087805083567 0.40029871013974344 0.4002111133011653 0.3970469715028096 0.4093472929250846 0.4000531697028727 0.40063833720195247 0.40185654302961427 0.3986495930668166 0.4003241232962701 0.3984571393118388 0.4005831232593985 0.39812230322290265 0.40068374293338455 0.4043338576846759 0.3984697720078069 0.42349014723359074 0.39856921112532895 0.4000650416421008 0.3994659663114095 0.40128114193843173 0.4000440871484762 0.4051498224028401 0.40142279219060006 0.4059842218383047 0.4049952899869212 0.40137893165919863 0.39795165067051264 0.4024626373059194 0.40407529558737787 0.4028356792357211 0.40099566750138843 0.3999022479603468
33 264 0.4019390333995027 0 0 0.4018191361011705 0.3980924643720323 0.399458907606313 0.39778667046987815 0.40072800844228634 0.40198210209233265 0.3986122954308104 0.39825696768161684 0.4022686924637639 0.40627992312297756 0.39739874336009967 0.40444163221094026 0.3988919086631609 0.4018240643479099 0.40282513238934203 0.4064398484480958 0.40088383874368705 0.398146790713782 0.39901665514519463 0.4012053886807128 0.4012439348530814 0.3974730591982114 0.4011699343211582 0.4033336959758693 0.40147558091527846 0.40124273341751476 0.3999786133951344 0.39996345584431564 0.39650036404409666 0.4091327834746378 0.3996359234572606 0.4001612332075198 0.4016070438201673 0.3981766792980386 0.39981552065120335 0.3981384689211179 0.4003719649875559 0.3977461799680969 0.40045856440673583 0.40407194737859903 0.3983266533504091 0.4233178323357353 0.39805841739075937 0.3996166813465827 0.3989351695963919 0.4009985668773783 0.3996614005523632 0.4047743360022771 0.4012508677698661 0.405751943030546 0.405158812065335 0.4013180870831354 0.39775536890828334 0.4023633437305835 0.4038843339306004 0.40234674118318703 0.4005863447816965 0.3991071754241055
34 272 0.40207048736776274 0 0 0.40247104992857524 0.39792187661287487 0.3995671995295179 0.398055428737273 0.4008701240126307 0.40223069481248913 0.39855859464533594 0.39847123434211557 0.40232341237079994 0.4062008658414957 0.3972415552107099 0.40453457821873173 0.39879477955520715 0.40186461618926717 0.4028682509831574 0.40675318867139243 0.400933947863597 0.3982960704012787 0.3986882519261847 0.40118186251074256 0.40129663521591735 0.39764439883595215 0.40114783843596635 0.40349140482400514 0.40191142438100047 0.40158537024310564 0.4001598543509892 0.4001510353432932 0.39693895963986037 0.409848132628803 0.399870066043129 0.4002573643238203 0.40165503695928884 0.3983042908982845 0.399904486929968 0.39806676424404 0.4004955899965862 0.39805631857616064 0.40060046478050926 0.4041525100969497 0.39836644219264083 0.4239020569889457 0.3980729172127883 0.3997991016000038 0.39923952126771034 0.40089391015340403 0.3996176335723205 0.40477350145316693 0.40136764828797133 0.4059387367800691 0.4053394406078277 0.4012752769247909 0.39783414617530294 0.40154680412598126 0.4038481330308516 0.40261271085073613 0.40096638438012794 0.39921129681445133
35 280 0.40430697826903583 0 0 0.40505989765794287 0.3999149403693977 0.4018326616237538 0.4003500749582165 0.402854526367447 0.40464176768947535 0.40088403584166143 0.400256550766882 0.40516379917511963 0.40867148416870935 0.3992477856195041 0.40680902923607154 0.4009136173272531 0.40435305603877114 0.4056031847819964 0.40898937491475407 0.4031137675058446 0.4005528548323485 0.40101416321858546 0.40320948654300587 0.40345123142929024 0.3999013715965483 0.40392888066939814 0.40608271132443374 0.4044383319768329 0.40388920169544584 0.40171067750772915 0.40236265880884814 0.3988993814856077 0.4128032440174371 0.4022906462044472 0.40240174879480217 0.40421368088123405 0.40055156742753734 0.4018620238566888 0.4003650420712002 0.40292236329484393 0.40035630157397417 0.4025984877324076 0.4056243807429012 0.40089162465915085 0.4263791326310782 0.3999986917269772 0.4020528467513918 0.4009139466726936 0.4032291331928326 0.4014795766023209 0.4070698537985343 0.40349914304774437 0.4083895557796853 0.40735356672350065 0.4032082589786853 0.4003244878196531 0.4038200587518946 0.40601081528350136 0.4048246414690223 0.4030998174056988 0.4008903678664216
36 288 0.4097685674367998 0 0 0.41109877684161655 0.4052554865947669 0.40627021870812746 0.4057961498289713 0.40830019194848743 0.410159391262602 0.406344064382155 0.4052996086515595 0.4115807515054014 0.41365591091392756 0.40455811354976845 0.4126012687879433 0.40644051010052856 0.40946242229981666 0.4111727588511827 0.4147418490031842 0.40838617013601797 0.4058108227637094 0.40655384928947325 0.408665294809253 0.40889783847706296 0.40520598036278993 0.40965745208175364 0.41178564277502916 0.41006025772793087 0.4096154315214857 0.4071120450061824 0.4078755918004679 0.4042791152222987 0.41877945771890857 0.4076684911700024 0.4079010379488467 0.40980165113554967 0.40588681411105215 0.40692687986204057 0.4059147888275914 0.40848508978322806 0.4059417582393174 0.40800666044315365 0.41063181333298343 0.40582948448985606 0.4324061125841756 0.4054989872555825 0.40739105600589753 0.40611296702635524 0.4089458497520066 0.4071493664281602 0.41355545308486613 0.40933420131610343 0.41464767235468036 0.41273069507459126 0.40853452923411626 0.40591689991617613 0.4091383904984373 0.4116089638164655 0.410527689858888 0.40906359126038544 0.4066212205087424
37 296 0.41624191750152806 0 0 0.41791120442857416 0.4116152764680676 0.41246549556152545 0.41239618207794854 0.4147499606320213 0.41686330288783957 0.4126353420394709 0.41172446845775945 0.41853868406453165 0.41972546086399987 0.41108304388942246 0.4192066035342597 0.41296961883700484 0.41641049392730206 0.4177233017025064 0.42174005080005494 0.4149817723173193 0.41216206660577903 0.4126895992089594 0.41484180913870156 0.41515891766793106 0.4116570778450245 0.41655602546579323 0.4184921867318979 0.4165595515465025 0.41657907368035585 0.41409412775668364 0.4144349770212779 0.4109341702191962 0.426202222574309 0.4135029080788902 0.41380950195156374 0.4164118058371091 0.41218846120459296 0.41342217816870125 0.412196719866666 0.4149427502033552 0.41205852249356906 0.4142512460344128 0.417154849426691 0.4121965093830001 0.4395671254658221 0.4118140044669519 0.4136816487225113 0.41282266642208815 0.41531647288156276 0.4138766709384259 0.42123168516067283 0.41563380130927796 0.42128379601533184 0.4192842186200207 0.4147642846794531 0.41271814380895294 0.41558072678650526 0.41806490987177153 0.41655967867961763 0.4153067402139757 0.41337750232060727
38 304 0.4222536925890341 0 0 0.4245717451285514 0.41756418784630933 0.41822134788783716 0.4185195851068354 0.42069009408704705 0.42284301855417517 0.4185774018446273 0.41765093666005393 0.4254835463566815 0.4254608873432755 0.41720797110024677 0.425227904483316 0.419119419465747 0.4226438765825765 0.42394878516597717 0.4275404847836488 0.4211225403533776 0.41815684134236836 0.4184051608083096 0.4207103238785857 0.4203753078585035 0.41751254445099784 0.42257345823210446 0.4248091550717069 0.42255332221507275 0.42260126457379305 0.4198680830374716 0.4206506196218691 0.4172215269857747 0.43295533730766983 0.41956331495897037 0.41959741410866275 0.422747848970225 0.41811608117101123 0.4193912957836502 0.41835500767005657 0.4209773706931473 0.41812298390602026 0.42023432672933897 0.42312041953937096 0.4181835061166142 0.44626837649266765 0.4176562326801248 0.4197637646310813 0.41880354350721877 0.42132427318078663 0.4198161400949953 0.4280240708646659 0.42141209701909155 0.4272337285037555 0.425598720431847 0.4211563843697234 0.4191772472143702 0.4215181989367479 0.4241737023118148 0.42279549844185726 0.42094982377710044 0.4189359582990781
39 312 0.4258281614666447 0 0 0.4285085100376597 0.4210500886476959 0.4217581873507801 0.42229659716276086 0.42429173624794514 0.42645672278037905 0.42193237359285385 0.4208157884742646 0.42907611027607784 0.42885983237158776 0.4207739793605624 0.42903929568090593 0.4226826495389421 0.4262207487803904 0.4275289916022212 0.4315051721067869 0.4246160207164852 0.42145543852591383 0.4213538756006957 0.42400638752897996 0.4234213811450142 0.4214366775171531 0.42633718943333826 0.42853826087132957 0.4261750839170246 0.4263333122944361 0.4233608191490728 0.424043144368735 0.42080762692998375 0.4368646841676633 0.4230460922115156 0.42320465752213765 0.4267128590166616 0.4215094618525211 0.42285931791402825 0.42217988857318817 0.4245248473281628 0.42168142814429643 0.423673842140176 0.4270026450000595 0.4218673372228394 0.45031212633252254 0.42097250243308393 0.42293458321702493 0.422508819679353 0.42463385329298053 0.4239590100816968 0.43195177430683035 0.4251402986612499 0.43100714057278683 0.4294872259757218 0.4248001558024083 0.42324816344092453 0.42484686561222057 0.42782242308973945 0.42658803996702943 0.42461319735578085 0.42247732018860273
40 320 0.4298392597096016 0 0 0.4330085585789534 0.4246742726148577 0.42566735048895843 0.4265241589930791 0.4280991907619357 0.43073031188807603 0.4259469371825437 0.42446088961313183 0.433560789714744 0.43322094386867 0.4246947107028027 0.4328632691708275 0.42678720466943715 0.4303840114167997 0.4313644926875262 0.4357072258637494 0.42879118519010806 0.42550764188720336 0.4249593933251091 0.4280561592990418 0.42780989286601295 0.42586172168075276 0.4304010023430286 0.4331101510486926 0.43073685480933355 0.43092512851281317 0.42760253676017107 0.4280726165309845 0.42509637917229 0.4413328719972438 0.42695653873750034 0.4269476417915652 0.4309958146518073 0.42523625332135134 0.4271363230092643 0.4261639889550731 0.42851717672685463 0.4257071993668061 0.42792971634702237 0.43094877654479036 0.4253035556430233 0.45441364364072573 0.4246315775836912 0.427121177151779 0.427039096019611 0.4282281040666976 0.4284200286310414 0.4359103030830506 0.4293800641518584 0.43503382544284164 0.43243892504453785 0.4292881060912546 0.4279167765160838 0.4288593490600746 0.4321120702633572 0.43066551095707467 0.42865336160286777 0.4265784325434524
41 328 0.43186414485863023 0 0 0.4351742067406349 0.42624465655363253 0.4275068980398895 0.42854756245095843 0.4304742546141971 0.43306671656875606 0.4277624773596041 0.42644426896724374 0.43566461854264554 0.4352359606090131 0.4258434278721908 0.43482214339365405 0.42895898315212017 0.4319442588272193 0.4334488991755186 0.4381106652392592 0.43110900375926814 0.4276197801607021 0.4274179468602663 0.43007300956044664 0.4302128891336328 0.428020589133142 0.43255553588010615 0.43506977660139107 0.43291570708225385 0.4327248736472692 0.4294585611307721 0.43004821510243413 0.42700319565641803 0.44400957266236357 0.4289182433522708 0.42899200192009834 0.43367674646585874 0.4271742297665543 0.4293793192423545 0.42879487935369065 0.43040919498842745 0.4275002914564749 0.4298226743601458 0.43340636600855204 0.42722289670622726 0.4556552665265928 0.4265252407177619 0.42903425310366117 0.4295596835837597 0.43002550360436465 0.4305480685058355 0.43813339281355546 0.43163274400915097 0.43691374916694226 0.4347125880348226 0.4320750673886599 0.43034512563326155 0.43081758674244447 0.43436208979326174 0.4320656735483019 0.4307594145175127 0.42877786629591413
42 336 0.43487402872229014 0 0 0.438187887686376 0.42928261462209233 0.4304317163416947 0.430782032688763 0.43354479613077124 0.43742697643408956 0.4303973029935725 0.42935123986603513 0.43901812795865885 0.43839339210924255 0.4285324485392159 0.4381059105242134 0.4320963869452113 0.4352048173820739 0.4366582470246342 0.4412183180240679 0.43397545511689734 0.4303017593071362 0.4305316082710862 0.43287068946589713 0.433126333739356 0.43114453938095076 0.43540981568863085 0.438210286500291 0.4357779392430981 0.4361859186206542 0.43226098449839145 0.43311849271862907 0.4295952907875015 0.44735450139145283 0.43180812738786206 0.43209354928132343 0.4374224246984458 0.4301908202900347 0.43253451724322395 0.43193062564779633 0.4331144880082555 0.43047036205497674 0.4324136417405107 0.43642125562202705 0.43057285674474643 0.45862693086477624 0.42950491876976693 0.4320571670883236 0.4334612210408472 0.4330263057792804 0.4337768869139143 0.4402170404886623 0.4346126020945492 0.44028092959564324 0.4377928703193723 0.43519072302238143 0.4343442459646966 0.43364767929364717 0.4374914098264094 0.43467732711996326 0.43422700746598775 0.43214914979806335
43 344 0.4381263424707377 0 0 0.44132300558524573 0.4321747104049094 0.43365048850161486 0.4338624203723472 0.43787448649402794 0.4411546785073998 0.43292386814980705 0.43280657549015894 0.44236384830927544 0.4413002406790539 0.4318097359389972 0.44201362015234447 0.43513733741292915 0.43855738496682767 0.44009065538055986 0.44419473965646283 0.4371829521560046 0.43303612978802764 0.4338408993978238 0.43556945352151416 0.4361509969527865 0.4343669984307735 0.4383248588688036 0.44173976304971185 0.43933057462825476 0.44029283619960286 0.43545982630504315 0.43638790274532036 0.4329541870933178 0.4506379731138575 0.4347474723546316 0.4350560972849926 0.4407685835074934 0.43342878270916474 0.43640094531060036 0.4350930003532262 0.43620216523328775 0.43415908629141764 0.43578179049137505 0.4399771075502968 0.4339244663631658 0.4618333545990704 0.4326356308424111 0.4356062346808469 0.4371276988780733 0.43596340798636496 0.4373775568676031 0.44311265012520845 0.43807529331260214 0.44360164259164125 0.44091850170335806 0.4383869381755375 0.4379384012587845 0.4369140336171503 0.44085814296062514 0.43790607610483917 0.4376172176935581 0.43531709324474266
44 352 0.4434858271126802 0 0 0.4465387865865683 0.43772236831325273 0.4389079676633807 0.43907927186859586 0.44280560565375743 0.4473323488608606 0.43807970307596267 0.4381431130774335 0.4473949278584389 0.44621630912769894 0.4370567777994512 0.447787447827936 0.44004687656222397 0.44419145976711066 0.44531075816642884 0.4499597517210574 0.44365592635765827 0.43877212946259725 0.43871635872936837 0.44084453274949 0.44140102969260514 0.43959028758951707 0.44390177016565024 0.4473193797904734 0.44451931076111467 0.4463635456068553 0.4406817292697397 0.4411315841631157 0.43825808480493306 0.4566398314893185 0.43946898048420974 0.44037405269770347 0.44708706731594666 0.43853145666069976 0.44250950455146615 0.4405129146132082 0.4415602471444569 0.44069356035362206 0.4409823432868695 0.44525958760361817 0.4391061293829982 0.4678397634193642 0.43751823997439915 0.4408647984313011 0.4431011114236729 0.4414739962118876 0.44287191343796456 0.44881471160333264 0.44371053022143286 0.4498561403815471 0.4454696431369231 0.44375070125196714 0.44337591005523236 0.4422983549933071 0.44605605569811213 0.4433096803993553 0.44309836504778527 0.4403417384963832
45 360 0.44728230176004186 0 0 0.45028632492232457 0.4413369495259682 0.4427540133957016 0.4424604437679742 0.4461369268300207 0.4521422096596175 0.4419778062088172 0.44185650715908487 0.4515489961776968 0.4497268365533232 0.4407533969667549 0.45179609662317344 0.44390281305064605 0.4479274691952485 0.4490808597890394 0.45369765383752836 0.4476971482330645 0.4426704989441761 0.4426268552619786 0.4434032439054243 0.4439570045891093 0.44373955523087527 0.4477340008692508 0.4514348675287414 0.4486170284278766 0.4507891233724334 0.44459924061970163 0.44410175012640785 0.4419579923376264 0.4615796158868217 0.443047737506155 0.443884639086211 0.4511995133351092 0.44187392831600153 0.4465145532182397 0.44419018932344284 0.44490603755575436 0.4450635635753831 0.4448558413153712 0.44926093198386524 0.44290891688099715 0.47208008778763183 0.4414881036370187 0.444614425054055 0.44785272383585384 0.4451624263255046 0.4471302097151695 0.45272373087635587 0.44782999632410697 0.45399854224868114 0.4493891675845081 0.4476063496199553 0.447369355634335 0.44575842548820815 0.44997280935736134 0.44725235578459577 0.44656841087397664 0.4442253794358538
46 368 0.451293037764072 0 0 0.4543983851907366 0.4452347664127861 0.44666451211851305 0.44658595659223915 0.44997886840522083 0.45725368127135185 0.4457501126145659 0.4459922064921598 0.4546046797354503 0.4537361220567663 0.4445992550717088 0.4556616845955345 0.44784852230381406 0.4519344277358367 0.45344521219174866 0.4582412047009144 0.45175124891158575 0.4473580842328516 0.44673240209233506 0.4476961309247326 0.44737528101485136 0.4480298005077418 0.45171348997326294 0.4557338443373077 0.4531379843387666 0.4551481504709785 0.44845473659636376 0.44793784882091986 0.44602969361699923 0.4662885321771327 0.44692345318832283 0.44786913800857436 0.45462435338908946 0.44539399130406804 0.45052100447158977 0.4482241337955001 0.4487545209638529 0.4493145167888819 0.4486272422625229 0.45302942816073083 0.44684258537000304 0.47655417880870987 0.4452347710898685 0.4484754403433984 0.4524765016092188 0.4497966569470096 0.4516296640600023 0.45698980723520916 0.4526617366594675 0.4585922961218573 0.45345827915965603 0.45160492923231677 0.4514207008713078 0.4496637475578039 0.4539643407011589 0.4511221889972308 0.45066189225354175 0.44698527645070696
47 376 0.45460568324987555 0 0 0.45727496705601905 0.44823957879206666 0.44991213506305644 0.44957729085533626 0.45302504037486485 0.4622334864433907 0.4490120424849333 0.4495447371053188 0.4580509818200225 0.4570380653492341 0.44798598223423275 0.4591301259378041 0.4514681003073815 0.4550506876574491 0.45671341509927266 0.4616253390117657 0.4550476222006523 0.45077408949582 0.4496877227700644 0.4508335372212741 0.4505488002587692 0.45141195307246007 0.4551131883332138 0.4585988544629191 0.45700454206937763 0.4587211058565389 0.4516574040613529 0.4511937195615381 0.4492431480763284 0.469718994281382 0.450053120989974 0.45098586701965365 0.4580671548758414 0.44856936431000705 0.45425661890551305 0.4515381561606904 0.4517790587996473 0.45319341267242025 0.4519837609650612 0.4563664224874758 0.44888392574380975 0.48044621214608985 0.44851876790730516 0.4513635571542471 0.4560635742868217 0.4533261465540448 0.4547981612663262 0.46016410194191804 0.45644774742996763 0.4623758448798766 0.4562743388392157 0.4547049020598221 0.4548640485035622 0.45296451637722823 0.45727650296090644 0.4542389428503417 0.45416268481148286 0.4504285945872983
48 384 0.458148896141781 0 0 0.4610859887693826 0.45168360513624983 0.45348954939208597 0.4530603448450969 0.45597273223446366 0.46698276032151476 0.4526287107447417 0.45280078037232513 0.4601420525899195 0.46065976492435423 0.4514966783671294 0.46273932423538205 0.4549075622273422 0.45853241886417956 0.4604275622174491 0.46573648426881187 0.45905126056212864 0.4543076795671598 0.4535782210520353 0.454390417076409 0.4533116229790859 0.4548734567406051 0.4582754938773462 0.46217026160849195 0.46043273988768746 0.46206221607138537 0.4546616172873045 0.45462759754259746 0.45245461794767095 0.47354567005776715 0.45369452951402883 0.45485358117841335 0.46200271084378575 0.45189002797220224 0.456945180134995 0.45520295799070587 0.45531895418099383 0.45808843284954887 0.45536977655476746 0.4598493920957374 0.4523531453519266 0.4844974263959235 0.45246350285623116 0.4548190426980191 0.46006461567341517 0.4570353471027222 0.4582272416654739 0.46333977122616 0.4601206142990933 0.4665121942289004 0.45986592574970486 0.45842498315247343 0.4586696303517057 0.45644137523556017 0.4605717909736417 0.4577508143670293 0.45743149281475726 0.4539746760228807
49 392 0.4616270823995051 0 0 0.4646638605061232 0.4558556852580191 0.45679247185458616 0.45613912643165455 0.4589825783811163 0.47144784264438394 0.45623844903708616 0.4555834832675858 0.4638115151855279 0.46389992173556643 0.4548769630881653 0.4662913542979856 0.4587656145108038 0.46128665823530846 0.46363912895078696 0.46951950587113817 0.46249117599615774 0.45798483385577216 0.4575687850383417 0.4575508542848281 0.45767977171038177 0.4580874293442075 0.46158740289358413 0.46513617399110246 0.4635795278086143 0.4661344432744694 0.45805215855700254 0.4582495235777443 0.45568871876327116 0.4776617162507598 0.45693564618172067 0.45845512361416596 0.4655890497780865 0.45524469778274873 0.4606647004096184 0.458810471622856 0.45858389327210364 0.4624613382482324 0.4585094423784483 0.46299452802620994 0.4556252306163917 0.48803546416924387 0.4559930790473688 0.45833813665170675 0.46410323349742516 0.46069471000610823 0.4619471871467746 0.46682160773503584 0.4633719310202647 0.47040211675425836 0.4631087869181068 0.4620294843841114 0.4626618233702072 0.45985706138251875 0.4638372722412024 0.46101820918214476 0.4609836673859529 0.45747077928451474
50 400 0.46180462088501123 0 0 0.46498599236318583 0.45633187605482745 0.4570251206940041 0.4561725464682765 0.4589144731608437 0.472414951547825 0.45616111678281035 0.45557662742175703 0.4638484112704942 0.46408586429780596 0.4548209683653453 0.46652725390181865 0.459239171850213 0.46174085089469674 0.4632567572137405 0.4700197150772129 0.4627429788342851 0.4567600983475028 0.45773173276079604 0.4578160929238174 0.45786195601027546 0.4584808441993878 0.4615555241864016 0.46529251727618254 0.4634668531583694 0.4665688501833897 0.4580248532782008 0.4578442715912567 0.4553072667140505 0.47807922758478866 0.4570859723008714 0.4583602760149824 0.46593257208323663 0.4555063511199845 0.4609370512582598 0.45866738671060414 0.4592558780798998 0.462893916020314 0.45855659612465055 0.4630654610988634 0.4560580035966773 0.48813960999495326 0.4563209014308034 0.4585878398729827 0.4642973096716739 0.46079049389251375 0.46211111326612075 0.4670921486559519 0.4637654358966418 0.47093884656949203 0.4634132393132256 0.4620014650769246 0.4627104046818829 0.4601092595969136 0.46401372794103246 0.46123036105137427 0.46101342166589493 0.4572825928367582
51 408 0.46103414410955185 0 0 0.4645226661280093 0.45555087595896143 0.4561699981790843 0.4558862269651015 0.45820324507779464 0.47149744177904845 0.45509882807103136 0.4545334292812401 0.4626439729049514 0.4630247709865284 0.4539607692326661 0.46579882754583357 0.4585486772745198 0.4610970157772783 0.4623033517537737 0.469540079781352 0.4613984529548536 0.4559655375756526 0.4568512786177952 0.4568375505055865 0.4570138255729533 0.45796106244282747 0.4604810215319414 0.4637690436738317 0.46246175422188557 0.4667391825051557 0.4574096083860704 0.45733805047903947 0.45455915118405743 0.4772909219610787 0.45627421008676383 0.4575706620353658 0.4650195521600561 0.45504276451741166 0.46047096516553404 0.45787516821666796 0.45893828191165575 0.46248751524654375 0.4576990404093143 0.46175355045878247 0.4553203257742414 0.48739520826500093 0.45567766401579135 0.45793068876419823 0.46383349246883204 0.4601572116895214 0.461230911373063 0.46630145986937244 0.4634172672338545 0.4703647312961819 0.4626357571534934 0.4610943297889593 0.4620202601568782 0.459216185425788 0.4634363735818033 0.46031815972999435 0.460306348199987 0.4565513316737199
52 416 0.4594025711674294 0 0 0.4626106890646457 0.4537639262794493 0.4543622725146177 0.454322823719133 0.4570545708939041 0.4702596557752367 0.4535569327485436 0.4531757710051055 0.46103280208971953 0.46071405051079906 0.4522331190952507 0.46371929273829926 0.45707898685578924 0.45978639443827723 0.4606744196860516 0.4675751507049794 0.4598399304738541 0.454519343679193 0.4554630897432111 0.45498693478013513 0.45571289483540633 0.4563771293489539 0.4585410619756331 0.4624731184430972 0.4605012865823561 0.4655678087993566 0.45561475192015893 0.45582650009201775 0.4529964049016996 0.47504357005925296 0.4545413282506303 0.4560664829402158 0.4628804882164625 0.4533010395010034 0.4590877373412214 0.45641725805908934 0.45771353372285234 0.4607966231638358 0.45573398586191993 0.4600896852479016 0.4538562863065577 0.48571511900875414 0.4542535598676792 0.45601220687381794 0.46230977419816166 0.45900027127906684 0.4594252829444882 0.46430782342541127 0.4616968327594269 0.4687296543610921 0.4603966752835916 0.45929774956097225 0.4602238197063118 0.4578918437658696 0.46180298381784696 0.4585804571510447 0.45883451234790035 0.4549789968210431
53 424 0.4558785934955051 0 0 0.45901932363207804 0.45012739802835544 0.45005452509158944 0.45059754832674626 0.45362904741992316 0.46678836151987135 0.44989085797489947 0.44995914167703416 0.4579312659271821 0.45759854127562843 0.4485663044701154 0.45998558410654317 0.45367525407658177 0.4562936670679063 0.4569991618817662 0.46416507263349926 0.4560240100246062 0.4506850875554186 0.4516851110196233 0.45134528084621117 0.45240257745862095 0.45324630379785835 0.4549217405072735 0.4588122246713837 0.4568814543652828 0.4614716111668801 0.45216962737274147 0.45228533617516103 0.4498663430233708 0.47125334319215634 0.45139651323116037 0.4525298649029433 0.4595164389094872 0.44971667415048205 0.4554655933900148 0.45281316033021557 0.45454872205965585 0.4574853388241063 0.4521419221851091 0.4566943299683577 0.4502455045357777 0.4821247907597961 0.4506871681075256 0.4526776983242745 0.45948363002105613 0.455595865701328 0.45594026284174416 0.4604857650417304 0.4584634058194793 0.4638233495929431 0.45690021682069976 0.4556041893281472 0.45667095238221844 0.4543586410222668 0.4585254798393303 0.45535192155081544 0.45483306730561307 0.45139210023103943
54 432 0.4540346159109984 0 0 0.45718097822050124 0.4480988948571545 0.44819875804540255 0.4488259401656435 0.4523518469154008 0.4651122651225595 0.44874424317773237 0.44839298967024055 0.4560490357779619 0.45576891082776516 0.4467423278187354 0.45760140612243805 0.4518434279944079 0.4540063362220357 0.45480986288950415 0.46275780699666497 0.45442080500893184 0.4480813699562506 0.44954700163835626 0.4493323242363376 0.45079618654974635 0.4509588010761682 0.4534911766980758 0.4571048610527093 0.4549093505840057 0.4597326519984768 0.4500249511373466 0.44989950604555484 0.4478459464926103 0.4694194976268752 0.44967484060058155 0.45064970399057475 0.45776468957616284 0.4483415400899824 0.45398370603484467 0.4511580980670731 0.45351175588172393 0.455378274965047 0.4502030485574952 0.4547716397079841 0.44855491679497494 0.4803741694880691 0.4490171582531656 0.4508920922393872 0.45758027970234305 0.45400086576824733 0.4536286746093592 0.45852970662541137 0.456663037208313 0.4618186070727006 0.45502453594983566 0.453040598470091 0.4548064534661214 0.4527242985233072 0.4565250531783429 0.4528823828142991 0.45278992174741345 0.44956344687808414
55 440 0.45080474004373755 0 0 0.45389811018457016 0.44452098031251613 0.4450655701321749 0.445628879560286 0.44936193884910847 0.4620983381414645 0.4458908640782942 0.44533111700856226 0.4525461388496123 0.4526147174220649 0.44354444245940483 0.45432879045247265 0.44837494094698277 0.45057365315443165 0.4513408774416394 0.4593694584543322 0.4512392060156974 0.44473869650194886 0.44637030705265424 0.4461557739822989 0.4477478178607953 0.44764682467649636 0.4505027344872564 0.4539277334263789 0.451037363496527 0.45735470204294587 0.4463685896069662 0.44685472408172255 0.4441147216704537 0.4659899135713479 0.44601881799561854 0.4472140748056909 0.45450569749277187 0.44527794600409487 0.4510180482796119 0.44794204559942613 0.4505932679732464 0.45146480457331073 0.44725068844436117 0.45175620491550705 0.445331395783304 0.47692425640623937 0.4458170970973827 0.4476215407778092 0.45449847421968703 0.4508805536080917 0.45023295800166413 0.4549627062689499 0.4533048482916315 0.4583969041708674 0.45184394042418563 0.44995014600432864 0.4517865602108742 0.449612640103665 0.45330368723004993 0.4491650751268396 0.44963050627245554 0.44558245992137363
56 448 0.4459139995226559 0 0 0.44807721217052127 0.43969548109611134 0.43998101649362914 0.44126786368508564 0.4439886205809157 0.45777658893812295 0.4415483494881892 0.440210701735117 0.44743886823947604 0.44772470364691475 0.4388333020372552 0.4492098245890514 0.4435723131379213 0.445446553210575 0.44646172540002066 0.45384997704156727 0.44650095021313213 0.43991865311054523 0.44133134615021896 0.44138826496499783 0.44310891556301085 0.44250309562361867 0.4457043377787749 0.44933993665713207 0.44632115753257423 0.4530621367833758 0.44134516269874674 0.4419344427304727 0.43891913821755446 0.4609857591099728 0.4412455636086668 0.44248060515124155 0.4495197772810023 0.44064368799639575 0.446674889123679 0.4431206638871958 0.4457242765813086 0.4464529654765376 0.4417496337173582 0.4472155116556743 0.4397624617769678 0.47218167676473843 0.4409044289709942 0.4427266699026528 0.44952588431064294 0.4460972391771308 0.4452111142703647 0.45014719898007366 0.44827179034241554 0.4532213466537667 0.44684993812383933 0.44496484120031093 0.44617823580791777 0.4445609649947338 0.44822955152712307 0.44426503040735843 0.44482638735310404 0.4405908170983532
57 456 0.4396753755660062 0 0 0.4423034885902871 0.43356650614740655 0.4336756744989521 0.4352138564020823 0.43774301314016484 0.4513178821715431 0.43611246463715253 0.433669782761362 0.440890042880432 0.44169080777628106 0.43230525352944715 0.44309293996614807 0.43734908555859453 0.43898034246615164 0.44003481592803145 0.44803089582867883 0.4400580659986364 0.4335283346592127 0.43524552058634375 0.4352462494483194 0.43694795360741334 0.43638013657618174 0.43944412006126193 0.4427111885101772 0.4400271442714682 0.44709017357112535 0.43453806100059184 0.4359053394845775 0.43271233886137556 0.4545300827924654 0.4349650222585592 0.4362532044712032 0.442649462568895 0.4344757279369355 0.44092062319099695 0.4362398576914111 0.43908463461120834 0.4402653688257013 0.43576224568722527 0.4408721324722289 0.4335929742521686 0.4657827674381587 0.4347602182742946 0.4363809962674352 0.4430592657874539 0.43996153597837007 0.4388841339963633 0.44371469681265663 0.44163592381391487 0.4466635079998562 0.44034311582869384 0.4388968511688619 0.43977495399964384 0.43816838443925965 0.44203667177540407 0.4380680028736685 0.4387727354731928 0.43441875571969163
58 464 0.4348821818252286 0 0 0.4377974236140364 0.4294576173848785 0.4288185980468285 0.43030800075746173 0.4328157339443535 0.44646564747730233 0.4320863766311899 0.42865076466648255 0.4360309162556853 0.4368395909162632 0.4273095733892961 0.4383535117969172 0.43272394013387033 0.43418806488084916 0.4351222581641772 0.4431582463594407 0.4352675366205468 0.4284495901052887 0.43057404542885835 0.4303962849697367 0.4322529989770538 0.43157027758385796 0.4345347320127804 0.43796327126648815 0.4353261321729312 0.44260303426239433 0.4297240847544749 0.43103595829001906 0.42835729643166776 0.4494827904635304 0.43020227897160823 0.43117993338360044 0.43776869924507256 0.4293579913035909 0.4373727045688218 0.4314239952772565 0.4341608145004411 0.43576229927344623 0.43114072133385456 0.43533000472112643 0.42866141447171197 0.4604998878839859 0.4299748584121835 0.43141267437467506 0.43826983777882295 0.43480833264986263 0.4339629201637038 0.4388034273523066 0.4359056692745124 0.44064174162606945 0.43573489954158545 0.4341251978157983 0.43474916679357717 0.4336528005201985 0.43729691111867164 0.4330102457671828 0.4341787278187782 0.42940825941253546
59 472 0.43004733973428066 0 0 0.4324683367511501 0.4247793336379505 0.424185458477221 0.4252408061634306 0.427746170061732 0.4411778254112516 0.4282417985130896 0.42393447826232605 0.4311467361534882 0.4319765095236616 0.42281806720343584 0.43334659168965395 0.42775138456556855 0.42926532595658046 0.4304632394445346 0.43832690813963177 0.430420914914098 0.423501853422678 0.4259336391178323 0.4256553730433052 0.4270851185475769 0.42672848364438404 0.4287524786469699 0.43287537453158276 0.43035097740178424 0.43800587350323 0.42500191548186805 0.42604403399174384 0.4236784807877333 0.44450182755616635 0.424836036324138 0.42614819047010233 0.43290769522112876 0.42460478018156794 0.43317591386015647 0.4268983404619272 0.429140000645666 0.4310059554582355 0.42635986273729887 0.4304547855187186 0.4236389944149181 0.455403672326788 0.42533136870221283 0.42655721171846067 0.4334914857069708 0.4294143328307484 0.4289013666514346 0.43376880685557617 0.4314115337215056 0.43570631499523244 0.4316862532405822 0.42910423484783294 0.4299516136204422 0.42856895752133384 0.4324019042773188 0.4282641174011047 0.4294343950108849 0.42489997557829984
60 480 0.42582317683572624 0 0 0.4275949257598656 0.420518341033525 0.4198634976173356 0.4210025583680843 0.4232147591133536 0.43742787845796877 0.4248953385930663 0.4197337755358041 0.42699359332266124 0.4276801284716056 0.4187186610936381 0.4290638647431079 0.42339175052735645 0.42511192675262544 0.4260326392705309 0.43365906889857314 0.4261885985460771 0.4191201091850809 0.4211702055507514 0.4211450338676579 0.42284820023677105 0.4228456481993712 0.42446610745046215 0.4290775807606278 0.426175553160088 0.43413772077840757 0.4208839890338662 0.4218828968955603 0.4190995549793601 0.44007835396886635 0.42071079807643724 0.4214246921995428 0.4283142452533499 0.4202809978211111 0.42923611698703357 0.42252270083885984 0.42465082997073905 0.42687123011546163 0.4219963498571094 0.42602620515417144 0.4198289820485985 0.4512087798204736 0.42070869624347584 0.4219991228367399 0.4291911211912162 0.42518437423948113 0.4242281239344361 0.42963873856879464 0.42794766128974915 0.4311543094034753 0.42768172769710755 0.4249890241658484 0.42569883750542475 0.42450321808043595 0.4283648217355208 0.4238716231413962 0.42498948847165746 0.42054859379253146
61 488 0.42235560389611915 0 0 0.42412006015468956 0.4171894193014165 0.41577579848745083 0.417537876257617 0.419672765884335 0.43411069164627986 0.42190130115060326 0.4160808643230157 0.4236925145786871 0.42402501626673467 0.41549091214670925 0.4256978808878298 0.41964302028140954 0.4216427482707463 0.4226345138221897 0.4301118306518954 0.42278048513902355 0.4159325933704781 0.4175593804423112 0.41772802258736 0.4192212679350247 0.41931251528204444 0.42080987283811483 0.42555363092613374 0.4227590864981147 0.43067085948752604 0.4173627803534718 0.41857784422138544 0.415747869084108 0.43619303238676876 0.41712633820842565 0.4180891767321404 0.42486404037913733 0.4171626557213305 0.427094510847637 0.4191261661696549 0.420824328809468 0.42306740063690024 0.4184917444453671 0.4225394988601837 0.4164846441418251 0.44757925350454114 0.41724779254217215 0.41812512578304317 0.42570581308412825 0.4213367891339558 0.4207336581475658 0.4261250926165609 0.42497711094463636 0.42716572966544575 0.4245173658650366 0.42150862590233 0.4219663963673037 0.4205984416386525 0.4247031263527427 0.4207179360963068 0.42090086229960366 0.41651797406621743
62 496 0.4189138677789804 0 0 0.4206871044398066 0.41375536206187213 0.41222586427207125 0.41433981497553507 0.41583628421592134 0.4310946124662108 0.4191447131055527 0.41241204583303137 0.42028138221229616 0.4207134143037924 0.41207916862807986 0.42283905091009066 0.41620630242463746 0.41824753322553526 0.4192083701521642 0.42635357619382747 0.41930065785320986 0.41276163356710605 0.41380353875826015 0.41411613929756946 0.4160118387007072 0.4159813077379506 0.41734927590684284 0.4211953929911375 0.4192860986216811 0.42706613283532796 0.41424433994333 0.4150701762644974 0.4122698559004101 0.43238211289660305 0.41394341423117187 0.41455227683310325 0.4213621520654638 0.41357445962687367 0.42416547130905097 0.4154467259106755 0.4173373725086821 0.4192166095309077 0.4152094435852267 0.41908246347800465 0.4131422145416966 0.44446819037379465 0.41376836503126985 0.4140225454514249 0.4222466968066941 0.417731264526546 0.4173648392634834 0.4226250046839288 0.4218583052916769 0.423752321542849 0.42077680069594864 0.4180709616838643 0.4183797416646707 0.4170687191916184 0.4209877033064938 0.4175809959004223 0.4170712645677115 0.4129599953050051
63 504 0.4165602660620632 0 0 0.41817216632301796 0.4115253847224352 0.40959393680216016 0.41203601973642184 0.413077162008281 0.42898227797162836 0.4170154647009973 0.40993639079424443 0.417904247102162 0.4183541038154578 0.4097999789376142 0.4205678625298463 0.4139358306440713 0.4159947111118101 0.41684680861123236 0.4240145549220099 0.41684158624802126 0.41080916873463447 0.4115380173137733 0.41153277932149523 0.41361892384936555 0.41329036207733355 0.41489941164810146 0.41917473673240774 0.4166932004980965 0.4248747412882849 0.4117460970089295 0.41276724030038353 0.4096594468301738 0.4297433769404589 0.41165950308327814 0.4116645433978257 0.418941133230135 0.4112402902130678 0.42285259514468987 0.4130378665922515 0.41541409497401716 0.41738049020379464 0.4125869292416698 0.41672482712511416 0.4108896495668083 0.44190513163645384 0.4114227148170103 0.4116310241862516 0.4194789112090684 0.41506303221584706 0.41455533663878286 0.4199368794454528 0.41997302049204777 0.4211469943766094 0.41829959508761416 0.4159627157119344 0.4161934083405175 0.4148081420201475 0.4180391779769183 0.41521172199583367 0.4156483821539965 0.4107653789983072
64 512 0.4141687281317252 0 0 0.4159806630865201 0.4089438490923857 0.406930418483879 0.40985016790957723 0.41070366448319795 0.42698635141395913 0.41528468307883987 0.40736045872920446 0.4151249422536541 0.4154585490461832 0.4075925265154855 0.4180080288031982 0.4117809281885414 0.4136838549290937 0.4140524534581822 0.42163924643631845 0.41430085205746087 0.4085941053046881 0.4093234565229193 0.4087821674343906 0.4106885637483766 0.41092002490052154 0.4124418848353937 0.4167674309447077 0.4139120237005157 0.4222199409398331 0.4092101370611707 0.40995395449463795 0.4072878868741753 0.4270861900040419 0.40947903309042694 0.4097086831943818 0.416534048439722 0.40917776674849915 0.42103913778670343 0.4104826507866381 0.4130502381294595 0.41496568724859717 0.4104057987034653 0.4140789231148628 0.40894225234712667 0.4394564061359676 0.4089346510631228 0.40939072954030875 0.4170059714495924 0.41275152323140113 0.41179707421214956 0.4176507767463581 0.41782035134148393 0.4187676474134912 0.4158348689648683 0.4135304091237148 0.41348349534024964 0.4124332436156049 0.4158391498850274 0.4128604038252642 0.41359504312852857 0.4083888352810568
65 520 0.4148500243526031 0 0 0.41664253687315767 0.4094298936071923 0.40745836823383536 0.41064906367600945 0.4109668352214565 0.4281658135981942 0.41611959576403723 0.40815047132966614 0.4158663812398061 0.4157468215778875 0.4080812853450495 0.41891412749805157 0.4126059302128312 0.4141813458923345 0.4144239527161385 0.42181169042921707 0.41501963926426166 0.40950832382973223 0.40986071010717673 0.40946526204534195 0.4111420307950701 0.41154587439890716 0.4130772244748904 0.4174932450539399 0.4145848969180729 0.4221996403369817 0.40988608713568103 0.4108034301741883 0.4079230341652767 0.4281548968438195 0.40948273261091783 0.41039353273023443 0.416990741925982 0.4096121383121826 0.4224652878186881 0.41108923141249576 0.41373804648057333 0.41573171581724705 0.4110082165329957 0.41467271192059013 0.4110177268232208 0.4401522967289984 0.40947146106898663 0.40985987830267884 0.41757491560841226 0.41342947801760804 0.41251265167383816 0.41814471946973863 0.4186860837099741 0.41965792260525797 0.4164973145734072 0.41429472028880954 0.41433699499426774 0.41335018207856766 0.41627835376066025 0.4135426507343594 0.4150423791145953 0.4086748536664441
66 528 0.41484185748043145 0 0 0.4166556531788178 0.4092954774180337 0.4078419670365675 0.41058433519671467 0.4108477078618909 0.4287179549089003 0.4166643282419298 0.4075399343236003 0.4159662550762228 0.4154984178465629 0.4082981908664397 0.41873293144817747 0.41249269324518345 0.4142891837910907 0.4143298807775957 0.4219312141632964 0.4149141363401225 0.409221750857022 0.4099020076906613 0.4094205705464806 0.4110321086208109 0.41144502359255136 0.4128299379386149 0.41743931506917903 0.41470338484966396 0.4219739157772641 0.4096348758737384 0.41076583162090674 0.40787005850381775 0.42799811198022686 0.40917884011117817 0.41058840962220816 0.41652417430775396 0.40953362045857994 0.4229213605334775 0.4110028401507501 0.4139508184623668 0.4155678101638784 0.41098207695386507 0.41476136115427037 0.41249324361486583 0.44009773122226276 0.4094945586921575 0.4097866766612134 0.41742297312092086 0.4132699463374618 0.4124952185629275 0.41777163612496093 0.4187925081804721 0.419468614104748 0.41650684355374457 0.41426614480171664 0.41447751869049104 0.4134220728447133 0.4153400784924866 0.41371049097169144 0.4154253199951897 0.40847909894843826
67 536 0.41421867805911455 0 0 0.4161103630704202 0.40871610653575885 0.4072323486286378 0.40969338154523594 0.4101002941264254 0.4281986692414693 0.41631059953272564 0.4070435720837286 0.4154707454651017 0.4152047433050336 0.4075638543108947 0.4182585277204525 0.4118057005935971 0.4139112708331349 0.4137093855925284 0.42125829505931356 0.41402824448768744 0.4086312623183009 0.4092833435489575 0.40864098029087387 0.4100161021857367 0.41063283687366936 0.4124065424116966 0.4167228594279813 0.414137719299139 0.4212676105529254 0.4088642261836134 0.41021296353088654 0.4074065622971118 0.4269563051875651 0.40829868448611156 0.41004847548249196 0.4159051863698654 0.40906805547071007 0.4224579401156248 0.41046687229521767 0.4125749947518194 0.41487843843931066 0.4100458637649099 0.4139063374689288 0.41306987800721423 0.43902164087502554 0.4090271684412725 0.4090284787062746 0.416889465864112 0.4126592719530176 0.41130020592638106 0.41638599924295905 0.4180052117143422 0.41892973482056195 0.41615432831126137 0.41325317723038635 0.41391603343464634 0.4129422158189391 0.41467212454428365 0.4131639630863448 0.4153778066128249 0.40768977015738045
68 544 0.4158163279463635 0 0 0.4176440089035924 0.4099054386397723 0.40863038365681237 0.4116615422236697 0.4114094588695659 0.430144623076896 0.41808236605021604 0.4086017097219211 0.41694188668519705 0.4165737337729942 0.40912868844469635 0.41948134781489266 0.4137395299996551 0.4160757169948136 0.4152352900688441 0.4225185504360405 0.4156738289582287 0.410130969336493 0.4108462177313687 0.4099583079714441 0.41162383856090684 0.4123716030351619 0.413952072423179 0.4185997672501591 0.41594469432866965 0.4226529119423828 0.41021485417300607 0.41165567603052033 0.4087977928667981 0.42866456114440754 0.4096256257962624 0.4115291251603239 0.41716598996545307 0.4105289987756871 0.4252028355748686 0.412088174838131 0.41434873356503493 0.4167012497696572 0.41175923744875415 0.41523041927940324 0.4154948819401752 0.44073597326212893 0.41101025570666105 0.4103685441524808 0.4185884852520944 0.4141269245631142 0.4130503642999078 0.4182229897163742 0.41976019145514665 0.4210672529052996 0.41771794802801737 0.41479123282214575 0.41569786157727473 0.4147820433640479 0.4162775985995667 0.4151375270400886 0.4174037933207987 0.40885471444761196
69 552 0.414529614618057 0 0 0.4162668583765384 0.40854704863103675 0.4072976997446309 0.41019701870115804 0.40995422823332306 0.42873466419493755 0.417304589419066 0.40728248740716266 0.41572184361666426 0.41559901272141786 0.4082656482739245 0.4174993856326162 0.41199614769187487 0.4149972395621564 0.413734391054353 0.4211590266962174 0.41467137712314056 0.40880174793391 0.4095796237377694 0.40842681378224105 0.4100804298182265 0.4110246062779532 0.41260616700250247 0.4171529197087324 0.41455948732225417 0.4212201264389469 0.4085877331467034 0.41009557225101545 0.40753971548352924 0.42733752924555374 0.4081631208678127 0.4100670887263747 0.41579390087807216 0.40937720973038116 0.42475872746625354 0.41048077427937146 0.4131782229181541 0.4155153530597716 0.4105518946747777 0.413889813018623 0.41491899920919173 0.43906812552299007 0.4097892834101647 0.4089357949623929 0.41641308383227005 0.412701945403422 0.4115120915340086 0.41684961797094133 0.4184486635008892 0.4199781481361107 0.416390795016622 0.41358657529239873 0.4139962987537928 0.41387290005665156 0.41495009944961997 0.4137105290749043 0.4170023118454026 0.407833409160415
70 560 0.41374177429515774 0 0 0.41495961790567487 0.4078143141139463 0.406490160958171 0.4093581484482079 0.4089263620939723 0.4284331232979486 0.41664073684759473 0.40660086102814025 0.4148964874443093 0.4151065200555548 0.407542418918572 0.4169571468077372 0.4113715863775693 0.4142086687869177 0.41306625729606394 0.4196884157012719 0.4135948490790337 0.4079648761408783 0.40849681939631666 0.40796962199537945 0.4094628837009661 0.40989187457471116 0.41192001917825777 0.41636216171235463 0.41392792428006253 0.42014354907915025 0.40786973241146895 0.40900910673062285 0.40678533396277616 0.42654160384865003 0.4068601864304607 0.4093013258242281 0.4144791701410263 0.40799310561937735 0.42387773971051596 0.40959238400050163 0.41251885019761286 0.415131350248711 0.40996256823606203 0.4129326776097653 0.41483829614127465 0.4384577926122533 0.40907883542418366 0.408276311122918 0.41578622356705375 0.41211403671718877 0.410887755785672 0.4161307685519066 0.41768725435447857 0.4193954681913488 0.41517000979270646 0.41249970593612906 0.4131615501458159 0.4133249871781857 0.41421748496292604 0.41267689633974836 0.4167675934850266 0.4069909224974852
71 568 0.41193611011152675 0 0 0.41310507589183987 0.4056253415927511 0.40482947529794433 0.4075690359373372 0.4071063368441786 0.426621957159952 0.41520341466928995 0.4047429076566949 0.41295814188521157 0.41356727161763485 0.40561234638604127 0.41526124147966614 0.4097906034969237 0.41254337504759825 0.4113137420076728 0.41797643677557866 0.4116889025892682 0.40601273240355956 0.40674949200463234 0.40582099811108996 0.4075420902943083 0.40835965170208954 0.4102593317845819 0.41464027140874676 0.4125044052422715 0.4181773880795612 0.40610751013157925 0.40667881162117314 0.4051394004907555 0.4244259287042518 0.40460071619080074 0.40751803332389863 0.4124751397057892 0.4061374272561608 0.42255233123199853 0.40829412697590395 0.4106955278328374 0.4135338767273164 0.40787372374330777 0.41103872295282806 0.41357329712232965 0.4363607133665086 0.40734157479646593 0.4061497397224811 0.41385093680482843 0.4101577394210759 0.4091672199774602 0.4142791057086256 0.41584288822385923 0.4173736368940924 0.4133104634274757 0.41081314643414024 0.41114860064681474 0.41099975986777604 0.4124347711427261 0.4107557798006866 0.41524564435961797 0.40519115591357796
72 576 0.41175739437191194 0 0 0.41271730598103085 0.40538342597830457 0.4045831553975996 0.40696125524920534 0.4071705508052746 0.42601672118435996 0.41513313040684224 0.40429290738866897 0.4130017967265809 0.4148751705612883 0.40533663130001135 0.4154125945899269 0.4095196219221793 0.4122336060038753 0.41093624851861527 0.41813743446377 0.4113910895403016 0.40533809938372356 0.40639171964407045 0.40622471246789577 0.40794184197675454 0.4079776072595928 0.40990148138532245 0.4143640493643262 0.4127691823577345 0.41820789510440953 0.406080595351545 0.4063893359185536 0.4048500139069057 0.4244024030742464 0.4045097964830551 0.4071329297487312 0.4116976887864051 0.40577294460574664 0.4223830349928762 0.4083894219544317 0.4101089099823117 0.41331004004916044 0.4077369361778461 0.4118658626063433 0.4140950696876824 0.43616609681047536 0.40708259979786404 0.4060619024415171 0.4135452652366358 0.4099298437903829 0.4089836378501723 0.41358302543077374 0.41564927226488635 0.4174640764385108 0.41280615010613947 0.4106315652921535 0.41133116327702973 0.4107933524931801 0.4124498364395658 0.41055119107796656 0.41468633063750066 0.4051530255461455
73 584 0.4134029863798171 0 0 0.4144909763268607 0.4068842113511144 0.40637143572173673 0.4090042724817377 0.4088314483586352 0.4271527482006698 0.41643443839871797 0.4059527065674469 0.41459552833834273 0.41733549209899906 0.4069215578360355 0.41737641133277475 0.4112563365989859 0.414280057264292 0.4122919733699398 0.4199851633231742 0.4121310024369879 0.40668720778820205 0.40814786205454207 0.4071266076389288 0.40981357093101 0.4097066176898364 0.4114013854089321 0.41592253645689115 0.4151412361174756 0.4203040715653777 0.4078126889781608 0.40817502219799146 0.4062812676796598 0.4260855850151646 0.4063284232195795 0.4086374504330139 0.41374125070002454 0.40714801671285067 0.4240049772660662 0.4101699045693516 0.4115821867734017 0.4148299437653471 0.40937691001884524 0.41447926156957704 0.4163374787948569 0.4379130508339955 0.40831169311956095 0.40788854090002147 0.4152086349769894 0.41108226819543175 0.4107163207402037 0.41537707400091345 0.4173084981649201 0.41928316761963824 0.4144972861249026 0.41264133593072216 0.41310905894168826 0.412330211255479 0.4141684882556273 0.4123738017862407 0.416319769814432 0.4067089290591221
74 592 0.4147106366969936 0 0 0.4155920434346388 0.40823102752519635 0.40756528276948295 0.4105553302263955 0.41010387859255665 0.4288359991827964 0.4179162305879001 0.40718079791552575 0.41584787721806393 0.41970430453553065 0.4078999419404595 0.4187640174507765 0.41272082806661714 0.41619702353862204 0.4136504951542672 0.4212199159022033 0.41332672481209 0.4079917932262751 0.4092328354082983 0.408357405363435 0.4109064036427682 0.41091889864738157 0.4126711111241594 0.4171867665344381 0.41712142174964517 0.4214007701170339 0.4090724876512141 0.4094827562974562 0.40715554023092615 0.4271257615391043 0.40784860063980793 0.40977062858596003 0.41471022740137786 0.4081852872699543 0.42551456101027 0.4115334465299417 0.4126040969445084 0.4159623161072974 0.4107070733666316 0.41613868853851366 0.4182178218613812 0.43908357719082824 0.4094168658974943 0.4090135995581409 0.4164601653366308 0.41239192665046775 0.412301247900441 0.41677277065659285 0.41847545323851926 0.42095116367679836 0.4153556435152798 0.41409593260608 0.41387508307733895 0.41365915352365873 0.4154496678499076 0.4137586568513722 0.41759770579386235 0.40808968437472787
75 600 0.41497892655157337 0 0 0.41643968288573824 0.40820909236167063 0.407873107240373 0.4108664660120946 0.41030809497513376 0.42901919159315804 0.4181940525799367 0.40728103320052134 0.4159597142896465 0.4207669497207626 0.4080524724366833 0.419372580107332 0.4131424294188568 0.41681872414424553 0.41327587542703764 0.42117615456068896 0.41403402852546234 0.40830704400774825 0.40959867641718556 0.40862486098558387 0.41150477633069593 0.41101473423669654 0.4129996630391 0.4173471306279638 0.4178436965386179 0.42129819346036446 0.409517416187936 0.41008272364115345 0.4075755657188063 0.42753044552439007 0.4079337669548204 0.410249995852759 0.41465464112465855 0.40792194361479767 0.4258362063381981 0.41202293625144304 0.4126811576409892 0.416180231623805 0.4109749144456844 0.4166717777689824 0.4192283356416922 0.43916746148887537 0.4094113427690935 0.4093572896308241 0.41675849024450595 0.41205415254701694 0.4129048183358851 0.41705809855063625 0.4188076011388498 0.42164729822072927 0.4157590004852646 0.414274081235267 0.41389992237540274 0.413896060771957 0.4154664771790182 0.41411739866472397 0.4174702959519086 0.408172884120376
76 608 0.413152553551914 0 0 0.414739571787848 0.40654409955484216 0.4060328506144342 0.4091080636427224 0.40849470207208805 0.42702793524750726 0.4166468523380774 0.4055114699228537 0.4141199906936965 0.4199948744933648 0.40650606454897886 0.41718999644206534 0.4103812195427004 0.414793539271954 0.4112253082551043 0.419374758398166 0.4119782956478109 0.40640141302517313 0.40830924989961376 0.4067307212411703 0.40954495075457764 0.409213064806487 0.4110864085090772 0.41566093423808304 0.41639911531817275 0.41915505068355147 0.4077581054273719 0.40846279397905455 0.4055166648817606 0.42572254726884334 0.4057650950040882 0.4085525209656586 0.41274465076713207 0.4061212686456891 0.42334963636609246 0.41051623685610317 0.41075239574273426 0.41441437144245935 0.40915570202281704 0.4152769239256174 0.41788945976090863 0.43706532111601365 0.4073867429458292 0.4075506052376677 0.4146710382128008 0.4095756382630942 0.41149300361953917 0.4153708907711309 0.4171228980544905 0.41978669514410766 0.4139527081862961 0.41264991471957113 0.4123237181996487 0.41178454529071756 0.41326171475151535 0.4124476120590334 0.4153725583390913 0.4059065662624562
77 616 0.41069101568362365 0 0 0.41206713257856353 0.4039876909208347 0.40361423790973316 0.40627841546939153 0.40622490131258127 0.4245818590169758 0.4142175314903738 0.40318501857472555 0.4113227883455268 0.4181549719198963 0.4042234727134125 0.41489971242850654 0.4082050588252435 0.41243733978670577 0.4084893753741478 0.4171107766045606 0.4091562696668522 0.40397067093091543 0.4056985050484542 0.40395067649885946 0.40661537216700816 0.40667333538798306 0.4085309774409652 0.41294966638207964 0.41386636632014995 0.41654029953441807 0.40526504589954415 0.40624122776025057 0.40320732952503197 0.4237445936039751 0.4035183467018113 0.4063552023013779 0.4102628235820418 0.40375974990846314 0.4206577870929483 0.40814310669277526 0.40833193524703887 0.4119419689485623 0.4065221541551419 0.4127810188172462 0.41613562310694735 0.43442958553386934 0.40490210428076684 0.40501750086772764 0.41116156214796007 0.4069543131138958 0.4092908138581523 0.41275703186654866 0.41469698397993826 0.41715038431113954 0.41148641435799993 0.41004497309471216 0.40994734277237993 0.40917479479047547 0.410911979207961 0.4099122715487498 0.412698031350047 0.40350280916108905
78 624 0.4065036083551789 0 0 0.4075733064869673 0.3993945902048027 0.39958724746193514 0.4025765153215049 0.40167876364133126 0.4193454692183114 0.4101224728669577 0.39904828022226874 0.40793601011401415 0.41453119100860986 0.39978574677332473 0.4107567010088199 0.4037987104953855 0.40835150285583127 0.4042641781990517 0.41305578843849566 0.40458313058890183 0.3993255066140356 0.400814048313187 0.39985467341170394 0.4025913536353385 0.40236864116426685 0.4039774575299138 0.4086426985046714 0.4095685103029021 0.4122037555278334 0.40115602040642817 0.402226836859513 0.399009937319219 0.4198185027398158 0.3993525498494146 0.40201005672443735 0.4061085203113391 0.39931599680469576 0.4166124773795948 0.4044075009632115 0.40406437810650736 0.4072518359129822 0.4023129951277628 0.4084975966802023 0.41243072362668043 0.42988306001351406 0.4008515833541979 0.40091539336107757 0.40695047461804806 0.4031493324414554 0.40516029091446587 0.4084966417849661 0.4103786018439167 0.41266152988246596 0.4072542808771348 0.4057216062604755 0.4057232563965418 0.4049867376643034 0.4068287515008458 0.40564112260946067 0.40863972597495607 0.39937795646283714
79 632 0.4019245881245343 0 0 0.4030976745082539 0.39543405835168366 0.39485406362794095 0.39788184323839343 0.3971299750648923 0.4140557156939577 0.4052952442352841 0.3944837785948537 0.4032549426092875 0.4106122445441181 0.3953503393423186 0.40599304999805086 0.3990710402564424 0.40369927904372965 0.3996667538133817 0.4085090226346281 0.39988375035486307 0.39531381340230587 0.3962537861537809 0.3952511859880048 0.398260724238767 0.397731167462918 0.39875450182154804 0.40391600516309434 0.4050954534525799 0.4073025411977034 0.3966386980063629 0.39736968327831673 0.3941081129648951 0.4152083383625234 0.3947227124661127 0.3975041937057896 0.4014519920533853 0.39485257850048805 0.41205629520870596 0.39964289860187585 0.39944408344317867 0.40214131572977224 0.3976295553692128 0.4038386146043003 0.40782478047663573 0.4250275669486658 0.39628986733844335 0.39653240621657737 0.4023744201894977 0.39857639312672927 0.40075171363514045 0.40399094689271575 0.40556179267527315 0.4078577252019496 0.40238721210199535 0.40077564923140524 0.40129052825531664 0.400531800206755 0.40214619545991287 0.40121798989020196 0.4038526301316392 0.3948529161722723
80 640 0.3975961292039235 0 0 0.39841453351986456 0.3914097711705584 0.3905128669323885 0.39355157315673295 0.39185570136968323 0.4093650864824836 0.400844830873844 0.3902110289848011 0.39802937353478535 0.4065555289741026 0.3913155306042676 0.40158895882294326 0.3946609628453402 0.39935634965313316 0.3953456090916554 0.40418773840010563 0.39553442978670866 0.39102075568954775 0.3919709217982442 0.39106117469812546 0.39411982715939714 0.3933917969424478 0.3945989103963909 0.39954691029172296 0.4011282717649974 0.40289880319723276 0.3922594706733609 0.39304243283548534 0.38980611228876855 0.410716764214382 0.3902866831562532 0.39301035737079093 0.39739418564946005 0.39065949412847273 0.4076979113253284 0.3951713289981365 0.395103694667164 0.3976894714466026 0.3930377857036071 0.39899781479790714 0.40378243761670973 0.4205627380032777 0.3920443568240954 0.3924799585263263 0.39818821889789346 0.39423156385996794 0.3965177426974743 0.3996258820083831 0.40117279156960967 0.40353733425602506 0.3973879637615184 0.3964426320513195 0.39684138250356243 0.3962972010577606 0.3978296388171152 0.39658272487106117 0.3992695860892931 0.3903068279862998
81 648 0.3930432093715944 0 0 0.39403115622804136 0.3869659000528829 0.38567818837058654 0.3888329668939163 0.38717654600520857 0.4048318115565016 0.3961793527710126 0.38560144289478665 0.39335554866145855 0.40215408262357716 0.38668799160247647 0.3969483646612138 0.39009046619457055 0.3947355715616783 0.3908284239621538 0.3995456526992208 0.39095499073897383 0.3870173355113467 0.3874714247655268 0.3865282868496078 0.38988847930701115 0.3888555865407132 0.3900006469360998 0.3946385809786979 0.3961318985516549 0.3983004040844201 0.3876596819106227 0.38826524915793215 0.38528174921937486 0.40628481409813455 0.3861752228058932 0.3883825891041014 0.39301739383090717 0.3857172933551149 0.4033711319745515 0.39106244262503836 0.39075212802892045 0.39318350876910013 0.38844593420108225 0.3937208679072699 0.39929946672602856 0.4155553553308784 0.3872611218799569 0.38814149577356816 0.3935811144542769 0.38913633953519233 0.39214511560513743 0.3949283765287872 0.3965096167507631 0.39883544031642176 0.3929203036352174 0.39190386369863583 0.39222872757136346 0.3915846594998431 0.3932795641223844 0.39157895289727596 0.3947390852294461 0.38585856991612966
82 656 0.39038106874280826 0 0 0.3911997139245374 0.38438455986615216 0.38299828693981053 0.3860899268063005 0.3844749972028751 0.40235170359023076 0.39362160229262955 0.3828825363955566 0.39084404079349483 0.40027545701025635 0.38409964936531316 0.3938838785143663 0.38750810956140236 0.39178269693889906 0.3882850073900589 0.39693937471294255 0.38836398925134724 0.38436945190936117 0.3848919160815068 0.3835806528831656 0.38703922504950994 0.3858520691444856 0.38700688104958864 0.3920991485124749 0.3934026474267715 0.3953236628344049 0.385506053409047 0.38544604776813557 0.3826758106231957 0.4036391594620953 0.382838698296458 0.3854981848433409 0.3902900012912789 0.3830508988261032 0.4008539977363202 0.3888985740540798 0.3884108080610368 0.390750374887779 0.3858530043243575 0.39065785472006354 0.39707942457768475 0.4126696771119767 0.3847227214910024 0.38573479068331246 0.3907585441204617 0.38637348860005116 0.38947709595637425 0.39226953671097725 0.3935883073802293 0.3960957626781589 0.39033871086437355 0.3891688001219653 0.38946754602356626 0.3888701118059679 0.390356831610844 0.388119099038634 0.3920952762623508 0.3830156299007967
83 664 0.3870791298548957 0 0 0.3876166262654746 0.3811005026668496 0.3800420693853196 0.3828040259230966 0.38115199815498996 0.3989427058973231 0.39007051983293983 0.37976759224541307 0.38762502069070914 0.3974921665914348 0.38043821795884525 0.3905934481222972 0.3841975127608641 0.38845117881392077 0.38493680101467576 0.39360344071553927 0.38529928793210233 0.3811358034364947 0.3815864827141139 0.3802085400847194 0.3837347568847837 0.38264894671317146 0.3836401429539634 0.38866761764028557 0.39003003221365296 0.39205327413835966 0.3823882253309297 0.3820097296574259 0.3794497664900644 0.40032114226346893 0.3796827606888691 0.382223100328787 0.3869377034740144 0.37997688474715563 0.3977806998254841 0.38547030135629473 0.38524652191648 0.38776891946168157 0.3825305404409003 0.38733551743125744 0.3930314325530804 0.408735564885468 0.3810917034416908 0.38220024283995824 0.3878324691773451 0.3827987684410242 0.3861339007132727 0.3889657695442576 0.3900408937239675 0.392835325533641 0.38626826863500885 0.3853639040268134 0.38592167376856334 0.3855236050251974 0.3868982036650285 0.38483817739660686 0.389116993544741 0.37987701974736426
84 672 0.3851660870473441 0 0 0.3856968968070598 0.37924663962420246 0.37843380730433707 0.38114971714316853 0.37910402768928736 0.3966870323737495 0.3880286179596131 0.37731952715881983 0.3855955379891911 0.39583507392376555 0.3784083915225572 0.3885821361502228 0.3824992939559261 0.3864303837196617 0.38323470613038313 0.3912302209960443 0.38316827621114025 0.3792192389220069 0.3802082261244446 0.37827560910872665 0.3817555640835105 0.3810327873214821 0.3817290757540597 0.38666703109271944 0.38818049226927576 0.3898093499628252 0.3806385958798098 0.38020766029550673 0.3774822268583408 0.39849533958605104 0.3778111065817859 0.380173004017809 0.38517771964266095 0.378001888356259 0.39598189508812315 0.38335888332446594 0.3831477080831871 0.38584375973600843 0.38049026667383234 0.3851885518096035 0.39205033057554395 0.40656248976836373 0.3794269173919966 0.3805559240979835 0.385738328389147 0.38047931616841707 0.3843822209183788 0.3867506470207444 0.3881230192708504 0.3907383753520095 0.3846656710460967 0.3831966074931256 0.3836115721285806 0.3835833084709915 0.38497168850305213 0.38318876681630026 0.38744260189268587 0.37790182126206084
85 680 0.3866742282000089 0 0 0.38714889453603357 0.38072448897890143 0.380356833159886 0.38243904241938637 0.38037194259021917 0.3983580808987144 0.39011272567491456 0.3788223713961638 0.38710828340651676 0.39831032878459915 0.3795831689435273 0.390055816117134 0.38439941018395885 0.38786475609924503 0.3843285838726006 0.3924723878721242 0.3847282661191099 0.380675935397341 0.38200749788587973 0.3797447456503359 0.3830545887482862 0.38266964101656986 0.38341557044291597 0.3881811640628834 0.3893053356110486 0.39112557183621616 0.3825979496288946 0.38199671605680857 0.3789069593375587 0.40023532908860104 0.3793771609781095 0.3816910677659117 0.38667973936410666 0.3805099297411072 0.39766177014912535 0.3853047011507956 0.3846497254743679 0.3880022387954352 0.381863575183314 0.3867399799511317 0.39355214363633395 0.4081665404924231 0.3807949025951237 0.3818185886915317 0.3861351143561415 0.3819872362474137 0.3859293955239864 0.3878151170446028 0.3900122086289636 0.3924852353689694 0.3862704116342146 0.3847487647436284 0.3846340829385103 0.38498465589311515 0.38652045224048825 0.38490913931495185 0.3888083878070531 0.37951526938114183
86 688 0.38708792436293515 0 0 0.38741566648195797 0.38107048471785876 0.3809461742222181 0.3827347866542916 0.38029165304537443 0.39893428622840954 0.39108786196446793 0.3785041265987964 0.38738780378451676 0.3999256901953838 0.37994379000514367 0.3903120509391778 0.38480070849733977 0.3879952441839194 0.3848628063940846 0.39270174773235456 0.38514135631150803 0.3811186744973234 0.38258543171553805 0.380010360336918 0.3834180408828358 0.3830820072749805 0.38381680994639816 0.3885532210941352 0.38983085178937954 0.3913477607706624 0.3835231964034811 0.3825675398062802 0.3794138318986622 0.4007400758695412 0.3794605773993269 0.38233955039522177 0.3871451069105684 0.3815640957996354 0.397730675465463 0.38565664364736624 0.3850491206284709 0.3886507120783226 0.3819802860964738 0.3872003065711442 0.3939369053031353 0.408540252969333 0.3812301568016845 0.3819256946389079 0.38654513387088796 0.3824460412361086 0.38565172647850215 0.3882677902146774 0.39064289765600024 0.3931044832187553 0.3866175850498731 0.38518851341670574 0.38478161216427553 0.38545673346342596 0.3867163711853918 0.38535499015993524 0.38966270874925946 0.3795768025498631
87 696 0.3878375158940391 0 0 0.38804114352602387 0.3814990953986458 0.3820989689573927 0.3829527083279469 0.3808072957584484 0.3996929007756014 0.3924584344760486 0.3793689357406751 0.38780838042709115 0.40193548177586474 0.3804778952264642 0.3909091565296323 0.38575023208177767 0.38870110984396306 0.38555426015334 0.39288552104540153 0.3858242580273156 0.3814631017980605 0.3829753130278683 0.38074420673406273 0.3838121848998558 0.38385931478757 0.3843527825304571 0.3892105063173591 0.3904349806742275 0.3922320015321234 0.3846062312585824 0.3829196129669296 0.37999625353435373 0.4016498571789036 0.38019757679446076 0.38308503471021227 0.3879321670510259 0.3826331853337775 0.3985214236256915 0.3864361980005668 0.3857718828891922 0.38981190227257667 0.38251197638197154 0.38784298233407677 0.39463164560419245 0.40941214465863107 0.38276679489741167 0.3826096856492893 0.38771731783669977 0.38335653734404695 0.38648815367279493 0.38857184111493676 0.39134380690815657 0.393882754422987 0.38753644281931443 0.38569122767766495 0.38523094100510596 0.3861407025469199 0.38741583900223187 0.3863016289136873 0.3905662235785755 0.3800389117109709
88 704 0.38908759007688254 0 0 0.38968633419375404 0.38237966595951167 0.38386465869261277 0.38374591882198755 0.3819071495032463 0.40071700063791676 0.39445723003349265 0.38049236520323776 0.3892760876272376 0.4040716512035492 0.38200731083546774 0.39162023967266385 0.38693172863363534 0.3898630747384738 0.38654090129075575 0.39385761342418507 0.3871217426333082 0.3827727546872743 0.3841866009284377 0.3809697372819103 0.38492099849016503 0.38494970324115924 0.38543979687192287 0.3904314167550559 0.3913171176316526 0.3932431524864329 0.38606315267488245 0.3844975886269254 0.3812130414447567 0.40292424986126163 0.3813403785302144 0.3844449034826509 0.38930307541403847 0.3841978204044047 0.39954876654449484 0.3876393943446748 0.3868728004495654 0.39129525527623327 0.38389495739742535 0.3888314366812789 0.39604781297043895 0.410896299341002 0.38465748378323733 0.3839300646060429 0.3892583012861961 0.38480425356386205 0.38746831947616567 0.38979055561950154 0.39255701402449306 0.3950336297841555 0.38841825637220156 0.38709373196650526 0.386643818801493 0.38747452813668326 0.3887631083142173 0.387697987144053 0.39180719092724825 0.38120983302314865
89 712 0.3904145154809739 0 0 0.39106218539075815 0.3834572426947089 0.38513862354530504 0.38469132700626735 0.3831118899839102 0.40212325063250987 0.3963229432932413 0.3816651035345622 0.3909976074585147 0.40608141208914567 0.3834094712653101 0.392991287977504 0.3884221283453085 0.3911743855830916 0.38797223381269424 0.3952285983428575 0.3885673946986288 0.38435551077479996 0.38526871794936624 0.3815316195565502 0.3860092975461349 0.3860920078283272 0.38696666093998694 0.3912352952142098 0.39234998511400093 0.39471440091307575 0.38735152946170553 0.38605714631673477 0.38238895682060503 0.4041950257650045 0.3826237456422385 0.38543746131456524 0.3908543086454044 0.3857980304380669 0.400721535377222 0.38855838512940677 0.3879250836479386 0.3933156616032188 0.38501875972869587 0.39024911157787767 0.39745971119573337 0.41215777848361795 0.3865289342183768 0.38534182672498934 0.3904218033437799 0.38604913757068615 0.3887967810659351 0.39087255786209507 0.3939792038681946 0.3963379638901804 0.3896213177332509 0.38834119435974485 0.3877322322333188 0.3886792384101245 0.38981456155786354 0.38914880974375504 0.3929063095594531 0.3823135931102881
90 720 0.39334802280178993 0 0 0.3941005999865493 0.38647638780502214 0.38871977755460607 0.3875301725732934 0.3859077826312536 0.40536728366069164 0.3991227668649672 0.3845886329917609 0.39307670640944203 0.40994031416194504 0.38635670903244457 0.3958521344743758 0.3913771960141398 0.3943387468373598 0.39112939190765184 0.39826161712330405 0.39137357123923083 0.3872771343890442 0.3879520018445772 0.38453053032303314 0.3887335666196265 0.38889739603406126 0.3900588758344642 0.3942122712680812 0.3954831698270984 0.39741562360528354 0.3903542942592266 0.38936699164992994 0.3852828919271205 0.40719048631233 0.3854079214323422 0.38768659620146734 0.3937972972200405 0.3887552548531366 0.4038254676123739 0.39136698410754034 0.39112104122708347 0.3965837622435385 0.3879124047037543 0.3932991960664365 0.400496209551853 0.4151392060476019 0.39022809252691537 0.3881479648343797 0.3937244611715765 0.3890279154126199 0.39162025897805125 0.3937448635147962 0.3968329444981529 0.39910278499308677 0.3926731525566136 0.3913667048457819 0.3910050620402392 0.3914408453473306 0.39255288519854364 0.39223450263423476 0.39593760657268756 0.3849981478449338
91 728 0.3940554106520886 0 0 0.39479182120380596 0.38681505056637105 0.3902155682128364 0.3883759848473385 0.3865464848230919 0.4061707379180588 0.3998082996933618 0.38542521569432203 0.39379331705947423 0.4109776824513498 0.38722855554349067 0.39656177599578984 0.3919535166869371 0.3948164007019125 0.39187256821149286 0.39878531694138564 0.3923176050995822 0.38778304830329785 0.3887342044985623 0.3852741516050569 0.3892499679357335 0.3897144474906209 0.3909501360386512 0.3952114388212548 0.39604402225843816 0.3981398705900644 0.39097531751779807 0.3904710456699441 0.3857381488004413 0.40772658058287853 0.38611417148638894 0.3884084409180492 0.39466648801995663 0.3900030884379454 0.40452963487829885 0.39193742382616253 0.39179890455513955 0.3977271227117746 0.38832332703105826 0.3940950992736201 0.4012911483353086 0.415891184448532 0.391486381034075 0.388941686774171 0.3940204920734249 0.3895705997693604 0.3914038895805125 0.39477834786722343 0.3975131235364953 0.3996128387503706 0.3934753877011621 0.3917382966558994 0.39157050807218957 0.3920598396002914 0.3932703595228286 0.39254035553069383 0.39607735665165483 0.38552604259369067
92 736 0.39580721544770453 0 0 0.3964063707125284 0.38861356855018847 0.39247897743154186 0.39014622406690974 0.3883489414827559 0.408111845562109 0.40157226420162956 0.3869624552362026 0.3957927773893592 0.4133266530207176 0.3890241193985043 0.3982294842562244 0.39354349300608177 0.3967079585314307 0.39438969843018523 0.40060713606980747 0.39422828084773465 0.38993631695394954 0.39059655751202943 0.38710080503782773 0.39062161543831564 0.39154918845755265 0.39269511747246 0.3965373924515132 0.39783327927561135 0.40018015548503416 0.39256505050680635 0.3923161723197347 0.38755162397734794 0.4095291904169074 0.38709391728006576 0.3900736205320777 0.39636141868457986 0.3922918055673332 0.40612611317203795 0.3935575766605115 0.39343012054994125 0.4000385733116465 0.3901743014504186 0.39616565587073216 0.4031051986188264 0.41778583729903057 0.39399386568079375 0.39056344506646806 0.3960922755327043 0.3906390226729695 0.392480065664076 0.39629630770128915 0.3993145048751559 0.401463993544835 0.39536392266205483 0.3934550613809221 0.3931671383834495 0.3940428090317717 0.39491842841250724 0.39383841169351747 0.39705580054400397 0.387258115166359
93 744 0.39701863561349254 0 0 0.3975085146693372 0.38978808321401276 0.3942029508552684 0.39086916270259764 0.38954148397280397 0.40946401347548544 0.40294139033035453 0.38812624237245136 0.3968898313602586 0.41587379833371424 0.3898241158239441 0.3993998375317509 0.39469631856535464 0.3979313395619194 0.3963427847344963 0.40193098244034825 0.3952582364185937 0.391101791706636 0.3914716308381577 0.3879555427728106 0.3917777644370349 0.39271833717779614 0.3938384248854919 0.3975034774393319 0.39886397515555155 0.4014040392182345 0.39397218206774054 0.3933870494569433 0.3886472664199943 0.4105761089290722 0.38830485302363715 0.39132844205870937 0.3976623713737926 0.39404863357993813 0.4075559851506728 0.3940242225312557 0.3948484019519187 0.40166203756172214 0.3904554363049635 0.3974013673824739 0.4045742876828093 0.41914648135239474 0.39546141812477964 0.39175287089434624 0.39750036279220624 0.3925243005780662 0.3936691085240105 0.3973079925502066 0.4005830155886752 0.4027326913742887 0.39657002979429806 0.3946971709249105 0.39409027908187844 0.3951573951184558 0.39649691102114887 0.3953733032941738 0.3984278617375052 0.38833277892518114
94 752 0.3980069715449964 0 0 0.39842544907873606 0.39073999926170505 0.3956800784936753 0.39194318798528066 0.390730251479294 0.41047168311768706 0.40374322239492755 0.3890194030916428 0.3973442296063279 0.41814746286517057 0.3905809436638579 0.4005785562425442 0.3954760499393127 0.3990779410109561 0.39726221041441157 0.40263889698517324 0.39622884112342127 0.3918865200395827 0.3926373123811817 0.3889072819028328 0.39273244055446016 0.3935845009850273 0.39461548113514516 0.3984449493463259 0.3996920583775128 0.4019763252122132 0.3949681896527795 0.39429539815372944 0.38965518297199325 0.4115801281833885 0.38923184223050866 0.39229199361556194 0.39844781831541387 0.3957407013287514 0.40825640713144384 0.3949409237330978 0.3952123807452634 0.4029254865659297 0.39131770969659657 0.39860510222606943 0.4055041431636905 0.42015343122715754 0.3962951261866933 0.39289991888392706 0.3989789014402244 0.3938455725854072 0.39470792769351265 0.39837745829706683 0.40144042573623845 0.4037173918634509 0.39765234778847136 0.3958992977907975 0.3947985365990346 0.39603835786472097 0.39749442320822015 0.3964170573711135 0.39902249197753203 0.38959492347623553
95 760 0.3993069678192545 0 0 0.3993663028649651 0.39225902583528055 0.3974204215061253 0.3931123797764323 0.3920417234599226 0.41155870325890304 0.40510882135335985 0.3901558664149202 0.39821743043881946 0.4198886589583932 0.3919967951655157 0.4018484058229441 0.3967939700579456 0.40051046132716556 0.3982618462242248 0.4038349996671154 0.39776132182025536 0.39317590858792856 0.3934682010180063 0.390074509754568 0.3942198107171701 0.3946611011296325 0.3958897797554967 0.39973248689778557 0.40109478145542404 0.4031952431375045 0.395977215966542 0.3956423449253427 0.39051234179885325 0.41309567492188404 0.3905889159927542 0.3932566769789289 0.3991507456226355 0.3973225916923597 0.4096055383607738 0.39645284308451534 0.3965755525208661 0.4043291145087889 0.3927227534069612 0.399910449882051 0.4069073274430815 0.42123446404471215 0.397823523686128 0.3940095312981705 0.4007473612936989 0.3954034679261659 0.39606284613957443 0.4004641982319824 0.4026392474711939 0.405005450688104 0.39930162760455046 0.3967671280393174 0.39607003444219224 0.3973912997278675 0.3996362583744261 0.39762391993139257 0.4004429735236189 0.3906446140881092
96 768 0.40092580428374824 0 0 0.40068865638487544 0.3938978330149082 0.39939818568310825 0.3947219966705135 0.3939366841774765 0.41319016959191557 0.4062531986058415 0.3919064011858203 0.39973900197768 0.42221068727445815 0.39369307180263097 0.4038739193014659 0.3980252237489945 0.4021639858325631 0.3990423418986801 0.40543664013978165 0.3994211471466286 0.3947384357355958 0.39479586158767765 0.3914723421976544 0.3954870653139883 0.3963805109441178 0.3974578164300983 0.4011420928724131 0.40274946775386516 0.404961487934358 0.3979556877132783 0.39716425790457477 0.3914360018478447 0.4147703860268707 0.3920924580387196 0.3947361971158148 0.4006981446510391 0.3991415228381752 0.41136007877092373 0.39826192092253637 0.39808807698470505 0.4060810469848931 0.3942931868561276 0.4017855369451706 0.4085536666404092 0.42265932392417066 0.3997289943148869 0.39542237334137503 0.40260478621905843 0.3972665915447981 0.397701502666687 0.4032583905553455 0.4040419916729377 0.40663618306021665 0.40096284575901364 0.398409558701061 0.3975186677618573 0.3992185724196707 0.4013355464332696 0.3995111919494033 0.40227463038643235 0.3922572827484422
97 776 0.4037896189288077 0 0 0.4031406391209404 0.3970495656533296 0.40215682802152036 0.39736970391563314 0.39693129675630257 0.4162103595022582 0.4089590168520311 0.39519592299208106 0.40312880510598864 0.4256368658050395 0.39658590378245395 0.4069052523420075 0.4009065400234095 0.40455659663179483 0.4016469899415279 0.40824020462592436 0.40238106881459906 0.39658620967027824 0.39767329797839307 0.3942326891244645 0.39810280026050565 0.39915044286456547 0.39968757875005356 0.40382720452637577 0.40557690083685527 0.4075497381055498 0.40092386596514495 0.3996962588459525 0.3940898999220391 0.4178074879488575 0.3950255427048609 0.39749475575996596 0.4036303026139534 0.4026110624049053 0.4142185915610686 0.401099453369883 0.400819827537636 0.40856423920384827 0.3972098075750909 0.4048268012095901 0.41135162975228845 0.4255710421737663 0.4029320166608009 0.39811277367163533 0.40566742316104426 0.4005549816157043 0.4004723673715302 0.40669335082885477 0.40683122843910763 0.4094162254207591 0.4040691443548147 0.4011137807515783 0.4003272647995837 0.402148869201406 0.4049331455898339 0.4026433770332951 0.40517813273982745 0.39510961256005706
98 784 0.4052585225658839 0 0 0.4042173870914276 0.39800903409787025 0.4041571562969109 0.3986716431059004 0.3983752263559094 0.4175989476372369 0.4105305427473676 0.3969819630801184 0.404656939174848 0.4276249808579236 0.3980927715373004 0.40842623339701645 0.402050935329154 0.4060290902282585 0.4027158041840195 0.40952724372009564 0.4036378028744356 0.3981702838330708 0.39921836675682454 0.3954274154818527 0.39949921021872886 0.4004274831791344 0.4012272791580741 0.4052593666659778 0.4071539220717856 0.40853789416062675 0.40273387855627696 0.401294320607042 0.39543641980330546 0.41921234315515893 0.3966268523293973 0.3992905001229648 0.40494401261647234 0.4038361347060804 0.41576761969400194 0.40271048437871204 0.4022588049660875 0.4089310079213022 0.39877005209308375 0.406648529187424 0.4128973789326913 0.4270338881317589 0.40438341324510835 0.3994161035982354 0.4074080783133168 0.40211498052790046 0.40190451685594974 0.4090631959107697 0.4083171341463853 0.4111614086248817 0.40539569978102374 0.4024716121957218 0.4019099694410662 0.40366396431436014 0.40705146777231155 0.40477928544000963 0.40712118861092617 0.3968030600436614
99 792 0.4072587653894743 0 0 0.40611077515640526 0.3998724966224488 0.40621119478352175 0.4002719220991438 0.4007577842586192 0.41977555840412445 0.4127081730703301 0.398757368928907 0.40691115881496676 0.4296412121677351 0.400211025277508 0.41056815252078255 0.40362494381731173 0.4078016948653857 0.4045096060637332 0.41150333399677685 0.40518907408498955 0.40015137239039533 0.4011542253865566 0.39732561594591537 0.4019922564655171 0.40257731166114585 0.4034429631338711 0.40708648545879744 0.4091321803767673 0.40938510987617593 0.4045154866121509 0.40326917716844063 0.3973363770495458 0.4211930857900408 0.3984947159819164 0.40118463183778813 0.40730214872406584 0.40610704328497005 0.4181215279687527 0.404823887951649 0.4042597850472766 0.41070205150161426 0.4013445574054472 0.4085407357431586 0.4148371285185339 0.42907391713103643 0.40638707561181564 0.4014544819625822 0.4095160109039553 0.4040037206702747 0.403571889463657 0.4117694718734728 0.40931592585307724 0.41309893495361305 0.40744318418022213 0.4042769048631695 0.4040604978361805 0.40579077561679067 0.4094750573783985 0.40726629497289524 0.409179297399048 0.3988358735407482
100 800 0.41014416414072047 0 0 0.40930045068134063 0.40232845659655364 0.40898968532722396 0.402832492554768 0.40340735113763093 0.4223769218470275 0.4160571674928526 0.4017798806117439 0.41065757969633276 0.43291469204976546 0.40321195999185394 0.41318678389570374 0.40640858736435403 0.4101741638450086 0.407276164666694 0.41440341832260935 0.40766481953775857 0.4032064036707993 0.403988295971492 0.40008805373722656 0.4048850499381863 0.4053331324528576 0.40653736254067935 0.4096447342528335 0.4118956040427941 0.41206351640790706 0.40752223595014014 0.40617092488743956 0.4007270458866011 0.42307206284800036 0.40139510122450767 0.40400168977868234 0.410384186230537 0.40896657565926847 0.4206539818756633 0.40769528454860143 0.40677763062987043 0.4139519291404919 0.4045785438553957 0.41148483920029216 0.41794060355104584 0.43219009739452147 0.40952200015435813 0.40420506493547853 0.4125332958560202 0.4074322757917072 0.40634935941858824 0.41527966872946165 0.4122328356379418 0.4161096598615327 0.41054136119153484 0.4069673631155106 0.40693963541862216 0.40884785434470516 0.4125804211376173 0.41044228618099365 0.4118870507552741 0.4017892459946928
