% # columns="iteration, evaluation, void, void, void, xmean", seed=440738, Sun Apr  5 13:34:07 2026, <python>{}</python> # scaling_of_variables: 1, typical_x: 0
1 8 0 0 0 0.32831920905916656 0.0025838326024150565 -0.043116323659131976 -0.011601546026321546 -0.03165495622674831 -0.14826714098390395 -0.12043992759265962 0.008591844329508805 -0.35195010688541 0.1384583704404753 -0.11432509083463194 0.2984319907315951 -0.011836031773185096 -0.214954691877567 -0.24428809448921468 -0.0695062428622254 0.48869939312849464 -0.21951351689583373 -0.7930530675083594 0.3413493852751543 -0.12601677477846415 -0.342020448264319 -0.21641553519494625 0.007199032718468085 -0.17842283084769336 0.27380815842433004 -0.07739165311000659 0.3207603426780149 0.21560830866229935 0.5884774933678067 -0.015326061547211417 -0.1924460926953502 0.004931976907017299 -0.17351636456724756 0.18470652829571632 -0.2766609150427892 0.052732782720714265 -0.18388949047620315 0.10827845426232602 0.15214055227366724 -0.4339063749443315 0.05080465294400992 -0.4789332901055137 -0.07449851120448248 0.13448572421342533 0.009085872591595587 -0.20713670116603547 -0.2225358895712967 -0.27130312016329994 0.21898674226306608 -0.018229539118914492 -0.08173317172002276 -0.18474383957268187 -0.6828989863743586 0.7683607287040367 -0.07984539827718613 0.026442185591805733 -0.2638457885146424
2 16 0 0 0 0.011695676385227786 -0.3148130822970242 -0.34975832566348436 0.006835913444006591 0.03747185282779858 -0.6379522650942984 0.002931470192230279 -0.11288582339676811 -0.3027745670429791 0.3196346987038039 -0.03169440809769401 0.1401396512988988 0.0349660941452539 0.09100041114655243 -0.4016493667529676 0.15458658950251652 0.711507952618562 -0.33254472527475826 -0.2513436617266723 0.3549744157337533 0.2549711973208753 -0.23191562457361894 -0.22736803894924137 -0.5030316021316005 -0.6665089218767417 0.36717709449545693 0.22239430771818383 0.32643743374290213 0.3605206040746399 1.1993414546231504 -0.19086994051051123 -0.0177544389043445 -0.6073836341714606 -0.25208723563321206 -0.063056032285942 -0.1796153614072647 -0.07771722235694947 -0.1946649780111874 -0.2515136642142231 0.3539643561742985 -0.5945846209541498 -0.24156135212360083 -0.18962322210327062 0.1455363308544155 0.5097625863384012 -0.07276234577224941 -0.2263514785498099 -0.4068410039012317 -0.40820463459135914 -0.006901171379984604 0.16581607334033674 0.2725645408906645 -0.5307267078475257 -0.94569206883879 0.8406528480900408 0.38919581170949547 0.16791262357063325 -0.5593612462486378
3 24 0 0 0 -0.03714374653214428 -0.07962922609754199 -0.13208949217214555 -0.11200628378893562 0.23145702857421863 -0.23293423762773927 -0.006669413635045765 -0.8679396393303891 -0.4250961431912542 0.33060692959637183 -0.19396005308220113 0.2810078550432331 0.1843992873051042 0.5594902895006677 -0.6686697916142916 0.7853123718951628 0.46577635964630826 -0.06988409054758257 -0.05376777841344636 0.5950985964496549 0.7307103649049083 -0.6552261074632202 -0.06757559015008144 -0.6505068564000387 0.10837413055434278 0.6083169462240752 0.06746942577016679 0.7129417798097465 0.2640212849722449 1.9492372419824089 -0.37523658546530875 -0.3555297674281698 -0.5645010350540584 -0.06666709081025562 -0.4434764360746956 0.006109784951956928 -0.3754944850142678 -0.28727981845193623 -0.03232967200893341 0.592713047741858 -0.20364753087567633 -0.8494530690589973 -0.06038203561264283 -0.12026831483989035 0.06878473813486306 -0.2529514245125756 -0.585056444146764 -0.6364984017243014 -0.9211779621342514 0.7085533517495965 0.39390013576678107 0.2144759057996275 -0.49806236568320633 -1.168482970821785 0.5911241675556405 0.328646903660935 0.029708767894596685 -0.2784646159854246
4 32 0 0 0 -0.20587567988284897 -0.38478516904493065 0.1132864842440856 -0.01587235724154476 0.3172736165635465 -0.1426773112870074 -0.13206114743800967 -0.776056659449506 -0.8603748843874669 0.45669647696933213 -0.6206688140699814 0.4004771705105797 -0.1207012638689344 0.2656510136263386 -0.7522292403908808 1.167547483799311 0.49009330998655 0.08818099964489887 -0.06367518110947604 0.5140857040728415 1.1961544654162295 -0.3553640207844006 -0.03207740057460608 -0.7004828183237121 0.32333296212990503 0.4240793341802158 -0.00847681679779369 0.1041930082391934 0.5419817111511748 2.4269278422269616 -0.20405392860449556 0.0256943417199893 -0.3802480959246759 0.2737412073954257 -0.5347780460166672 0.4568201402987697 -0.5317259169062378 -0.12761525566466317 0.11610675481638706 0.30918748121443984 -0.44241512004958516 -0.8205344886693371 -0.09567657867665003 -0.43679652783083267 0.5738332078016626 0.03668686164962759 -0.9622140390399376 -0.9203123005782938 -0.979446848755874 0.9639190977070768 0.3343768182441973 0.11700939927803924 -0.7874690942133725 -1.214425684382019 0.7235942211594883 -0.1475489628871506 -0.014752501826683619 0.09521816237919623
5 40 0 0 0 -0.29247554988589397 -0.5809043669953244 0.20795278484564172 -0.49772204255492863 0.2157433868724184 0.3038150974453871 0.12033335883173435 -0.5579650629929229 -0.7369096183512212 0.4442041500275853 -0.6641000295037218 0.6639537084898067 -0.2758495874685832 0.408267390660648 -1.0671220745890913 1.4919915361076648 0.22629706241429615 -0.2926150542432583 -0.13341868449728714 -0.3987700725369616 1.3684794638354338 -0.1685006818379098 0.17376551005723426 -0.6568208906347006 0.3377658007304933 0.26347437470280716 0.41091131519342683 0.6001635422648789 0.4144106177670619 2.1210692469447556 0.1665494915572295 0.23759252875998096 -0.6877538593490841 0.29238810389266023 -0.4820295349229974 0.2320567160647802 -0.2064339580457805 -0.7893680836798153 0.31207010311533667 0.5719083913748013 -0.3315061450811433 -0.7474534206090102 -0.6147737374106065 -0.5600636390319234 0.48591200896597897 -0.030710452648012615 -0.48561876759970446 -0.9199342124534247 -0.9498511524974844 1.456797499396401 0.18241527634892435 0.3355325669789504 -0.7895730953519545 -1.3946235803063858 0.6955242139469322 -0.28718720083365756 -0.373284726686499 0.1829690691769911
6 48 0 0 0 -0.4956921008948183 -0.6549960848301235 0.06778674968626915 -1.0832347967347917 0.28709554871080906 0.7441341212667529 0.17875322585885384 -0.0954112466607652 -0.7257544106315648 0.7135829408564138 -0.5038682961782834 0.48486326830275317 -0.2963052773481929 0.6665813166551752 -0.9462816056139874 1.5879922487040463 0.5202383028522246 -0.5132426202741618 -0.3795725626753462 -0.06109935061932184 1.0826170246426488 -0.03503567142618638 -0.22078951744960526 -0.8658598642009445 0.42576758321914787 0.5467064403157937 -0.033760893013134965 0.7950292277191748 0.35542434764308906 2.1309074679721394 0.2195269861536844 0.03885323670337045 -0.6026144312664243 0.34335465878658683 -0.4299948297531852 0.13192183812986638 0.24547101096763652 -0.18072970783975736 0.23272906930298884 0.9966110359641382 -0.26086516786966124 -1.3456679280912085 -0.24046843051870093 -0.4794591792791739 0.8493860558428165 -0.2897216489443682 -0.5883619039802455 -1.7447715795598158 -0.6535282228423447 1.6637168820675643 0.14990142222764774 -0.313854725019956 -0.5539862142320542 -1.4880923139590787 0.9310737006825162 -0.7899036822708108 -0.07027730150355635 0.4616569668581746
7 56 0 0 0 -0.6950926921391054 -0.46369977611786495 -0.09280450679433555 -0.7232115591922927 0.6350130948665532 0.6470818682001697 0.5108199601843977 -0.25427734256392037 -0.8798142253339276 1.3154810042775615 -0.7834462266715403 0.34006747134767057 -0.14620576333201935 0.21666258900089896 -1.1697147416730835 1.5391410183872836 0.5849748121489491 -0.6697096958476769 -0.05231343222570842 0.1338879751187802 0.7355878253313901 0.11236074519341957 -0.18337064399312034 -0.8469985654686125 -0.11283043815529803 0.5762719834389035 0.014119035150669786 0.36737064119622365 0.43361974720605634 2.076737162773338 0.23800130606207962 0.004873541356962573 -0.030666509616579907 0.44328009685605124 -0.015224236907627663 0.2727624213013573 -0.1872307803400479 0.14565700223660352 0.5366448936637996 0.6717515681988533 -0.6394800121615538 -1.9011612399228035 -0.27957393306753053 0.029147881120045238 0.6722274713677723 -0.29163685885943 -1.193591096948746 -1.5027020850649482 -0.7903881770800403 1.672781380471932 -0.03559259132234964 0.04253161032050806 -0.6837416848978954 -1.5178219637016268 0.4480375910925664 -0.22007308329731953 -0.0425987733727439 0.5433128991210854
8 64 0 0 0 -0.4746436803405819 -0.7922681168175025 -0.3655761995206253 -0.6361756569872477 0.769333515076273 0.6749577948697723 1.0144274662490542 -0.6350941888792927 -1.056601767640333 1.449186710011004 -0.8710000345944515 0.14909187543852429 -0.2608798164748136 -0.10906123506480705 -1.478229337593175 1.7936988734045693 0.3762634496553993 -1.0968583474503697 -0.12653473340408045 0.5329876601633419 1.0126198244446227 0.23712053835822536 -0.5037780157354841 -0.8915140733776337 -0.6570435886277477 0.3925637622453301 0.12862864535200436 0.3470953398048801 0.18688694170912995 2.0228306901131425 0.1583147489697951 -0.09346971841898868 -0.578330642798459 0.8072441805261937 -0.4466748017133134 0.04643419832321402 -0.34126926763072 -0.16552468091435463 0.25336130239549143 0.7853893825611189 -0.32379334497713286 -2.4110899392489227 -0.38667677062291494 0.09765442004762101 0.606470947488289 -0.11835812568523202 -1.3276367554321815 -1.7206423427404165 -0.5845930495334589 1.909730014657478 0.29862648640260125 -0.4053001730684347 -0.7894762252204602 -1.3802403259110236 0.7823681131110963 0.5112136638789255 -0.36726190038424944 0.5051921206330834
9 72 0 0 0 -1.039909741385817 -0.7970652903784416 -0.2993947783388558 -0.4471217582982819 0.5997120845467889 0.2699149037141888 0.9192247714315862 -0.6553466185632172 -1.4891883224759357 1.5660326884014455 -0.8545472419474034 0.4524543534423199 -0.7417555522640783 -0.1138793389418156 -1.6570116587783414 2.0035741434562895 0.3932422382223898 -0.674250045157032 -0.2858846891418299 0.17731078079470172 0.7633517812840138 -0.02696762220231879 -0.7875893842798883 -1.097650138633564 -0.9153735997288615 0.7066513837877534 0.13239995913527722 0.6528281081255828 0.23094714057063542 1.8337368491153858 0.24881839264182798 -0.11445254880304943 -0.8036692450798741 0.933032901606121 -0.7816752316820473 -0.16161951974674882 -0.7673635536234711 -0.5995271734510721 0.6035176143573868 1.172417016169661 -0.3759664238938749 -2.4819004412735355 -0.4464998231153204 0.4707026417632716 0.5529373022818534 -0.275350870621665 -1.0387111186380824 -2.0469440876937712 -0.29259992806498836 1.760734090945948 -0.037563654261495 -0.6390938990589553 -0.45155245936940686 -1.2682189475439527 0.7272410656945791 0.4058089305053402 -0.2509284532552474 0.5768314878634285
10 80 0 0 0 -0.9956823127565683 -0.8525897880806066 -0.15110425076354875 -0.5732587478597737 0.6973066708109609 0.8212616663603272 0.42313123506395645 -0.011546017183017898 -1.9915210239847645 1.769967077478773 -1.2935420599377911 0.42303049297239426 -0.8812357414957144 -0.10061870350402866 -1.2465722620330546 2.9208419689567156 0.8588957829951771 -0.6252412169986591 -0.0731642899492744 -0.34708785970739836 1.0047312940374018 -0.4348299395794304 -0.5348626235420764 -1.8812056879235972 -1.666847124955556 0.6319625487954095 0.24389570137382244 0.7019189780107833 0.5303909786288534 1.4749848250780866 0.6551122172415478 -0.25087563580161065 -0.7976156172703334 1.18137075309985 -0.9522018488585171 -0.728134913199385 -0.8470751442786729 -0.6000488524789463 0.8481392100938622 1.2673617666612973 -0.33197219857739574 -2.1607961292202043 -0.5489688484138789 0.8162527521916703 0.7700594289751024 -0.2948092129987305 -0.6727579311299543 -1.8887185481228137 -0.12944239884261172 2.0939190324722956 -0.0572055382311482 -0.4444459798886943 -0.25057745278752314 -0.9865759836444057 0.4029065649036989 0.3423111134398913 -0.5265404943140339 0.3565230079684452
11 88 0 0 0 -0.8009622157107725 -0.7813036983213961 -0.24317879222312136 -0.7855219220315116 1.073055316166148 0.8610273024367101 0.5766465839517575 0.11700892228091717 -1.8650018918640097 1.6965868752197173 -0.9666090553299769 0.27743540886385365 -0.9578836168149152 -0.01315876139273145 -1.1844826213733022 2.3992357945393783 0.934361117547994 -0.9393145336127589 -0.08373064940534321 -0.2580747022448595 0.8226283707749267 -0.5048588245350256 -0.5811369353352773 -1.6748169741089038 -1.6788373189428085 1.1941542102726892 0.19732553153662188 0.991460998789421 0.30978077639827273 1.222212515981381 0.7537422223612114 -0.14107091179475278 -0.6512161755338791 0.9576623852451425 -0.7434564777933772 -0.4816843922246434 -1.0683376121654033 -0.9874418666250673 1.0640280939598943 1.1986767810800423 -0.1496491086582657 -2.351831777291347 -0.5697436767186459 0.9719910694029175 0.676137638874648 -0.4579318681305513 -0.4151637147932863 -1.7938422578261741 -0.07163918032525149 2.1512548645977163 -0.7245378591228488 -0.17287272293954387 -0.3238825200054371 -0.5648561097009943 0.31840051763224514 0.6003234441301597 -0.07529919722334502 0.3198984091950257
12 96 0 0 0 -0.6516185742580405 -0.5655642106567972 -0.3448775139446574 -0.8581457022686103 1.042300567738299 0.7279163452646177 0.5942480359756851 0.09994167947929718 -1.88919051443747 1.7124187530879917 -1.1841955887406088 0.3752080127013998 -0.9709386461791787 0.20637770593574284 -0.9375316239755215 2.0474568039461896 0.7889282940274414 -1.219182415652487 -0.11265204867972543 -0.14832428840510986 0.4885536002415396 -0.1291745640285408 -0.8540408763837646 -1.883815617133405 -1.535543160128487 1.3481771294424028 0.2831382576196583 0.9836494012893665 0.6298032432864019 1.0731751577098032 1.3749481408184288 -0.03425183618493001 -0.6572079407351505 0.8293238096024458 -0.6459172735124588 -0.5584589516412156 -1.163077590841751 -1.0957240571392202 1.232215779639091 1.3078736149812142 -0.4742096578321333 -2.6389546326011426 -0.3321612906779115 1.1170369307517467 0.39804396465765535 -0.38150654516037874 -0.8669527196415515 -1.5184514502064466 -0.2661875523833207 2.2083958947714724 -1.1243517033476513 -0.24650419190565184 -0.46798968059834317 -0.4174347311710307 -0.34712714321500543 0.6309892787027453 0.265071230401753 -0.46032993514189174
13 104 0 0 0 -0.5224699368328586 -0.16799929448199089 -0.4091232356712333 -0.8401870447358577 1.1582161733363436 0.441522946006385 0.8086064278658931 -0.1341441629297642 -2.0178600906441613 1.8701693923843707 -0.9970525892234345 0.6114460848871699 -1.407306328856185 0.5721176195189193 -1.1178530092217358 2.1819551335532616 0.8134662986608366 -1.1587329233638048 0.5224637049595193 -0.22126880958286388 0.2910310204969181 -0.40277267893709795 -0.6689648383536309 -1.8263938301408777 -2.255043079213319 1.346884684671685 -0.05876960921922839 0.9243173522192947 0.38933407484381005 1.2583482458235244 0.9726594978239522 0.20953281506908172 -0.1645299441946958 0.8545449297719414 -0.32392498812448317 -0.8738797929178042 -1.529169462263106 -0.7754727828511607 0.7454782298391519 1.2459990599199653 -0.49737277465209595 -2.540819415317682 -0.2551826869846377 1.1893072227288104 0.26330440383699244 0.1546820055890992 -0.571913605077743 -1.3911950459495555 -0.14810698753580234 2.1987355770963886 -1.0570783073303431 -0.42548079174501857 -0.3557655351030831 -0.5682728775636335 -0.7355816498689707 0.6497524159830019 -0.22917799299135497 -0.6006596788257182
14 112 0 0 0 -0.12121391437602996 0.008561690895857954 -0.31496954197922755 -0.751502882039078 1.3882640859334465 0.8325364264436012 0.7312996743585576 -0.13538432745536466 -2.483041053767766 1.8327295474264815 -0.9995427497083225 0.4876836955575311 -1.1428918421752585 1.0924107556199214 -1.1248745485227456 2.3132784219239158 0.38968784458737166 -0.8410831662706322 0.43968207054964936 0.35606138379322644 0.30097251969011496 -0.03590398017619591 -0.7817677491307436 -2.2294268474103465 -2.405696062546509 1.3935189366623983 0.29278778507987924 0.7343303477283906 0.4465924105677928 1.7311845663642376 0.4972022039475277 0.394048715453031 0.10685682837672804 0.6709008608491542 -0.6270390831431472 -0.8988554032477633 -1.3790365048580813 -0.5367896345421637 -0.0006935697993564749 0.879233031750754 -1.0819097479229687 -2.2132338063310386 -0.4924029168962343 1.051603572026626 0.4212571124365161 0.2676680768461281 -0.678724999137819 -0.9583330298801123 0.12673760881136953 2.273843421034416 -1.087213000722406 -0.2000826488448376 -0.6168183852918004 -0.4345139163450055 -0.9179417564989928 0.36428160159396417 -0.8144100526977818 -0.7539923312664657
15 120 0 0 0 -0.19655521552814353 0.2133820394463059 -0.47913319035382734 -0.6346015748790942 2.1936135145134017 0.5755220625069658 1.2906922067443578 -0.28499967905590406 -2.1152350607657446 2.0665750893747887 -0.8209369871407132 0.3051578985109533 -1.0821447490096423 1.0040652332475692 -1.3982526172027374 2.431336315345357 0.41477994831716575 -0.9057483865243203 0.7951990165870642 0.5860963316138519 0.591897616879036 -0.3862257101553089 -0.8839662990416064 -2.360300103935847 -2.1282300391372684 1.1543615078230993 0.44213816235778797 1.0962002152034358 0.5141532497097707 1.9361299359393886 0.3716508728837749 0.15862918594559705 0.053818527853653514 0.5644751272676056 -0.4382236065272114 -1.2784856279651406 -1.2589185351941832 -0.29960837542346663 -0.2618866458768992 1.2234972651156912 -0.9609004305861276 -2.3400114687803684 -0.5793018193787842 0.9899139389268313 0.2411931743023366 0.11005664971855197 -0.6087546564149644 -1.2755429882784362 0.026436644761216446 2.004957903507556 -0.8906046996880849 -0.0664956799213842 -1.0291931557771041 -0.32174641743671284 -1.4533865281605247 0.7211272281981373 -0.785520749463232 -0.4789672204316765
16 128 0 0 0 -0.3723290600381597 -0.02425787800080012 -0.6791319241854431 -0.9494115801749472 1.6487684012542891 0.9109878036005248 0.919872588742538 -0.07458209215757763 -1.7635524741699666 2.2110251812295996 -0.5907109363317286 0.08396117586839566 -1.0662712141735626 1.22259815667461 -1.7893088031297153 1.970832986663622 0.37756933956114613 -0.7379636576128512 0.9188301986163835 1.0003404854676756 0.5153673825098769 -0.20305172231089 -0.847812766340561 -2.2635072465822152 -1.5281173811893427 1.1591825509954847 -0.06484097944999954 0.5600301915667647 0.12294038684831324 2.262144759537822 0.30211215989415463 0.39890435895295023 0.10207847837395517 0.16800545645808784 -0.2794820219792716 -1.1343429170629091 -1.3368070045768237 -0.2167181275367161 -0.02094889030492777 1.36929262213014 -1.136947157899947 -2.5210341147191184 -0.2721546910968264 0.731020585150499 0.03343860901425805 0.2557446624248159 -0.5266777287402645 -1.4476535122738932 0.24740162353685355 2.348694750996236 -0.8218031312856489 -0.037039266159917233 -0.9994465804198236 -0.19863696286896665 -1.0781779278498713 0.9860244629997736 -0.6030653513218979 -0.33254966856493623
17 136 0 0 0 -0.6500147025071542 0.2812308764728617 -0.6042212827864837 -0.8203374476003727 1.5001075086307183 1.0228720789159351 1.072130942062353 0.03107934094875915 -1.6407196789943086 2.374011894828516 -0.3686546249052268 0.3777806538135378 -1.0183674329620018 1.3617385684191703 -1.5684127728318702 2.004949191843168 0.6895674341078204 -0.7484991618915577 0.7866635367850552 0.6199314051205682 0.6982017799072511 -0.3683070694289834 -0.640705140678477 -2.4699508136153634 -1.2929109019150686 1.562352526797222 -0.44368327219499815 0.4108296678809823 -0.09301699982284968 2.064724974772174 0.0023512871996127643 0.3944806583421133 0.43474369862049145 0.6262952751976085 -0.19275657216058617 -0.8001982231943487 -1.594417585128888 0.042603708993200595 -0.0450899435409632 0.8759820582070559 -1.3137279259466315 -2.523922858320068 -0.19816752208225935 0.8605973127814477 0.18552622994525306 0.5826073294580125 -0.7182964072727908 -1.2394006035805476 0.16595686257019163 2.066278944835756 -1.0457691376436933 0.4532397211323159 -1.0421722347281563 -0.3265338230875988 -0.9961268604827602 0.9896184512515432 -0.26898356674033697 -0.3692120238666743
18 144 0 0 0 -0.33279400635424256 0.44117173183488323 -0.43162258692169886 -0.8656521386199652 1.3903182903646658 0.8526410176010738 1.294017695152416 0.36874529070162754 -1.381487264030032 2.6469696957668445 -0.02355702785894312 0.21271280456447278 -1.0815900097889442 1.205373691761594 -1.336485679402554 2.2120293546454626 1.085949072735549 -0.46768843297828433 0.39808990701346914 0.2730929753821696 0.5331016719785043 -0.6202386202655413 -0.6634615538458987 -2.3603155191323713 -1.1535458322678476 1.6256606849258888 -0.5656356199922481 0.657057553559322 0.017098716314231474 2.324813813115619 -0.07487812253702986 0.4132581626894961 0.2925808269843818 0.7038713511921695 0.23247068356728273 -0.951599645733052 -1.4570884967173048 0.08058461864765272 -0.27498941356205114 0.709439379313226 -1.0470325978518986 -3.331398416948372 -0.33534137225337013 0.6574110584128792 0.09602482535930734 0.7503343243384717 -0.9246333013817993 -1.0785447877609775 0.31930746342682237 1.6311300355138414 -1.7519114225607582 0.43569472366685447 -1.6034958721378396 -0.06622111576112702 -0.8955337377291666 1.0407390075568677 -0.5605535748115209 -0.23925000328099785
19 152 0 0 0 -0.11335724048829349 0.33268989739778415 -0.25604400068173305 -0.8883580322494735 1.2530202282266556 0.732165716897286 1.1367347771599179 0.4661385267037967 -1.098964046440321 2.3975937721785123 -0.2693501371994221 -0.350754568996699 -0.8310431623891699 0.917994300188077 -1.4207261956053094 1.938575535019163 0.7598284669604376 -0.4287262167929628 0.47623305802337595 0.5638383096737556 0.22083108232021836 -0.6365465035955786 -0.48534743726569435 -2.640311229033376 -1.0971293667928288 1.9902499625364167 -0.5632797518374387 0.6423441817337838 0.3492222413688858 2.6386075495118444 -0.3523954067819993 0.11551910677950068 0.28128239897886115 0.6534067653662257 0.14704622270103976 -0.8309739960368834 -1.4724155284819704 0.18327328467477944 -0.2215904264974562 0.8938954658724546 -1.1418965261479432 -3.8458725601817263 -0.43997779197798276 0.6460890572977777 -0.1679593445201834 0.9243876477480071 -1.3659340062760426 -1.0957332093477676 0.4202436605532506 1.206670967023698 -2.2169831172541703 -0.11828874197941722 -1.6312332590371523 -0.02002356874318991 -0.327065632829199 0.8830972655651652 -0.19291249805727437 0.0611076491575323
20 160 0 0 0 -0.9754179770686146 -0.016047663930770145 -0.4570533641425697 -0.995724333918028 1.1664100804593494 0.5298037637222088 0.6565225879925571 0.41383189705078516 -1.3909431458448291 2.773775231954762 -0.13220284050214146 -0.19686732939854817 -0.6702418300105398 0.4862331994712638 -1.6459386194441858 1.9480828275973954 0.5613640300539483 -0.6595011247063375 0.4829353684298009 0.7511473005137619 0.2974497484766163 -0.6636408678572729 -0.1905872978534008 -2.6684364953217647 -0.7831665852656793 1.9489152722631609 -0.6172036154597549 0.47744337048819774 -0.043028951629156764 2.7714378550763183 -0.4239241987168491 0.822867969449358 0.2857149347579202 0.45540440622074424 0.2510500899599863 -0.5027956750949805 -1.7699157664427303 0.16398545971440504 -0.06889624608325519 1.20034651907934 -1.5291315453659917 -4.7550723977569875 -0.45887622781526805 0.8965894404671998 0.10225182319766092 1.126751222259821 -1.4711932934443623 -0.9582221156051858 0.3422645044628706 0.9808449245976598 -1.865813004220822 -0.6088104965857617 -1.5421848673332554 0.08450276497764667 -0.26397908818503835 0.7962110441816248 -0.5995341748810615 -0.03794216794431682
21 168 0 0 0 -1.2654639970646921 0.05775384165298814 -0.29835526989607375 -1.2839254357650445 1.2145854209597342 0.45005378068389057 0.8789325899944196 0.37804308598774694 -1.6251598949696109 2.8918621972376983 -0.32939146861325963 0.05696000947630295 -0.9298318946515424 0.5524399497124637 -1.3345238063090767 1.671030312469186 0.5015395367663672 -0.5533404802621321 0.5469038323259768 0.6038849712472909 0.3532630048398155 -0.301102519084858 0.0444334607929705 -2.3315112033904297 -0.8258248594812021 1.6174729730547437 -0.7059246227506675 0.4741390364878878 -0.27505699172599235 2.8739964507062195 -0.4233106619201905 1.1182291643739277 0.2864500806775112 0.12897223108968098 0.273683625410404 0.09317877342940081 -1.7339759692475283 0.13503546132409877 -0.05011221723294669 1.4913945600480494 -1.5689879633544648 -4.501008664260338 -0.788006392076983 0.42520369016464965 -0.0036906867628456186 0.9008930932744217 -1.8943558044408557 -1.1840111368893063 0.7090153652981175 0.9653673989417209 -1.8551501085654327 -0.8931999337488239 -1.7241292022871009 0.3438585270479721 -0.1279291706873697 0.7575754538348911 -0.6733545127229423 -0.38077648947285625
22 176 0 0 0 -0.8429844817964157 -0.2325004394953462 -0.793890500588391 -0.7025458708409809 1.253125470156001 0.46052285041403923 0.7763967696076083 0.10641426016120184 -1.5186700492696539 2.6229012171787014 -0.5788554769113498 0.26370263018427426 -0.9550592687352731 0.4996163995574451 -1.5082832001673492 1.7447798838968724 0.30903874099832085 -0.605976676161855 0.43870311048697375 0.45205012245040616 0.22426534886103366 0.014672684244200956 0.4521476134298336 -1.742434298224686 -1.1470774563759334 1.6625894073227792 -0.41163242938274935 0.8994302860678277 -0.164417429502701 3.092967209980904 -0.41832833942658565 1.0030997193195006 0.2223375887476711 0.09073454816493473 -0.1039785634963178 0.19842152791938034 -1.5154990698242186 0.21618963769927452 -0.10498065576853119 1.7820885724621616 -1.1715678429696357 -4.97824529159045 -1.1084664887495053 0.19507011807452546 0.014706340261789269 0.9831364997570388 -1.319605806807183 -1.2958717212242146 0.4084464710929937 1.2696221883276027 -2.1257027012539838 -1.5542751770162617 -1.1301673926322156 0.5316210325360268 -0.16099007018342792 0.7265778464643944 -0.8582549019904642 -0.15806138805357012
23 184 0 0 0 -1.0232967528947066 -0.006509330686033862 -1.0865833894895116 -0.5389469265674177 1.1336760054161497 0.8201834524812031 0.3310244466833493 0.23904742870396412 -1.7762994756516666 2.9999180228855415 -0.38369605033247073 -0.47588495576695267 -1.131763374475216 0.19170340588480794 -1.566808904134296 1.1962400522920018 0.33180695612653055 -0.7004111660549609 0.4078144715984903 0.2954212791973953 -0.04394557520608339 0.15949858616360135 0.1526587954513657 -1.5629426664279706 -1.060668693286496 1.4792958897931827 -0.5810302773042235 1.027823712996305 -0.21025684274130022 3.458857125080111 -0.48610157228261675 0.6729987168731032 0.4603764410609942 -0.04232154266224017 -0.3274651907708822 0.27082487328638255 -1.6193273093961245 0.16523581471908164 0.2737946427435203 2.0128588875918214 -1.458848268906283 -4.958626334174589 -1.3177426638032623 0.030374541901133867 0.046267876302961475 1.2119883408564611 -0.9492712634717657 -1.2180561359727167 0.21918902139218363 1.1879866779918873 -2.1704687998609513 -1.760412730594557 -1.012754479617567 0.9250893289381427 -0.4261606707436663 0.8341413052687077 -0.8033203235383612 -0.2147440108072459
24 192 0 0 0 -0.7882075163385855 0.11840640205733476 -1.219878320724814 -0.1601434433935118 1.136023333780286 1.3252484874863657 0.7213994306433924 -0.3548683801299026 -1.9310704047483178 2.8252799505149264 -0.058296422211881686 -0.2611432476024528 -1.0874972524168323 -0.11001212144568942 -1.5015522296710744 1.044556369326761 0.42477199525198694 -0.5177338958179516 0.5165997647431356 0.6601055852201729 -0.06096656899685575 0.11325431322948049 0.3016728923599582 -1.4504805931674964 -1.3437958345929986 1.2270036815470649 -0.4028172259960488 1.0090286829366424 0.009260451579905463 3.285376364386037 -0.8640160100008449 0.3446318540073134 0.19134695559110496 -0.05027939185567089 -0.3192487009699872 -0.15771026101407104 -1.5514898556214374 0.19416101339877523 -0.2925849137221603 2.291675254376756 -1.7159024386500277 -4.964356069339954 -1.1797466996044264 0.21764243390265098 -0.16801122404131422 1.2467282270471005 -0.918368333139231 -1.1873002197153886 -0.17979579601882784 1.1385663274866114 -2.0518966544195227 -1.7639618416683673 -0.979660782763927 1.098929176473173 -0.28257835763611305 0.9866623569256118 -1.3278172137602695 -0.2859163305494606
25 200 0 0 0 -0.4241201731489367 0.05874761045273841 -1.4233996578752974 -0.20940794551666997 0.9193544922371717 1.3875692793442465 0.5012120040556407 -0.3188621878989295 -1.9759302476563496 3.03745715394965 0.040835019861463054 -1.0487310943426185 -0.9613437289645677 -0.5885294309842243 -1.4300864462898126 0.5229448031213098 0.5221620296563517 -0.5007670833806545 0.37746966264868903 0.616625922103076 -0.18900396084622537 -0.28633141486577657 0.34285886630718987 -1.6179452133532337 -1.4493037454909588 1.1821734478395651 -0.4937675531894309 1.1346850307435474 0.042053951744117135 3.385390113955806 -0.7083855139506737 0.3792317629338351 0.040318257062189444 -0.22676106856275274 -0.4557894053031686 -0.0790191650447848 -1.7387935791926175 0.19668640091471795 0.01731776249043805 2.3998532728811637 -1.4976219629033223 -4.906343760674523 -1.2518017154756222 -0.0027423314825893684 -0.29533018244543174 1.246173603307407 -0.692251204467302 -1.116621930319616 -0.877586487836193 1.0697200053558034 -2.288416766118244 -1.3582456726803043 -1.1786030839930344 1.1010693460180616 -0.22944177978983962 0.6216978022715438 -1.4555036753002721 -0.11704173479778773
26 208 0 0 0 -0.5015477488693445 -0.0684734852957004 -1.2455196726575257 -0.2706220053095656 1.0329769344792814 0.7445773422766924 0.4865908772627069 -0.1458444531344157 -1.8848760254575965 2.9155315703363116 -0.0033118413028359675 -1.0761420605784053 -0.8510397886380348 -0.9552286371561864 -1.2421087123231511 0.6390823801506353 0.9385179510092967 -0.6656966957458268 0.41584642872122213 0.19099780633261493 -0.6092674422826255 -0.37532588740389283 0.6542334848776379 -1.7152410886500653 -1.6261662170518523 1.05425960643892 -0.3580981416563251 0.7928177859428012 -0.06791830505006659 3.5592301167975635 -0.39181525286561875 0.20550983859343422 0.15833212786697232 -0.244266093468927 -0.6196085826903293 -0.030047575704582528 -2.1725680045388165 0.30627826263953806 0.3023656038047845 2.7831803394400607 -1.3205699007584428 -5.069200853710068 -1.312969893265176 0.22670478068564842 -0.5768865246427971 1.0904049003955334 -0.6631348614227853 -0.897861492876217 -1.1236068544203857 0.8289498410042747 -2.1562607331314427 -1.8371019465316458 -1.2229349717841358 0.8974332724646565 -0.4726326114986768 0.291725317750951 -1.4796908957097512 -0.39090233025414545
27 216 0 0 0 -0.46106065419371756 -0.11319477790468857 -1.123555775644021 -0.1142235446781823 1.0330366765379801 0.49796901981758274 0.7835501764515653 -0.5023067889286548 -1.8463640695514316 2.870604920708521 -0.14811374969004187 -1.1826293738108475 -0.7706182760767252 -1.0604972756413373 -1.4744222103241627 0.37523188036186317 1.1349786263968618 -0.41041896122602395 0.814041421817126 0.1755008232362784 -0.32687054469633614 -0.20233881024446737 0.7856414969331647 -1.7991656809830647 -1.9820595439660278 1.263849865763895 0.2078494288673707 1.3004535551762886 -0.23415697925097076 3.525090634242932 -0.43037960175051104 0.42339702752746466 0.3849595348841599 -0.348350308170567 -0.9016894209025424 0.22452067396299835 -1.905547713026647 0.2670008632285135 0.0026111717975033505 2.713150714907042 -1.3294037476346257 -4.499922292457251 -1.234174659711225 -0.08692121044268794 -0.8767178808248755 1.097482400224042 -0.527243577158836 -1.376087097852525 -1.2602578940068105 0.1904902037766536 -1.9537620816445527 -1.6416786519267708 -1.3297675863705045 1.3583102771479356 -0.40221234823774155 0.26451302901905 -1.6728516056238667 -0.36692106067230623
28 224 0 0 0 -0.2733320167982201 -0.22164745402872532 -1.2648824407713433 -0.5127181096724174 1.2650859103426102 0.6567194182680112 0.6635136068625835 -0.5658496460017421 -2.217215090485983 2.877170499687623 -0.047190836382181967 -1.5637547097081912 -1.0216448203966375 -1.1519975497901833 -1.643929052126876 0.522920260752862 0.9001084200202092 -0.5673636133191144 1.0898342824665643 0.5969977165789191 -0.29606494340016837 -0.15712119830041624 0.7030484267096533 -1.9283680329665498 -1.6737080562632294 1.028756943336959 -0.07939655072429197 1.0514294647619278 -0.5154258500779614 3.200640779706337 -0.29678541062467817 0.5334996939993802 0.3101275264308821 -0.17515954085176683 -1.0473466980405486 0.19707888352266711 -1.9742959609845276 0.118444982417905 -0.021700598656076993 2.5941382831899356 -1.251961591775328 -4.315188323732942 -0.9077272529525978 0.23202632192400355 -0.7339511240192866 1.0351827276013046 -0.39451116455527224 -1.026656235258762 -1.3511765971414471 0.2744157955605831 -1.7355135269377153 -1.5545734918761132 -1.2933684287202933 1.0204287834372097 -0.37263642100359445 0.19926889874712214 -2.117934310308188 -0.6476237710422943
29 232 0 0 0 -0.02405122497050221 0.3194653384959118 -1.2855719744404035 -0.32091676698700955 1.3186464215119313 0.8367100851659258 0.6326941603814442 -0.4828125519031036 -2.199466818462419 2.67434190559894 -0.2398007465767421 -2.1765823371814492 -1.3479318540200185 -1.3974169131774308 -1.7560409191995818 0.394920379813427 0.7958447035182467 -0.694696092451992 0.9747105926893622 0.6004549337532177 -0.2989199860249107 -0.11662468975273908 0.9366200924012832 -1.5883282778088272 -1.2669889209913858 1.102575334025126 -0.09485923557332682 1.366370151821882 0.034031609718063 2.7730272111696763 0.1121477499120779 0.6104161144265121 0.2531847394053312 -0.20823483758336303 -1.4274960508482377 0.14935679971254687 -2.167757143169482 0.5291843826432114 0.10249614768525601 2.664997957174746 -1.1186495301260704 -4.574904595712396 -0.5420343302328945 0.1606946531578933 -0.6031917478695532 1.0094787616130243 -0.6878009880907664 -1.0018083779714002 -1.6213613399099647 0.1463568308140144 -1.2179054013778052 -1.4234714094626493 -1.2924771680121419 1.1439871787163005 -0.4846803860910064 0.4168220438351681 -1.791200137759684 -0.7699151895267021
30 240 0 0 0 -0.09787383751264722 -0.027469741147791465 -1.1898949165847665 -0.2260966491289127 1.5668473307822728 0.8183791414477387 0.45481325468202344 -0.6011326249708195 -2.530159052481186 2.7465426535097714 -0.5279091108823838 -2.1257238117482022 -1.3693239087840354 -1.1232856340361386 -1.895365018078071 0.7769834839814895 0.858959593119045 -0.6546146313723031 0.8094945583890283 0.5887216902472093 -0.377515276597732 -0.13939271715737958 0.6724256449663581 -2.1529088350854435 -1.5766420992912051 1.1708687854633393 0.5525630521105758 1.557423558190067 0.0034727855362556015 2.7359017547227777 0.08020791920644954 0.25987335981565673 0.34603202301598746 -0.1929240374918076 -1.1207294912626167 0.27553611898199976 -2.0681248042447273 0.8047899715939582 0.20285443977528145 2.755150409205612 -1.1669751202319198 -4.521753503979932 -0.3441629413605764 0.23842901995581894 -0.643291804581555 0.8907891749236734 -0.6360801557903727 -1.1310558953426368 -1.373418864456946 0.009406301857053656 -1.7739987780639672 -1.2397142319849606 -1.811346631155227 1.2170240714969254 0.052433716571332806 -0.19978708315985985 -1.423210222114637 -1.0167273257819827
31 248 0 0 0 -0.05341953372121053 -0.1587360288994455 -1.051916082944965 -0.1373235543294968 1.3960614987218416 1.356102457377293 0.619240755244581 -0.686975385855293 -2.704782343858941 2.714458868491138 -0.4001934784384402 -2.24579011058882 -1.313863429505413 -1.1348143722629285 -2.6761561661672344 1.2061654698882578 1.018079407607131 -0.9585147039061355 1.1092729252283975 0.20118608003173122 -0.3875488308900689 -0.26551272516928803 0.767694733364483 -2.0366295425069083 -1.8352715633036811 1.7223931312266878 0.46499545920686247 1.2972198195775646 -0.18724697636288767 3.3156238499729316 0.20441216405149393 0.3048523528980673 0.21589714221533113 -0.3525224729548329 -0.6912973572691418 0.2493428950943501 -2.2070820041709593 0.9199741413774274 0.30204011719757284 2.893265236625736 -0.8893654798845535 -4.791532518623054 -0.3164722191060176 0.5854493360634864 -0.44636490680667396 0.7935475597786801 -1.0689144637122443 -1.1626194548707487 -1.1733347824619456 0.15149874628926302 -1.7487113401654235 -1.0780312976022202 -1.7434310084981672 0.9190892914132122 0.025389875068984324 -0.5013943928917132 -1.5123009285471802 -1.1287636813782633
32 256 0 0 0 0.14181588562876019 -0.19763747792069306 -0.9176990146559747 -0.1358727070207551 1.61054192693096 1.556649305055507 0.8721452696334622 -0.8698755004737124 -2.947630886053987 2.4992697064689744 -0.21660618809325266 -2.3974509464441645 -1.4256851999231541 -1.0608626457943326 -2.645175538858205 1.3326236007543057 1.06952082921769 -1.035682447137822 1.0421857944480035 0.13688003124359965 -0.41784639515770144 -0.3060402474638487 0.8539161245550639 -1.9756988393073756 -2.1446234943425804 1.9866498197095646 0.9578105270113139 1.456171320305711 -0.28388682459183334 3.4698620477793876 0.191772998973669 0.4149876292719009 0.4534074119206328 -0.5156513281999243 -0.5428238699791826 0.24080166105241144 -2.1510065427764875 0.8013140393905251 0.06639740554719098 2.7136471496041503 -1.1637372841182905 -5.363759606041685 -0.6758188570105528 0.8806673369722007 -0.6893286010474727 0.3537700389590528 -1.0237848018253466 -1.628514835865198 -1.1105503216079038 0.031190051399582627 -1.5621890322559417 -0.5834231491434217 -2.0451128542049704 0.5989241327532111 -0.3213048448806891 -0.521576019710114 -1.3914552961796272 -0.855858767731378
33 264 0 0 0 0.8534643449034434 -0.11251407570864791 -1.1020477317584914 0.12596990644933792 1.6674895425571306 1.5337097063645058 1.0060114288767972 -0.7585839989690795 -2.8464451841479246 2.30161314936452 -0.23330318596752048 -2.2834207503287187 -1.1940170934877024 -1.487149762131456 -2.607475714419414 1.739366677660362 1.543204310418373 -1.0174505871186268 1.2559886340151432 0.18636003063234166 -0.4551030576505012 -0.09095089999807274 1.3044229126406988 -2.25160209037272 -2.245126814384184 2.1055954647181125 0.5742444883371283 1.3197140991139615 -0.20501313508597868 3.4788267681803164 0.20881323960281595 0.21956753296646805 0.043709646238709154 -0.438438405761003 -0.7476947966163736 0.3084854791867277 -2.092024263380756 1.0754539225028807 -0.212124533235026 2.5164368168959794 -0.9247660594062034 -4.949591186643595 -0.7196961008267098 0.8544045145185984 -0.9528377472161358 0.5581208026977676 -1.103338743923925 -1.840049869856872 -1.0469533356049319 0.09098899727941615 -0.9704044471551818 -0.9751656273234521 -2.1612030538347176 1.0011882689771006 -0.5404411573891652 -0.7981915912087499 -1.3253579413511394 -0.65842699654764
34 272 0 0 0 1.2605066661885775 -0.23951645531450505 -1.2359032157533412 0.1032955622071106 1.8327872397985507 1.6437462789904265 1.0431803268360218 -0.5813546786623952 -2.7846224631082697 2.3624918138778774 -0.14458458874249666 -2.165435552783994 -1.3060651279799682 -1.601708478201623 -2.759622238087318 1.9627089802567634 1.2865278108222482 -0.8968416382362271 1.136209882912268 0.27650544231579377 -0.3828185575111509 -0.20024234052344597 1.4269080495957374 -2.091897322351836 -1.9371004647461743 2.153577440902353 0.3852438311369065 1.2389204550399204 -0.5902629323321394 4.003853014754233 0.5535515643557656 -0.05023004887437742 -0.16477669874570547 -0.43061749662345394 -1.294522339479534 0.10399165791880254 -2.047045103471774 1.1250993702238494 -0.12601099170122912 2.3830801672077166 -0.9101139383117519 -5.3258644932386385 -0.6280205976189135 0.9419253053262103 -0.7011927595425793 0.6657020881122393 -1.3662398906871842 -2.2483269331969598 -0.8137661852839868 -0.04037828198131618 -1.36819536696026 -0.9036799359826442 -2.3331681925897665 0.8100883077320753 -0.08507395536759374 -0.6683769844685065 -0.8140587355321857 -0.6572352903040316
35 280 0 0 0 1.278334905792616 -0.34888348797316693 -1.4935939887011966 0.25928456823865526 1.9484593751759538 1.7689022231024267 1.0967691162923003 -0.6932636376774838 -3.295326558613568 2.16970172530352 -0.06237731475448027 -1.9606012696947364 -1.1304947101755367 -1.4371921023148706 -3.1381226549074297 2.2185362178020505 1.1334805781163482 -0.6519026008540457 1.332127748516695 0.13853011126630282 -0.26837396446366624 0.01707579909268625 1.7606393380110164 -2.6961425636139382 -2.2614451519294274 2.439146012091554 0.3897812584059786 1.1552023398196163 -0.7133397112867647 4.259867458457343 0.6571200285751442 0.08901823154332053 -0.630615275692387 -0.45765793874854477 -1.2898371130317456 0.2326547781963026 -2.1295117211865406 1.2247904003225707 -0.36439934602642376 2.082500625565234 -1.2013634032117015 -5.212534928065803 -0.8041088813055218 1.1448131521620815 -0.7868842713734687 0.39947221275215816 -1.5640134315478762 -2.5522240827066907 -0.5925833422409167 0.005412435312834793 -1.485651214091578 -0.7807401996202359 -2.2538519382090487 0.83902092079598 -0.33282852410173425 -0.8840164589488513 -0.8809221473767412 -0.9666525606368775
36 288 0 0 0 1.6030784109613059 -0.41249377896512907 -1.2358631798287123 0.5996249220634696 1.9708784391506682 1.646205504087471 1.5483610000621288 -0.7762598800043061 -3.7590247572929947 2.078836729319966 0.3153526572318984 -2.1018678416411833 -1.404178540906257 -1.2781165993705748 -3.044211324280676 2.4464546074031204 1.3290966995222706 -0.5851029884673064 1.4386461437847793 0.1365923199195346 -0.25182224715315277 -0.34367438792786476 1.592034904437615 -2.816180286442484 -2.6659243329162767 2.5795166366216837 0.5797824021586102 1.2046102645929277 -0.9893909435700665 4.501357170104596 0.5795100983108828 0.33688805703123115 -0.9376482594315856 -0.5308696784549849 -1.0652770620761065 0.7915977221526038 -2.4206365707727713 1.3148301705877075 -0.29011640533665256 2.1469190998449927 -1.3524867022181772 -5.410553992890143 -1.18830586664378 1.1013983428585836 -0.6745483886275582 0.4156965172972675 -1.7813754895370388 -3.1526415139062065 -1.0956463844861262 0.0861188527048542 -1.9024798445022855 -0.7195549675229176 -2.423633491956199 0.9444134643694142 0.2080661147215218 -0.8154981736046127 -1.576345683988003 -1.4284803560214976
37 296 0 0 0 1.4808709365268398 -0.5146116323867004 -0.9757287276085848 0.7018802034251104 1.7708327951303497 2.00388536365653 1.47485813076121 -0.8759713861572137 -3.614456460449569 1.5630636776097875 0.21764416435146483 -2.336185567885158 -1.877244945725454 -1.6311723411323604 -2.906757008540919 2.9441989788419045 1.3519151762776818 -0.5802549802292594 1.3346800451331078 -0.0008865284844310657 0.056914576164995345 -0.2547327336355677 1.7590591407599214 -2.4933470821756467 -2.442100103325301 2.8442783544542367 1.226781591886519 0.8319065532089681 -1.1919579212905302 4.609078575241137 0.338598217806458 0.03082883439471695 -1.0189055262442357 -0.18485922621822715 -1.0908621491837975 0.8355631206142504 -2.411051851754346 1.294955961779875 -0.11522153410623517 2.2924782297044697 -1.7823510693588918 -5.456522909680748 -0.8748810644532663 0.8815942867080053 -1.1138401415905608 0.38580324126725185 -2.1580267024063646 -3.2936957193286225 -1.0976688011331426 0.14132099615252958 -1.7683406234518488 -0.5869744651256986 -2.9657796683419395 0.6758077116038694 0.119794298207913 -0.9263801825974902 -1.1700730843496976 -1.6917710406644855
38 304 0 0 0 1.5942815559821428 -0.20780102590697344 -1.0885490030045413 0.7653976822021304 1.7642313482873206 1.99214242128154 1.2534580520358418 -0.7389096111038332 -3.942801843057426 1.834029834613117 0.5060474850038159 -2.5790597268637643 -1.9114267575172421 -1.8112955014782917 -2.701959462977042 3.16480089055964 1.556002683237671 -1.0817597807725694 0.8574917141683689 0.21643388047298873 -0.014747603044972354 -0.18203304559493574 1.5875761708141138 -2.910871921648023 -2.3618809308057935 2.9197024940978347 0.6973620139293275 0.6630448346778819 -1.0187858446542999 4.903010925190686 0.5752933022776419 0.17112288261744774 -1.3640776774585168 -0.40892277595244153 -1.2197000233307895 0.7046014302560887 -2.3498030702102986 1.4111692989236357 0.0643650298137171 2.489170143454033 -1.9137081529150477 -5.337667961221819 -0.8251748748614371 1.2170249662750257 -1.3708145086040475 0.5578990628870754 -2.1714492809248718 -3.14607964707465 -1.01966357887114 0.36161358492040685 -1.4131724008775866 -0.05148295977825812 -3.004726465301906 0.16235942115577812 0.6388034818164127 -0.9967009904118074 -1.2824003069558154 -1.447203084602404
39 312 0 0 0 1.1443358050702204 -0.14892952647426633 -0.6621934379957604 1.12312985146754 1.393104356573227 2.0963412402647386 1.3160333101771045 -1.122649947957717 -3.8158066745954864 1.6771983905620598 0.48724380648960675 -2.4796956299403967 -2.0513973503333203 -1.7442034448220924 -2.470582755004664 2.9521439379967704 1.0846931474440178 -1.2209192992011926 0.9102258531865091 0.27649003677980233 0.12034272776912258 0.08386134494662102 1.1034166292435896 -2.5557554129511275 -2.4534403446218187 2.6355651579256216 0.7068792868174003 0.8276380341076468 -0.9223908922157729 4.717713956779748 0.6398723482558941 0.5017351814451538 -1.5724153575505588 -0.037308474899409444 -1.3154989256776015 0.8861624580136139 -2.561635282159122 1.3653318816673146 0.35757240116675443 2.1355934672352612 -1.366582952960014 -5.126931289694512 -0.5634327980647049 0.9734346779415046 -1.8574997904785968 0.540654107082902 -2.4774906264940864 -2.7382239955872913 -1.5741480850824323 0.014405812920792072 -0.9309994796993482 -0.03775663719072925 -3.304915970284202 0.01030714156001113 0.31473797233037537 -0.3858782514417366 -0.791303582915379 -1.722912744585566
40 320 0 0 0 1.0482887025949412 -0.366030874101523 -0.6080937679624251 0.6457684826584638 1.4364644580413293 1.8884544743788907 1.6225684457913032 -0.8487243068651193 -3.5073590235795358 1.1245574536915866 0.41079938794567994 -1.9928031264397439 -1.976546566451201 -1.650525298981162 -2.4873726977673978 3.1118196316192535 1.473424493108736 -1.5212366579691885 1.0358921758833528 0.3881055978099391 -0.29865272260410386 0.647032394716423 1.056340581088635 -3.166737787555001 -2.8752246702155215 2.9681804798077005 0.6775108217189423 0.543146370219266 -1.2315950192829208 4.700003429408424 0.3208171516070723 0.8414548487708511 -1.643398215089264 0.07114177798318416 -1.7456883034406785 0.9122952439247353 -2.3141372636838673 1.1090111203451516 0.5336605380956148 2.512259979796271 -0.7517568454847032 -5.039923616950512 -0.3633780299381474 1.0441738772451572 -2.3311764378778133 0.4056113222847474 -2.439905813010629 -2.5395738139990516 -1.6522372282242068 -0.08032469260093017 -0.7101432791496216 0.4027830516731173 -3.2264957142750808 -0.20100743013538436 0.5012013845333859 -0.6009474120251901 -1.4452751846838905 -1.5695905690091667
41 328 0 0 0 0.5284400923706735 0.008090511494327185 -0.6960776535851514 0.8644846168210172 0.8456177765733636 2.174935157736532 1.6329577723160025 -1.080930321437032 -3.239595935958354 1.4968645958416782 0.30999524584249655 -1.5809130645006821 -2.0609202803622897 -1.459486483004338 -2.103219727329972 2.677554292440492 1.7731606551841026 -1.0059252603948856 1.0958817021544367 0.32683307225598857 0.13565395934214125 0.8861104971640013 0.6669586860280026 -3.185683277108459 -2.4511678138572144 3.196922331510732 0.5885017972625988 0.47691454017985624 -0.9995383379360931 4.802989139381116 0.4480022813648512 0.26682341551035504 -1.8895631464345695 0.22654074267351015 -1.6953662396889269 1.5412841682518323 -2.121533964335889 1.0783201100668207 0.0938441086458133 2.668865313365086 -0.6010929052914746 -5.145082161175221 -0.43107972649825455 0.6674087858507574 -2.29281044449506 0.4158985780730523 -2.4536219558584644 -2.2414372323641185 -1.8232225422836312 -0.0028970123341836573 -0.37046781728733325 -0.2927014090181145 -3.3716016323215805 0.16055518144289138 0.8544825749124562 -0.5257062220421017 -1.7482975883656968 -1.6413245557996663
42 336 0 0 0 0.5229616837881607 -0.26142188053375903 -0.9206442304935967 0.6621140276304049 1.0362634903908539 2.823129601285185 1.4352888064381522 -0.9032059878614378 -3.5995815758524285 1.8682427999226636 0.16421201764821364 -2.2337452641840154 -1.566834213856699 -1.59948520068308 -2.295374366057726 2.825584344824028 1.448280201325716 -1.461752324815916 0.69864740873931 0.3846154107672264 -0.23696236935309808 0.8816440113807578 0.8521122134981508 -3.3535973468915934 -2.463512365057962 3.483009403705267 0.663590703032923 0.28215091829477523 -1.2049844457573093 4.707926549184644 0.5205103812977877 0.2450513383838031 -2.230888673728318 0.31348145152023077 -1.952425649165206 1.2128827880728041 -1.6992971491395652 0.9875877510549632 0.22283251504483712 2.777463471217094 -1.152379546366371 -5.219066568481027 -0.6277543071551948 0.48726184034291875 -2.71795527546384 0.19395852487959117 -2.448247853372442 -1.9331070716536973 -1.579906922289445 -0.5331798044521251 -0.8710876441303196 -0.5751020747835802 -3.8199418536149157 0.28120166195048607 0.7290270718826705 -0.6707723500932669 -2.184346809005937 -1.9218309986254378
43 344 0 0 0 0.7274254313290691 0.17014598922533877 -0.7880675971238531 0.5868213815032454 1.8485963190861743 2.9742482174398353 1.6461595765096129 -1.319560438509085 -3.3783369699399084 1.9621468382419112 0.09150405864684513 -2.6210061966154523 -1.8516370044506827 -1.5504731586420957 -2.432996275876671 2.9415289131073132 1.6595925195639651 -1.533558083259684 0.8214780211922402 0.36999805255249474 -0.07961898139308726 0.9003077912092101 0.5397051697405439 -3.3782512940530447 -2.836183990260086 3.8163061733212205 0.15175689356035435 0.3901814203385813 -1.041956269980438 4.828086562016541 0.6824587530515935 0.2833930243357069 -2.215275138325477 0.04567025972894784 -2.3233185691222165 0.9948675603409001 -1.8122844526057555 1.5983675431353028 -0.13206998181665194 3.2018282148738337 -1.1666615130160034 -5.351721412778327 -0.6713476420749227 0.035641049398014574 -2.822948954573926 0.5118443494789129 -2.472079681639401 -2.15595816269516 -2.063109020830025 -0.712460107485162 -0.8563939258563142 -0.4300073412616855 -3.5741537914590653 0.1270706540314362 0.9721462374611702 -0.5714088274935467 -1.8754235293546166 -1.4952023224157782
44 352 0 0 0 0.5583579755967099 -0.01611479436729546 -0.7203342198210313 0.5107814560506928 1.50380739280062 3.30739057324 1.494423867327467 -1.1686114783620083 -3.4320147013313367 1.7428057026352672 -0.1541749594815031 -1.972887220824338 -2.172914224903198 -1.9242862341622795 -2.234793548502987 3.099676154807583 2.6452916957974413 -0.9423023216263684 0.70317440521902 0.42438770499809403 -0.08002510110660038 1.2311669339730495 0.1401048046866336 -3.3046524485044193 -3.020954423457803 3.424031418174234 0.37873674082512 0.3605314607336362 -1.1113340509240288 5.06866675900362 0.6757585117029768 0.2460812243783998 -2.487930525093516 -0.3191478414587215 -2.720621971727867 1.1005628588502265 -1.8265673247915473 2.469130868957723 -0.38899326931275036 3.1960315543301507 -0.7929415089897572 -5.527015252874097 -0.8792057056150873 0.14239119811584577 -2.830602783018792 0.08554223733816455 -2.608510204037109 -2.656988895228032 -2.2025952253067396 -1.2893504260928412 -0.8561186804730208 0.058786460559589096 -3.379938563635443 0.5163555520172726 0.8610633014065046 -0.2671445721157789 -1.8477734464234994 -1.3937542583933213
45 360 0 0 0 0.10582555130899521 0.12911199097760365 -0.8422005991273059 0.522032065136388 1.539686229975612 3.6335296288579335 1.2636080743187388 -1.2182267881382356 -3.318254278182647 1.849753146107337 0.04719072856841047 -1.473962371536764 -2.4138092698564044 -1.8702340647335702 -2.1517628611374167 3.1695692786909273 2.347021226008637 -1.325035261538022 0.93943070629162 -0.026527222771214394 -0.23289709059170016 1.4234482146547878 0.07965851428255069 -2.8442686049614117 -3.276580180734728 3.613483715880446 0.7981106331195411 0.5480865546811227 -0.914940460018465 4.253315903038548 0.5056434804656444 0.0799603168019124 -2.1283460187229006 -0.18142098540115398 -2.392705710185626 0.9718802541051611 -2.0003305405655336 2.736642370986607 -0.15887395869870385 3.007952878943356 -0.7371522007298439 -5.4479951220362395 -1.351967344402178 0.31764922108743177 -3.087465606261969 0.002893713398733455 -2.8298290387412113 -2.9262918664973587 -2.2979472599527795 -1.3486871593447987 -0.9566999804700461 0.4559109658808552 -3.1900618643528187 0.4864592132143227 0.5376085915737774 0.13823157752991871 -1.7168989236414665 -1.675346368767644
46 368 0 0 0 0.4161869727504167 0.06147684075387805 -0.9158491369356755 0.8725737810437867 1.6208427155296699 3.904253855055096 1.7147716665648478 -0.7703060242764961 -3.5523713240399184 1.8799458136256915 0.1685711628699358 -1.2695334925286503 -2.642758105148124 -1.5037557725660577 -1.6464808986505386 3.3878230186530454 2.4604943772864143 -1.8077507687162002 1.3165879157104547 -0.3775949180851621 -0.2255363800653324 1.4751278257510956 0.22977483140800742 -2.654028663067244 -3.4527111347246193 3.247594464887079 0.7316421392196815 0.1316963964986434 -1.0531927377781973 3.5894615137780925 0.1624451404711438 -0.067357869172754 -1.8072236852998147 -0.21610556885657384 -2.4338275405621617 1.3123957251889462 -2.404113962060409 2.5531320959940795 -0.21764101359447624 2.9701191292955493 -0.9301730768539445 -5.631738854982757 -1.4884685543660052 0.3266260263907783 -2.999826390307747 -0.6300238676993622 -3.065056245471406 -2.9754465061068944 -2.758187308263108 -1.3174377418332486 -1.3962247143439175 0.05226067224667634 -3.2537566661860913 0.28200052579314905 0.4180653201093744 0.17004180577962408 -1.996988024371684 -1.4011627854282815
47 376 0 0 0 0.31530894848802543 0.08464551472866885 -1.0808051863023918 0.6098032774934588 1.5645466800845045 4.439574911130639 1.701582791300273 -0.2676854097572937 -3.270147384627429 2.1884939047338587 0.537672903009781 -0.7293592505010925 -2.760167058406517 -1.4624077187073228 -1.5962848417944848 3.307122556625802 2.5131905958263783 -1.9228316424086227 1.862550827040419 -0.25679693274633975 -0.4345489270656784 1.4135690082995382 0.20711376995054293 -2.3107382584841125 -2.640984622615452 3.144235186018344 0.22921294425425973 0.25421654842477936 -0.7462999662498822 3.663743447141245 0.299312383192009 -0.0726557476714551 -1.6003483820649769 -0.426229997244864 -2.587512642452857 1.0550325200353177 -2.5510616602068295 2.7133288324448714 0.05437551449824421 3.0343879711342607 -0.4425902075848006 -5.869226595974151 -1.5206724652670927 0.478599778627539 -3.016136437154908 -0.77865302813609 -2.8835230778899996 -2.5790537378244185 -2.548581851938234 -1.420021905887746 -1.318984042312846 0.021624682735049555 -3.482620645890741 0.4689962451156707 0.21985149530082126 0.27791829942152657 -2.2830440392651856 -1.4501694539552208
48 384 0 0 0 0.8103808349578846 0.1468692733927966 -1.3236486029425818 0.4089603904106836 1.644293242103058 4.283693661527485 1.1812694878635486 -0.4198896595617125 -3.3642256795800876 1.8082370399658747 0.06361190465416496 -0.7010710856751908 -3.0657130368095493 -1.6694391862794498 -1.5738377435640436 3.683446911359538 2.670543455268996 -1.7102059489716597 2.1382310691058337 0.21124380362938203 -0.2715500087215374 1.371327739470863 0.2131395173010647 -2.088830497159794 -2.2407939727341626 3.550988744708812 0.23559403963157816 0.2501116555184128 -0.4973920345056484 3.8945520643489013 0.3428771782029949 -0.5360161893817952 -1.9376939322799345 -0.008874542884510991 -2.4255412820657147 1.1745361316434262 -2.4070104375659893 3.4016134228054677 0.1257083058914276 3.078180554950931 -0.5360729043967696 -5.939794678221549 -2.049129753054046 0.5955953121068716 -2.9379817452320465 -0.2840097906305096 -2.805258592179826 -2.369977073954668 -2.4654384015551036 -1.655028157918451 -1.2349266289008596 0.24671885972657404 -3.793863437454662 0.6852771355533394 0.3805629786773703 0.10041830820826778 -2.4202571615985047 -1.132429237126041
49 392 0 0 0 1.0001581365370047 1.0089533484234527 -1.6443523353785494 0.6771700841551163 1.5636725179999207 4.476429557735869 0.9549902124608578 -0.568742543241481 -3.9489108495840255 1.6845508596182195 0.45918961710489714 -0.5636653700235991 -3.22332232366258 -1.7457021526292587 -1.5391246657205966 3.5643630466582286 2.624315904613882 -1.781562224193577 2.5921863083831544 0.22434938417255967 -1.0504893138372136 1.2233301532206415 0.37831060620799567 -2.18471945424406 -2.119261160200564 3.6195611026361316 0.0872720429092771 0.25853155475139256 -0.7376286958989657 3.348856603182618 0.4724919796713962 -0.5830411572263005 -1.980213276281817 -0.10776541080574734 -2.4895959747137413 0.7265800542729962 -2.3475554959916254 2.803822368283668 0.03524276769404758 3.1032363189982934 -0.4373986382314066 -5.902918489373308 -2.0709519741718165 0.521600894264264 -3.052229732027242 -0.48835968423942006 -2.9355388064834744 -2.4549749637347844 -2.543759732995491 -1.78107927046503 -0.86329369484206 0.2628443460380406 -3.067285623271216 0.6986942011997888 0.3538423815234135 0.41875747681180014 -2.738613383774124 -1.3531867540601417
50 400 0 0 0 0.5154762381201486 0.9574665555696302 -1.6232846686721056 0.5885003821121118 1.4831730820536033 4.335417797328645 1.1141700884117136 -0.3797137857351654 -3.8602540901923024 1.91716057300293 0.21479509771457572 -0.4365760094295752 -3.31345467711865 -1.2582930558695427 -1.6982291145697404 3.7409771326291508 2.6582882523055593 -1.392812887828113 2.4462189973983954 0.3810974066701952 -1.0859125919477648 1.258208562851764 0.14492655574818403 -2.928420375397635 -2.16320962361233 3.8184189645416353 0.08213259250890137 0.2999574893498801 -0.793014602196936 3.5819302432918745 0.5375543657632715 -0.738535444897531 -2.1763678868580634 -0.3231072969406086 -2.432541544398962 0.9892229867374956 -2.9233760067052996 2.609504565132795 -0.05293642012206251 3.156826118346757 -0.931423311811171 -5.895157899915359 -1.752182162954421 0.16984862472558765 -3.006076233107967 -0.3766927111875303 -2.542898395126657 -2.376786471843485 -2.793222856530131 -1.564293492379463 -0.5138540643716789 -0.10321508269699678 -2.6896289715048765 0.9123122141267369 0.449727517641915 0.21660706396400592 -2.654710146525632 -1.4264470956046436
51 408 0 0 0 -0.0667082254061772 0.5678330604147435 -1.4735406486204867 1.1422715738690568 1.4553608489703453 4.08838602757732 1.1774006751707489 -0.26066491753928683 -3.556165678913577 1.836190889634842 0.29299205227374203 -0.4511140274017157 -3.3168107843292742 -1.379615636557945 -1.5917200926728057 3.508034725786222 2.3341025080546105 -1.534567125307047 1.9689316610449792 0.1941925509064406 -1.2653689404597108 1.6392142927251012 0.5768514248195545 -2.912476849621931 -1.7425650692267518 4.364511848108498 -0.27776712703145173 -0.1495836423705809 -0.8892750421615593 3.7955763360358232 0.5989690366812442 -0.6105203809686655 -2.4806896482940224 0.15813115816400766 -2.5675698786305743 0.6761244079664985 -3.1120611329034027 3.1080285316547127 0.06718509978315772 2.9845131608623667 -0.3855697681092647 -6.177031375255876 -1.0419270621997652 0.501675618199523 -3.2550240581159415 -0.798056324392777 -2.3278623077714737 -2.113505841705625 -2.3740680849445455 -1.4142652478302187 -0.26903441818775475 -0.19404424800006137 -3.0429970788316574 0.6852229492637837 0.5700617732346583 -0.08402527046739933 -2.143091067606503 -1.0733698618113237
52 416 0 0 0 -0.05210782425732913 0.33501288883397534 -1.3413063539331231 1.3032596544476505 0.8627538711742577 4.35538440147375 1.5160643389687278 0.13091861488730996 -3.169877815850211 2.0421009970491615 0.062174026081998054 -0.3359896886049831 -3.2091187861416848 -0.7985406571800555 -1.7098750720442495 3.806558875928556 2.055969664413121 -1.2806358582165402 1.5048505396647849 -0.05645460803360149 -1.43908481304294 1.583380787276375 0.7437935156227466 -3.327179622540505 -1.8173256506038538 4.199424166151454 -0.3000180872100015 -0.1421281296344872 -0.9394737552381155 3.720970771017609 0.253988777885932 -0.18969862050957545 -2.474956463867722 0.525158630796926 -2.354457616750683 0.7667410109638841 -3.4045353969353624 3.0839760545917905 0.04827275875935371 2.981721375032866 -0.1787675126216028 -6.056827397614535 -0.7785738784109401 0.22671698113753924 -3.1621543237228504 -1.1639570506535757 -2.1100171289785608 -2.1536291773190186 -2.3511408221177286 -1.1795677585295483 -0.2844659234453334 0.06070710122221837 -2.690113841112738 0.27175513962433817 0.42234154951122715 -0.41524705183809585 -2.0720937896869986 -1.001517129244275
53 424 0 0 0 -0.14129156284544575 0.261040663231617 -1.2824167597087048 1.1336821754342776 0.8503836213865845 4.442561360865475 1.5988164566173113 -0.32688234154671403 -3.776388104644879 2.807541086788084 0.0074877111776770755 -0.770000242742128 -2.9613612682345334 -0.6540445557971089 -1.5480370039814624 3.9128915245744285 2.0835810966469417 -1.1964489971184062 1.4512002377077906 0.026026346332866074 -1.6728739255975125 1.269214608007225 0.25117149174534426 -3.2004752673423784 -1.926150170315725 3.835137589314433 0.00667869014776537 -0.16190530010193885 -1.3830903802013994 3.8173765699221667 0.7475805877000035 -0.07067659069647092 -2.033104694762897 0.5171953445471136 -2.632710500637929 1.0070365649399942 -3.5633989795711427 2.9700423175969917 -0.12276301727748071 3.4731534520056213 -0.297440249723032 -6.258737143894126 -1.0401875026289105 -0.17122999143427986 -3.2051505822125557 -0.8942062809937957 -2.1512782152392735 -2.32090141494597 -1.9279832512315283 -1.0657156214424448 -0.2597427102032903 0.32484175672636745 -2.73352632290847 0.5443526182325235 0.8784399249965518 0.09142668572402388 -2.181627367938896 -1.6240365492222846
54 432 0 0 0 -0.2547816071373466 0.26872658060797866 -1.4325060142662431 0.9255302567828447 0.19304403755822064 4.243436555037937 2.3208850635003873 -0.8747978967908846 -3.877164392709563 3.0568911052867724 0.4331833944582814 -0.8604320824245852 -2.773247596464686 -0.6731088055339888 -1.667159203932632 3.914780544592963 1.5894525224964404 -0.905179261505795 1.2765689567462672 0.6308108172329264 -1.7529733827193557 1.2690026798839982 -0.21113367370299718 -3.6265236897672057 -1.3562826901950535 3.981946095636597 0.1610407799135055 0.03348140642952459 -1.0275274129132133 4.09771672157628 0.26709931229587375 0.025907184445150444 -1.7675235158210412 1.1269420759357218 -2.9480957572251545 1.1845265663646343 -4.040914933432144 2.5067413533079717 0.03370809529427559 3.9659523108339556 -0.0959395229362417 -6.151808291313433 -0.734645174787242 -0.2600706497703144 -3.046895046010779 -0.5586685130449618 -2.261386496231537 -2.2632262571137396 -2.0203035052690055 -0.9358444113259663 -0.1552540671871477 0.017129622879081985 -2.955138879233375 -0.01590903132384404 1.152201081643934 -0.0377773846109091 -2.21661304440494 -1.259735155910791
55 440 0 0 0 -0.39770240404613355 0.24586794474792456 -1.6687022471597133 0.888739291508833 0.8510335409744771 4.447787983745233 2.6253942990870254 -1.1286405788780152 -3.5930550439638624 3.0497868342424104 0.5565013131973423 -1.2077459106316146 -2.9062485072305133 -0.8909027914417166 -1.6474295079601147 3.8537348553122186 1.7870135934536977 -1.174352799122797 1.385425385107536 0.7007600971472392 -1.1629883559440395 1.1836118122287649 -0.4664402848349616 -3.7245175345152175 -0.9751566900568129 4.715263867927995 -0.10295300071651826 0.20881977945336025 -1.112515779970818 4.21120144890254 0.10225385112145276 0.12098982964409305 -1.5997770886250735 1.008818329158564 -2.8956324379869365 0.9734100127334526 -3.584083162470644 2.3135744133090537 -0.45722812876857827 4.165523008040241 0.1390079806572245 -6.241034707757761 -0.7077007103161803 -0.5790967630921525 -2.7445849620011487 -0.6726869837262115 -1.8836545260349742 -2.623423696168261 -1.9395459492375282 -0.724338611134097 -0.39661080769396023 -0.1294042326993196 -2.4074643174272037 0.37587878291571153 0.8189460185852124 0.10833872022893948 -1.9960786232434586 -1.4115967625317745
56 448 0 0 0 -0.5866398672699026 0.41112706010291533 -1.6033251499934722 0.4838402263945876 1.0800092730901933 3.914995756345809 2.911536678872792 -0.8955916597776052 -3.472351365661601 3.3332836858459083 0.442099252601759 -0.82900486547182 -2.923596717743364 -1.5269147760425112 -1.2618074052032107 4.08070518816389 1.3202756635089568 -1.3582541253477738 1.486721011557144 0.5571126942046258 -1.2642014744286456 1.2744921768419168 -0.647697101134686 -3.317136133005673 -0.8214188451061439 4.797745930528516 -0.33810073649789574 0.04809984232602085 -1.2718448924876662 4.083861184632122 0.5798638376627019 -0.16143938599302965 -1.722489573124986 0.611578982490386 -3.3847794006348453 0.9837441287090111 -3.3238196271539007 2.155450183700077 -0.1990212729190566 3.684714901838581 -0.2754141932961104 -5.5167978082973494 -0.775469649114965 -0.15323187659548745 -2.6901058319146034 -0.8744322826199729 -1.8804018088654078 -2.5685109279182794 -2.077051977581421 -0.7745226448577758 -0.18941927401963873 -0.10744199932602297 -2.112355054752988 0.21898205882169475 0.6854845713842318 0.07844932033042752 -1.8072479434435889 -1.3967708075833316
57 456 0 0 0 -0.8678797541746256 0.12165469815202894 -1.3797739071149286 0.5957713710410212 1.290938721546524 3.91792360410909 3.060087075274254 -0.9488694988411572 -3.858701882091974 2.8430280257531857 0.15454753104228525 -0.7156004711707338 -2.9531817955550457 -1.4985013399589446 -1.7295194247842485 4.10080578047476 1.208601380337421 -1.5125444502449197 1.4923765055018627 0.0021472870903467 -1.3120080491651744 1.0553109390875857 -0.44767441651252976 -3.4786106095640976 -1.1488293962096603 4.8386722496731345 -0.27737199402372686 0.6612981399513264 -1.0965590506299423 4.245318391950856 0.7104879470858836 -0.19045635326097587 -1.3712865364284372 0.5520529947731334 -3.4950642496345425 0.9562972036403117 -2.7762705543519473 1.8580430225120272 0.3421809853377974 3.624046261336064 -0.09402413293319978 -5.874240827257473 -1.030364799256698 -0.2949525650679988 -2.8393525800516217 -0.9587910800488293 -1.9823356367222793 -2.5904216498151804 -2.2177832029970928 -0.9808265118459962 0.03217289563527351 -0.5958439407606273 -2.4891009351364084 -0.04640399151964368 0.3585121864603965 0.035465272999572764 -2.2974759533714386 -1.4821100785264085
58 464 0 0 0 -0.59840262056393 0.7007430973799944 -1.1404269396389843 0.8286870059075021 1.2060788604462114 4.025131428833317 3.435612229744799 -0.852303136505943 -3.845313051571799 3.0535850571498813 0.6826777570464219 -1.2462818304064767 -2.994489956617274 -1.6974095425155635 -1.6628530208194943 4.05730968500304 1.332849672668063 -1.5593766913710634 1.4348502459097978 -0.30762364630107597 -1.2844460688170694 1.1606093120577374 -0.4224437346170533 -3.190833056804824 -1.5423864225285735 5.109180188231782 -0.5500581658424428 0.6034715179058703 -0.5084892149074872 4.089279413330065 0.6497164663569553 0.1670675533428995 -1.5829413890120603 0.3563929237932818 -4.255599977685444 0.827611583467623 -2.8534461765825148 1.7322697996024288 0.1069223944365573 3.545797216673529 -0.06919003156537303 -6.124471588022812 -0.7528466094737298 0.15101305551531638 -2.8860034278082187 -0.709683411088015 -2.0316613199725633 -2.6787430380437836 -2.018986310064797 -0.6058100755699178 0.2720235296664536 -0.4232701231217353 -2.496420879714845 -0.28913803826360734 0.6909087417854574 0.07810674684225 -2.656900461349139 -1.526330006681501
59 472 0 0 0 -0.05420924607905242 0.5290666573522076 -1.343814807773341 0.7686910157981911 1.3612576040579496 4.343689638817539 3.5970261813856337 -0.875883934278728 -3.931865439227665 3.223166447314165 1.1026820572973244 -1.4073430627824859 -2.8870282646596075 -1.886670715846893 -1.1855211752715964 3.6249965582297436 1.3621979169853022 -1.7557023795678905 1.665052899178567 -0.4757196448004571 -1.036449830546593 1.266258170283688 -0.03146197518447638 -3.345303440776484 -1.5904887860177297 4.968000755401135 -0.5850914421520399 0.40312559748546817 -0.8529211488457885 4.172331515793287 0.5804980362372341 -0.12272792067958847 -1.8009673053237467 0.17878557744838258 -3.9748306387081853 1.0564173661243719 -2.8439718873023505 1.489604154131919 0.01218239977504175 3.3291501456627297 -0.22415170248098368 -6.245731321683042 -1.1147879526938227 0.42753965723330123 -2.7762671908208985 -0.2201859039101773 -1.6111333363603466 -3.073555446576632 -2.5161280966687745 -0.6542774945547196 0.8978893501121088 -0.42839674930243 -2.3515639791123286 -0.3094897069696975 0.45207346875283727 -0.30514553552181833 -2.5879212581375355 -1.5571398024333338
60 480 0 0 0 -0.3006102151498855 0.42809543602822064 -1.1650651906671594 0.9472657698042211 1.3880076911042507 4.756254756557225 3.78683846922514 -0.8893211865058399 -4.182640864150224 3.0194167698699426 0.9773889425819209 -1.253178308333672 -3.0331777384649383 -1.9981899380755914 -0.9949707261882874 3.3916914843076285 1.273891224861792 -2.038685255438084 1.2542152825666673 -0.2234154995164618 -0.777836876179469 1.73112801400087 -0.04000386652220751 -2.725128528007545 -1.8212520409917974 4.624104566137388 -0.31306662324970513 0.5877198102317677 -0.5560084101350817 4.016067566406874 0.054236500968200346 -0.09136389199080971 -1.726717554208908 -0.025671640392464785 -3.8959184033243535 1.1882945676245322 -2.7163924011224334 1.661637719695017 0.27386639129206414 3.250304158160133 0.2823925630056947 -6.455061441670164 -1.387801139509206 0.6862525349375659 -2.6237985770205685 -0.22594676654362955 -1.6894265813515592 -2.857845860061656 -3.145124804854805 -0.7196822581702594 0.8808222737798913 -0.6188824313859639 -2.735134317262245 -0.40374810658365057 0.47285044931870657 -0.6400840940426533 -2.6140807064276577 -1.3067565578843598
61 488 0 0 0 -0.11299328832906116 0.3101777288431111 -1.003260754424255 1.1009930875233056 1.4990959930640662 4.777121275407274 4.042382493294013 -0.760755372269875 -4.029401683839075 3.156206642617226 0.5195960433672345 -1.707970708040869 -2.4947238289215257 -2.1748369225527373 -1.4680619160261328 3.1814875155364657 1.3488217462370515 -1.8688825817513948 1.249792834410088 -0.023663985482935704 -1.083493115495861 1.7673787931123672 -0.01492672556028711 -2.3414119220654315 -1.7692789429367057 4.537742047304618 -0.19979124578717644 0.15336054886619388 -0.687368383267611 3.946855792932686 0.23154807635740166 -0.04129378648164078 -1.7590079485367558 -0.21095873945422114 -4.575036280425388 1.4255101021407834 -2.533439236501743 1.6780464368767314 0.34997583898831075 2.986966710265468 0.39702385303754717 -6.018810599568542 -1.2774685644760684 0.6466238170434135 -2.6363885764774393 -0.669152919184599 -1.7370848383758837 -2.357393292051153 -3.456618351914554 -1.1100043203084506 1.0295324654872986 -0.5261606198974529 -2.8828562777247315 -0.11590118184401946 0.6392150091429549 -1.0191099950285267 -2.5589192621991086 -1.5618636387149485
62 496 0 0 0 0.13425435604305777 0.27683883311546087 -0.9725280195101198 1.1315546070632834 1.295856026155725 4.5843570426079205 4.094268144369829 -0.5212937424951666 -3.812620512393682 3.1883477107085287 1.098611429419054 -2.3262239105958913 -2.384381748057491 -2.3634787075287074 -1.6045055998027573 3.099491692569514 1.1268628078806266 -1.3670073443756237 1.1906191309808185 0.014582711073678575 -0.49110707869602716 1.9504530839932868 -0.09803482113549494 -2.334425597247361 -2.1663277519062705 4.558524891763755 0.29215737207845527 0.15827758236937103 -0.38120413980089857 4.065485850015449 -0.30194499809159236 -0.14869091896970513 -1.6675557357818263 -0.1987879725162298 -4.621921616475506 1.6772773910263994 -2.8490267205374304 2.0643109763904626 -0.09637441415535247 3.1065903873705514 0.5367988338057987 -6.678162391991344 -1.2386094816969375 0.6303998353572471 -2.906078311657379 -0.5180117531508963 -1.5628594809970513 -2.3584486465322714 -3.5286378141065935 -1.4632053175969975 0.41333863134714055 -0.2834538995237219 -2.750326284057186 -0.0994172154142376 0.9512048995942239 -0.6813035006975383 -2.483600535978317 -1.4239603215367276
63 504 0 0 0 0.2770744545125764 0.23534328094113596 -0.9279039477655058 0.906755100841506 1.2290393579808492 4.775896698758979 4.039922463963926 -0.5565345187979596 -4.177414654345956 3.0063575023736577 1.0362133581989879 -2.268602184000052 -1.8862021996088785 -2.287658377955889 -1.7875826594546618 2.733172865101051 1.133659533657204 -1.9653522811289315 1.2546824353836754 0.2103868234694232 -0.5539082250656693 1.7860234638256651 -0.09581113845658593 -1.9741305444642943 -2.279920516994112 3.887565986403739 0.2387862757108234 0.023182324325877274 -0.28184552981081934 3.520591000605474 -0.3825553198121876 -0.03929432509058434 -1.705956465162075 0.1718297909478655 -4.927559810546607 1.4434889795399126 -3.0830963465398593 1.7196379041966252 0.07820701316985151 3.217683121361561 0.907900641928866 -6.7445616692050105 -1.3925494280454425 0.6455556085469278 -2.7428895593354845 -0.37578300446456014 -1.4412702974407627 -2.4369990313114576 -3.3689637525268257 -1.4864415543465541 0.44635441118510816 -0.33448319779254587 -3.018798299511828 -0.5516194312791654 1.0592735963505628 -0.5319112634601917 -3.378383246360883 -1.1397738766434902
64 512 0 0 0 0.6805553822036516 0.12057226818215373 -0.9768587425919617 1.3266804538372994 1.5295291012055474 5.083653516706058 3.2244332541837504 -0.5801819269123555 -4.375230765662218 2.87879988730056 1.5331521101711332 -1.8726527378325466 -1.4471763236078123 -1.704562583675676 -1.8226595704143302 2.318866400502817 0.6911111256737869 -2.2407382633486232 1.5381145032654837 0.2760095764262337 -0.580653501307187 1.3982545519655025 -0.2744442408254683 -2.215910402995255 -2.246646645490869 3.8664622213119415 0.3963947355484648 0.019499134722236397 0.04715650789426799 3.874806241392899 0.02734732242288257 -0.2044626314797608 -2.2386276958293916 -0.4390948879213671 -4.992809846817316 1.6060893156077785 -3.2462055800886525 1.9458837427693019 -0.39029866997987467 3.2047760593801025 1.3279777342040966 -6.356039657598426 -1.1714359176468232 0.6169010212533944 -2.779920065008368 -0.09730913282159788 -1.3058217164029673 -2.5754344769796527 -3.205997693688428 -1.3478458369808124 0.1734118246609447 -0.4466474926760097 -2.5946019310708053 -0.38627471651723805 1.2856574576068727 -0.3244386286551173 -3.4861490338223438 -1.2696591075533765
65 520 0 0 0 0.7199123660450883 0.15984268711572122 -1.2168965181050713 0.9704391109448562 1.8441231119467518 5.569855548058316 3.021433059908542 -0.677659775375439 -4.726904573421965 2.8811210817115285 1.33909017532574 -1.4497968922812032 -1.3127585738169678 -2.010329850490187 -1.6795390557568928 2.272780975964074 0.8636544147168231 -2.379288045024399 1.3399812438595877 0.473936332167794 -0.14825330117185234 1.0111933550570404 -0.35054557287671684 -2.4331436295399267 -2.4203820125956685 3.7343164806679283 0.13555929795632882 -0.021392605448399528 0.26045122574346385 3.2928586039662378 0.20811917373369526 -0.13941353045489524 -2.2686382262717566 -0.39235446265408747 -5.213545154910416 1.914875290985791 -3.2976149197305276 1.7460789520956461 -0.27557311380614224 3.27251732320527 1.9927026375935735 -6.036225795212713 -1.2703412931382683 0.5738483272248734 -3.0211435667625053 0.017116241681244274 -1.05665420063104 -2.623374856180391 -3.4840734183319766 -1.463036602499602 0.1689020721979151 -0.835481329081192 -2.2088678912409425 -0.5237825133651832 1.2483482408963968 -0.7150373675813706 -3.7424050836685154 -1.5770005527418867
66 528 0 0 0 0.4875338211907605 0.20905034070945114 -0.7204836898190417 0.7608764865211988 1.9239534742153341 5.64141079515632 3.7251167010400748 -0.3071724959597607 -4.569737597683133 2.890120887947452 1.4793751788922003 -1.1222939842572757 -1.4107700841368351 -2.212890978417413 -1.398068806780058 2.1019213454473737 0.9841049613418404 -2.04712251077498 1.5377703388518882 0.2710326294107524 -0.12912614315680024 1.3570455377717772 -0.4286127554172092 -2.323291521903891 -2.9147682319902097 3.2975425931217144 0.20657564900866648 0.030462818482721827 0.41978564801842316 3.2039178144827565 0.31623497139805623 -0.42624992988496124 -2.144050081480119 -0.47047951207953054 -4.861554795787826 1.7906338756723577 -3.318218199301768 2.1397385571487537 -0.0851002220203346 3.0477210691198797 2.353577436069417 -6.000464916393563 -1.065479362213077 0.4363506523595534 -3.0900791144875983 -0.0839217434306747 -1.3610461790842263 -2.298913233406819 -3.6642940495022565 -1.7284214412059624 0.2917298988832079 -0.8650839466257095 -2.4675802722936266 -0.4479415642281473 1.01656774379033 -0.28429331458997453 -3.5651174420793996 -1.5231933232512118
67 536 0 0 0 0.3150043669824349 0.13969058057221895 -0.3344440261135756 0.7049093011752405 1.7306292672159045 5.346344750090834 3.909469392405498 -0.8190475343947281 -4.2698344131846735 3.3767860617791015 1.5727062814888324 -1.2570298411087018 -1.7868179801245192 -2.5658040229395005 -1.2477695228803982 1.8973551643256164 1.026960668664311 -1.9968889085939765 1.5174197575503647 0.3088846771038152 -0.13646422384217552 1.2610585975545616 -0.46083859181240644 -2.4758591043106613 -3.244624182197228 3.6043174347968723 0.26879140800273493 0.31503760641312756 0.30716954861852047 3.0503984245954734 0.2326157402817352 -0.19780278817254335 -2.0487437828079513 -0.07827520159254381 -4.678446702756448 1.757595555726864 -3.0180241928343423 2.043750330737368 0.14574261188056975 2.9429513158268437 2.576038315887611 -5.8791506651280665 -0.9640672126304584 0.633150875882029 -3.064225992412824 0.07269049808647438 -1.1780098825246637 -2.852076349451324 -3.483781573872483 -1.794376423137666 0.2172712977710063 -0.5890351151957014 -2.117457109949888 -0.814186854738316 1.3857519562976761 -0.2587573785503646 -3.9792762874717713 -1.5634210006439868
68 544 0 0 0 0.41058692112196793 0.6674286383992658 -0.16773749875528593 0.40974772742596677 1.6916320387411852 4.990019390577772 4.3314546952391915 -0.9024056090057149 -4.540884279746485 3.487929935640188 1.7186976017301523 -1.1320798194764603 -2.408768537359223 -2.682402993479371 -1.2826625717144042 1.8952241514611745 1.3542887404396442 -1.773453690798023 1.7234228800203661 0.15885904179854882 -0.31210967160205594 1.1757051270975 -0.1360796947213706 -2.5733269822726363 -3.2985768066012175 3.3774016912257068 0.1995859730808176 0.6323283430294859 0.28147449085051124 3.457796360112589 -0.09993448384966074 -0.0358804181817484 -2.2118116374248893 -0.2612638188462352 -5.293691067977952 1.785583952530616 -3.3615773974976975 2.418932137829467 -0.06222391252077039 3.107458574775423 2.7727711872894054 -6.200768940851491 -0.44809335535600847 0.4137032622887037 -2.612750962365724 0.2103567696232214 -1.0547004520919172 -3.1199150640190076 -2.969601849130143 -2.37747625241095 0.16366006845742376 -0.8750163604045573 -2.6230415588921123 -1.0305752717274095 1.5138113474698236 -0.3606556107372423 -4.464795511006203 -1.7556016592460297
69 552 0 0 0 0.4410420915343091 0.44682160033521945 -0.4021137406014723 0.8200185262794719 1.701148688301262 4.965591264500079 3.910798734640643 -0.6838639785411399 -4.500999732386589 3.8216097121993853 1.8541433183366283 -1.1856677627992331 -2.267542821803482 -2.7537835206682706 -1.190355736739698 1.9396824135078619 1.23135036289984 -1.9241678460409055 1.7315318513293545 0.13760270496375815 -0.22596013340888083 1.1145089863261823 -0.27227666745119244 -2.366140132095624 -3.079426572400477 3.4246713744749515 0.28012154093326375 0.5718493101309665 0.08006492890052493 3.3768610415200353 -0.061514564811081085 0.03646397325968641 -2.066721364790734 -0.3012738174697171 -5.440742678837192 1.838111439920397 -3.7290217259101635 2.5871755278024056 0.07858194257503 3.365351539020774 2.396191306398163 -6.352414332569058 -0.30391262223587234 0.08316093772154953 -2.461408234064862 0.2582310452854267 -1.216209616754679 -3.206881794940911 -2.9609142896854213 -2.300371714504125 0.1035452555434146 -0.6976108148227959 -2.534563090517623 -1.2218667635620541 1.0857090540714462 -0.1636975102675073 -4.482744287943995 -1.5743657260780815
70 560 0 0 0 0.3035585099357867 0.4849354589408282 -0.5023950814549875 1.0070547873695608 1.5422288492669631 5.564978590015573 3.91237783134951 -0.39798460662008517 -4.481907853946533 4.172672523953582 1.4738682290998808 -1.790423902533905 -2.128164801395134 -2.76509964295024 -1.1498883330885903 2.098544670925875 1.1134175553971333 -1.9472161917779576 1.692887983006226 0.15358133904640967 -0.540510268524219 0.8432800076546279 -0.5605482384750623 -2.6040574073589355 -3.317773142816091 3.339357199697716 0.31130877061080753 0.7438337506739456 0.4230390452564349 3.4946911551746784 -0.10727930572488703 0.3227916547812687 -2.259027483390776 -0.24715563214312333 -5.100774025321943 2.1097783185462378 -3.706548740365841 3.169898089482758 0.23295828774229443 3.8636760936259416 2.4356882453866757 -6.862535351168818 -0.34074995759306703 -0.039600063385361484 -2.6857602756784544 0.5810238178370735 -1.2281522703081678 -2.8718493568793484 -3.0126951249452882 -2.54965076404654 -0.27499080684339866 -0.58638042172725 -2.3786320377832118 -1.3243539175679282 1.2225474068348403 0.11543129233658708 -4.263605942311485 -1.554431771852207
71 568 0 0 0 0.3379325327687691 0.5855569729477983 -0.3765408241004108 0.8911400332812629 1.5998976860634893 5.088584928154702 3.550857225665319 -0.6589422699038266 -4.2397194914330605 4.277860755579761 1.4903084828121236 -2.0006045599095854 -1.6971882648079486 -2.5932113419377387 -1.2036975798185547 1.618536502469739 0.8414713935768496 -1.6924021066547437 1.6451982229514885 0.05277740158388705 -0.9516137257655205 1.3477509128823077 -0.7208084605569682 -2.924953112768283 -3.75047583139727 3.064150215166331 0.11017606412966435 0.7308551913040162 0.7468489570738952 3.2310618722383633 -0.4565637554696553 0.6407722086321096 -2.0566784733939434 -0.5027427550931258 -4.752781740188775 2.538745148092373 -3.4907335099559464 2.8851085895810025 0.36784265751133727 3.7008882035931574 2.2553892356453664 -6.722468936803395 -0.6164157825132247 0.04243984631818573 -2.5929553357836737 0.6694636908737794 -1.0889442670191132 -2.8498391406049555 -2.920723990041832 -2.565307642453002 -0.2980271971828264 -1.0951367924259874 -2.3916478357651845 -1.0041379321443136 1.5527269871025244 0.20392409285959662 -4.045896353411656 -1.2859279806722281
72 576 0 0 0 0.4222852521057698 0.5473299756492481 -0.33866319021173363 0.9961360394973996 1.7708677109187263 4.9212954336115615 3.76228139059124 -0.9176584142216986 -4.466265829297404 5.038818945696572 1.5531668928680937 -2.37171577439346 -1.5387908700797461 -2.776199011995531 -1.539055735340542 1.4435472694953098 0.9193497992881889 -1.5700727329923971 1.838431816544769 0.6106972660910623 -1.6756874610736001 1.2757869799223545 -0.292697732509984 -2.8675432114532446 -3.7071460570771184 2.8378257280930432 -0.2990699291425613 0.783242190097573 0.4458373449927405 3.8668451687181173 -0.4428608068418739 0.2733862654581076 -2.306635947329056 -0.35590439765214205 -4.677377613314356 2.71619169374853 -3.172077071909413 2.695770918611721 0.39964319249965574 4.51329480146483 2.629007223513991 -6.3981422202205085 -0.7237575756920342 0.012618076506497405 -2.5942465887157553 0.13294866529388666 -0.9368857006187409 -2.9226833525094142 -3.30938576754613 -2.2376661953848482 -0.31936514274560135 -1.3132878664584515 -3.0417552310451876 -0.9200940025260012 1.25088378448 0.4072030377207343 -4.10572914939207 -1.6580958694154013
73 584 0 0 0 0.4549915144971798 0.3688081744226219 -0.8009459453698922 0.5094034376370109 2.032117502035475 4.8170101248945185 4.04745077604138 -0.9929767169060411 -4.26317443251195 5.279309960070838 1.6260914803383326 -2.537802591894218 -1.199369444600901 -3.1756928409185288 -1.3417626786426684 1.4751053959116218 1.0779938460414273 -1.4647432226039032 1.814669259450147 0.5222985560416166 -1.695330751623182 1.671945765155395 -0.49137688311490524 -3.053591299172793 -4.138770236353113 3.4324040720601836 -0.5123367755497088 0.969962725003981 0.013099091261003948 4.124598469753423 0.24131204867279543 0.663067452773306 -2.8399413397412436 -0.3521404598949399 -4.4745100541517 2.808954213313778 -3.034569356323317 2.5851692926356447 0.027769590736494515 5.0266777374501235 2.874473659940987 -6.548936978726852 -0.4671855058836712 -0.32204476712496016 -2.3365691996737774 0.13997606163724496 -0.7961453051613051 -3.459290397772521 -3.1109671026218466 -2.350154959727771 -0.5020949707912118 -0.614719198829611 -3.380076960518764 -0.6135191031143716 1.36558382846499 0.15384887445418405 -3.878971535736423 -1.708224956155617
74 592 0 0 0 0.4074434813608571 0.8919360403802399 -0.9244041046316909 0.21649991886731856 2.1869071454150264 5.413874700248582 4.109271488291652 -1.2290463671398228 -4.476120718067824 5.453939093298434 1.4262250924390567 -2.595218813407419 -1.1507842788123577 -3.5652056172932127 -1.205280485335837 1.5290802301256745 1.0292912685072697 -1.3218291807296576 1.7496385776425911 0.5965638541587974 -1.8984997406874362 1.4902842215146381 -0.14857893030111646 -2.939534611577712 -4.2302523037011 3.278587720781024 -0.7064446534831508 0.9567015919807235 -0.09062681198202753 3.884612006940551 0.4244509860524193 0.4388370360480688 -2.899601019721647 -0.6863422987539476 -4.306405861179778 2.5746095879329065 -3.111175835810715 2.755607467758947 0.5510037721127566 4.314582050856048 2.6723250041069884 -6.249647574407125 -0.820718970545298 -0.6221985640938733 -2.233192411161216 0.28137415579023983 -0.34324373974832784 -3.5732909074706543 -3.2481278886645617 -2.310601338620768 -0.4151929776460895 -1.0151873502258062 -3.0155619525219466 -0.7969828797756316 1.2728167277969362 0.7063988247708372 -3.2997891006306266 -1.5335721096076487
75 600 0 0 0 -0.3142593209879016 0.908023028027552 -1.1818784565797933 0.4449832245834288 2.221560672519116 5.434686798283744 4.430321154982083 -1.3836070156243843 -4.256754748913878 5.278958168752475 1.7183256607049022 -2.32520461832582 -0.850294064528206 -3.111232090180634 -1.306707907543649 1.5810925816768964 0.6235868723409467 -1.5740731965528383 2.148170538500956 0.3670319311436922 -1.9853607248050045 1.3204002526093186 -0.4564242731276816 -2.9251930098024155 -4.2979015499454825 3.6376557935306986 -1.232974662909999 0.7146123340969898 0.21225112122592096 3.298855274751004 0.5431539541138343 0.5784113790894179 -2.6022629604717293 -0.5941042227819777 -4.4319502303800276 2.775103594626221 -3.26189805039005 2.4176603806999832 0.3786855627248863 4.43806156433017 3.0696125300272947 -6.428717369444987 -0.8879915823043202 -0.14607321643944035 -2.4475588748920365 0.03306060906387577 -0.15299160565158104 -3.480278967676851 -3.5249236041496426 -1.916524119175078 -0.32369020026300555 -0.5165076911886222 -2.9893301779702144 -0.7799792808583124 1.3170120812945003 0.6427867416123714 -3.2293855513562346 -1.4430854938401583
76 608 0 0 0 -0.3098651348567726 0.6806093200791417 -1.5598918054141164 0.24046539313317777 2.0062927409026416 5.108608274299179 4.46293704270962 -1.3664390775987945 -4.082898149125901 5.747788220861066 1.6750411285006837 -2.2034817791176327 -1.2147574463175552 -3.067939593859785 -1.0934406473789537 1.5164803439142998 0.8616324114854945 -1.7174273632837176 1.2580996034631848 0.37617322570083805 -1.8317209634206764 1.361779388347462 -0.31722565369059236 -2.4988923657281217 -4.193216567507534 3.528303561426903 -1.0702386657455876 0.45577088893737727 0.25110761707304674 3.610759401436124 0.6090095831359654 0.020932013971394495 -2.484048189006531 -0.6210509634156253 -4.679697997985693 3.0914569591878838 -3.179934017126519 2.590460161549061 0.27680225549236837 3.713430561895388 2.899428825858842 -6.382317412633669 -0.7446205598226352 -0.32319021286267735 -2.6097507160462428 0.32389367924508433 0.1024732379925565 -3.592559809936123 -3.2318842995789723 -2.173702367702223 -0.08671916080125436 -0.7693037353181076 -2.480261607125973 -0.8087933163459635 1.1604198985205567 0.524527714804428 -3.4481152809201165 -1.477212846383666
77 616 0 0 0 -0.2661726903003303 0.8312987209702614 -1.113818724029327 0.02918641889503558 1.9542944421547122 5.190166732580879 4.256682104669386 -0.9323854634418245 -3.881214265949172 5.45139921913989 1.8461498840276143 -2.025000934733497 -0.9046421477793417 -3.137366365351114 -0.9891915440297572 1.0066744594270065 0.7294302856714465 -1.6793157016839753 1.3386526448101252 0.38459461444304377 -1.9044209962604375 1.4031381991048746 -0.5077172405767316 -2.5461157901574927 -3.9610062272594306 3.484514539067602 -0.9358902200983708 0.8886537061448561 0.0672128487288475 2.8963258061911445 0.9906109254552147 -0.3179927534680111 -2.060296519564058 -0.6359864886089683 -4.803771618256627 2.988085467429812 -2.7849601965854047 2.615505919111298 0.31326665501287854 3.4658107731362833 3.2343572423469347 -6.296824993840674 -0.8966074057872586 -0.59682508102936 -2.397132210569533 0.2790702691095431 0.06284731567363172 -3.7475003983275066 -2.747089514032968 -1.8542842591416084 -0.033354037005692165 -0.48689462760581936 -2.4049458199729536 -0.6852028744922029 1.39197471973003 0.4720653553719584 -3.28151541479496 -1.0476735911803405
78 624 0 0 0 -0.1405101396538069 0.7475266660186151 -1.2019957859032755 0.06164533095055447 1.869888453837505 5.156347873576399 3.7475519213160364 -0.7263030763734505 -2.971752839033896 5.694540455463233 1.7328851950440844 -1.6077365430119719 -0.8972412070089553 -2.680323145132108 -1.1986549856884898 1.2035940153135833 0.783285158057581 -1.6927412069271306 1.453317762342187 0.18011648753264212 -2.037564760816016 1.1736957405609492 -0.5888480954710124 -2.6429118016693813 -3.833407061499129 3.3762974748513783 -1.07085105932945 0.6983998238851084 0.17889430565240835 2.7321292298568136 1.1173983969756662 0.11182858242640394 -1.8544496588070012 -0.6303942187598262 -5.0525303949743625 2.8347727303061787 -3.2201588656164883 2.6575051726998375 0.16001152699412577 3.572661292021334 3.0245110674806375 -6.2655825407896915 -0.5542879408655892 -0.7016647838406883 -2.6742935360520774 -0.31727731668854475 -0.4350985508127102 -3.9509369677995165 -2.8250734431079874 -1.9909617619405946 0.054376480323677416 -0.3482144589011722 -2.4736047670976227 -0.4394708767528477 1.3520234430789775 0.11004785506429804 -3.6980457611248228 -0.9378176121013576
79 632 0 0 0 -0.1417620632349772 0.05519509844715921 -0.8414289913179367 0.4308458188153622 2.0556322180400826 5.2331503344971715 3.843662572675802 -1.044818181611616 -2.948524350029581 5.867015468760968 1.9527735439739318 -1.8177297833125134 -0.9499002165821964 -2.586885161160591 -1.3178576311000225 1.1176609061007656 0.7181619028766806 -1.1401150010911367 1.5531745755869748 0.09476047965210059 -2.0614994761201513 1.443489136906007 -0.505879813666505 -2.6623124490997254 -3.773280143308817 3.1015668041727324 -1.0202205017097858 0.683243802877215 0.17878336292591263 2.487378698348146 1.2051993391171065 -0.11697591615001354 -2.177934322434651 -0.24336574460115942 -5.077932895882242 2.587641073763234 -3.4246686799341592 2.8871307923231058 -0.2358227203195923 3.4548254429185015 2.88849702442929 -5.802574704380424 -0.29033141830739173 -0.7397718290976394 -2.694192507124441 -0.24066026820393177 -0.7891291222502105 -3.5716247959748926 -3.176438790118045 -1.9988193878260776 -0.295722872507058 -0.4453112712511421 -2.319830714309291 -0.2289979141477304 1.5703849037772715 0.23745551477230953 -3.7604008857117686 -0.6395424768492683
80 640 0 0 0 -0.3697864924178543 -0.31699027349326286 -0.9895299296342639 0.16525104851313355 1.7052043363547251 5.4031527663076995 3.613200968652202 -0.7075060828196718 -3.057531028052949 5.931122827844835 2.1300167639510734 -1.845249645135588 -1.2321637846553257 -2.6757345041761953 -1.5229777506235465 1.075064101388733 0.3678190950321849 -1.4849381745653552 1.7823399288366502 0.15954238526346826 -2.012629287090677 1.1220011396592209 -0.7362489980601642 -2.3013405180114868 -3.2292451126712374 3.0426417421423544 -1.1058671007564966 0.6243832743847944 0.2487023107597319 2.2044787758912587 1.1876444021175434 0.04967076399638271 -1.6232762130177432 0.1452669579455506 -5.007011517430293 2.5030467950634936 -3.3635568321779328 3.10562697878865 -0.12251919416930253 3.3427251001177987 2.9839957935476944 -5.470926252697745 -0.2772033430976654 -1.0402915985288679 -2.620922126240802 -0.10314970493142334 -1.2570004313442522 -3.4765744938000775 -2.932259761507762 -2.076882701414341 -0.1891918343085493 -0.6875866111142548 -2.0935415923753045 -0.12060572151525101 1.6281780929095229 0.3773282544064177 -3.6868402908656273 -0.7039443963443365
81 648 0 0 0 -0.13387516566114588 -0.08711924404507582 -1.1630214608788405 0.390594954259911 1.5070888611111695 5.625972911164544 3.474869921361818 -0.8753272306633789 -3.2201261883157732 5.8474698636303835 2.0535647272771804 -1.6904045784248602 -1.332232266948183 -2.424073602258199 -1.188481455099642 1.53726098246343 0.1751923744338183 -2.0531392780255064 2.2443641105907193 0.2412885014949308 -2.3056656034825074 1.258036019619385 -0.48929881283302207 -2.493506730372026 -3.3466792483266703 3.4488578538497308 -1.2141369981225907 0.6166621345025755 -0.06799709727531605 1.9276928434843101 0.8341669094284743 0.2261999906028468 -1.2890291697195946 0.4898101831094446 -5.292954234537849 2.953659106309077 -3.683268146285949 2.7671813129917355 -0.12336971358164622 3.4835083778878992 2.9946922120390376 -5.854542416916401 0.08327464091884412 -1.1081011457182661 -2.746711226960354 -0.10043513578586113 -1.0898679034112415 -3.5031760525757685 -3.1778904419554426 -2.2938187435227273 -0.2511045749430523 -0.8689639933226765 -2.3834451106629113 -0.3027570267197721 1.3382875832660406 0.440686700812461 -3.8103172976844495 -0.6979304203064006
82 656 0 0 0 -0.13464950420041205 -0.17746011663709949 -1.144081258598442 0.1690246187547871 1.5426945600814412 5.643579325766321 3.231354426686753 -0.9655903120038773 -3.1762132384808046 6.213930528868113 2.0847026830029756 -1.5892011738971021 -1.1922118832788664 -2.2220645518749165 -1.726831279227656 1.2326738537697395 0.001468031700276727 -2.0113731098462644 2.4080352195571306 0.17616502646336865 -2.303638417735479 1.256132484227972 -0.4503986785828157 -2.0885934982077834 -3.481027413505888 3.6663009062748 -1.666398601393716 0.6105592314873556 -0.21728639650352452 1.9386099907722445 0.965240897493513 0.20441475565805045 -1.0624036199636875 0.8067687504915411 -5.405812706683174 2.155961971851414 -4.037015232003588 3.0507432634967104 -0.3826501334407721 3.450959309448321 3.440024665096685 -6.13063010015266 0.15380368212324566 -0.5353001427327563 -2.6752675450721957 -0.23670910543981635 -1.0708218967845904 -3.2865447458906853 -3.2470455036049874 -1.9874387225744958 -0.4583741406358785 -0.6313018290305461 -2.398754584299945 -0.49570901059023076 1.4243999416245186 0.2077738651936927 -4.01591427347491 -1.0317810664803557
83 664 0 0 0 -0.24633257187134888 -0.2398289069184295 -1.6087193757998015 -0.02219205305026506 1.6458904546786999 5.585533170009191 3.1560413753516006 -1.1084632116014526 -2.9836868750568746 6.332384792576738 1.882858355897833 -1.481067263288015 -0.9673705219136296 -2.204120404014912 -1.6382726378592118 1.4663242532099452 -0.026095348572226625 -2.0065889388727314 2.3798779426873056 0.013009076904977563 -1.9833398161295595 1.5527050451976876 -0.3072121506683285 -2.4006391650877594 -3.8230867156311295 3.491167067093075 -1.6779179893041654 0.29826211057642193 0.006041691974692731 2.374423853828537 0.7292618791556755 0.15097889116533822 -1.1823750772029833 0.35376636349883117 -5.687295561453295 1.8224109823979657 -3.8681419839828393 3.477207590019832 -0.15725880005590748 3.7620576263278913 3.107731758271523 -5.889406449343117 0.23169731437050814 -0.7479898257483601 -3.1941248205737653 -0.1461392374086378 -1.097638556593345 -3.5433006598026684 -3.338277984779472 -2.3076810364491323 -0.43723414603510713 -0.33678116298414473 -2.5163241989114162 -0.20649770791158462 1.8946024719209376 0.05540077177618867 -4.37892136893681 -1.3876512941384445
84 672 0 0 0 -0.07019624518879848 -0.20849783373322303 -1.9328754704465547 -0.18860597358403766 1.4586127573829009 5.83884835370013 3.036347799474123 -0.8078873896927261 -2.981581440423212 6.638810836162726 2.0929109122289926 -1.3590783717332977 -0.6019692000809522 -2.197226296806869 -1.428642052206115 1.5683963979929085 0.2429801399393655 -2.11826127255638 2.8609170809600295 -0.04810754726036162 -1.7115681263965556 1.7987424211882082 0.01626401380259221 -2.3095764800646896 -3.545559441258126 3.7535974039628064 -1.6089550821440073 -0.027562079438749082 0.03785098177792445 2.2597210525354736 0.8483440264886852 0.1680296398359115 -1.767956644018875 0.6103773494517892 -5.905130223029515 1.8793966674613585 -3.6771388164064014 3.3048190559325277 -0.11906357492832126 3.8494293818810807 3.602039385547156 -5.930572610365086 0.18126739359813548 -0.31749429545955865 -3.0568371173870146 -0.5144327623788296 -0.7290606201864189 -3.5041798195396185 -3.2081945079881264 -2.3808241102799417 -0.8572605859115472 -0.15795658407303798 -2.5732861253180825 -0.26443957901634946 2.014905288246993 0.2971970877810237 -4.234166234149608 -1.1760909167887026
85 680 0 0 0 -0.15483950082307657 -0.3322222078988098 -2.2542371916196338 -0.24232906795237802 1.439933313346839 6.104980799363622 2.407020528225335 -0.4318857209116672 -2.842288900927604 6.978443821517955 2.0568270579035444 -1.2263143774376957 -0.33686779863932204 -2.1648431950045146 -1.8058504414675425 1.547677630391855 0.5392423168012417 -2.3119481348403377 2.9500826968257057 -0.2566956291462835 -1.7602629278107038 1.8872989465997958 0.39632450251660273 -2.1878382509222765 -3.165075340135593 3.9262218071389237 -2.1307582965846468 -0.23160076033178012 0.10292053008894969 2.4781284230128287 0.7780123889443347 0.0433325252628831 -1.6706654207735903 1.2722187919609274 -5.4012707422683865 1.1865061306956384 -3.243927988877394 3.716551019611922 -0.27418878674316627 3.789218326533226 3.3427875398808506 -5.706438269531143 -0.035304599610826964 -0.16041568649883675 -3.1151507201883857 -0.44409654399202847 -0.8347258464673 -3.309406151581922 -3.726514288933049 -1.9470077929707261 -0.9414402482143702 0.12815289037391708 -2.853272471282203 -0.18959507482526344 1.6250023258313822 0.7270911166979142 -4.099120972021841 -0.8712356596949535
86 688 0 0 0 -0.11918120244187723 -0.1920208056594493 -1.9183337775568359 -0.11157790789924558 1.3770264376868604 6.101500740723247 2.023673425188405 -0.7193715211557473 -2.8901558201260062 7.174882745762266 2.020205963426934 -0.9659107254829874 -0.5049666691489274 -2.310678514289828 -1.678955791605524 1.7359675583949594 0.6622305846121828 -1.9291822560696363 2.554181627019562 0.1957751791627961 -1.7620757170778574 2.0655569092446378 0.32059219261034977 -2.5773033595513546 -2.9956932383827883 4.06334641521384 -2.2432950217629055 -0.3033733569241326 -0.02734152745770939 2.6186881411892933 0.8844586278294788 0.07029820491056527 -1.3293878548780005 1.671813071706974 -5.44438761300481 1.488099285597839 -3.282674620721374 3.7341530769130875 -0.24766848874465092 3.678586259974029 3.56700653838244 -5.594247995926169 -0.1355775459074317 -0.14639625943217494 -3.233278834886058 -0.8400912332394206 -0.9334009336238551 -3.178927162908632 -3.891808725048625 -2.341116255182191 -1.0023018303416724 0.06855556969337157 -2.6571021859674766 -0.5483119037581484 1.4580417734418214 0.35636591894373737 -3.4120707595960305 -0.7584672600851585
87 696 0 0 0 -0.13929815989246164 -0.13082022755443662 -2.2523178932007015 0.05957395142773979 1.1001128297706473 5.965422002821649 1.6795332688547528 -0.6240656373776623 -2.735855050339591 7.3636534050419264 2.1253186139750935 -1.0579370562556978 -0.8086213224436096 -2.31502776370375 -1.7554629448662977 1.6136236299682514 0.5280314843474689 -2.071010295821832 2.4388345014635675 0.13949658443502344 -1.5862362127043115 2.136197670470799 0.38454999406435486 -2.690072120046785 -2.7854168534763306 4.3836607054702545 -2.1833818008225743 -0.23359943654446289 0.09519719976653404 2.9439647707419474 1.1195627386679181 -0.020263485569055217 -1.365094312726249 1.5945986967037251 -5.487427620751724 1.511681737165461 -3.398096111380847 4.115582703637995 -0.3626273424333927 3.5133722179888265 3.3673291432613848 -5.937193020474609 0.5479539070786492 0.09192512042338327 -3.339832137593715 -1.0780312979179676 -1.2032851858575762 -3.2352750055548647 -3.6573987697714108 -2.1324303037562373 -0.739425132741621 0.32043728646013153 -2.609476919862881 -0.4631199657144524 1.3788559836813032 -0.08218281310381503 -2.99971379061674 -1.0122726986461215
88 704 0 0 0 0.4608975042688706 0.05673819784472442 -2.6871537198893902 0.37023066496327917 1.2564652829000216 6.01319542674281 1.3622682362263747 -0.7899921208413827 -2.561157976292315 6.983038951174933 2.4413725586425246 -1.0632272273561008 -0.7048972287161175 -2.4938260104070995 -2.185506949633275 1.614277910021216 0.628146592251009 -1.743755596983482 2.3350877722668177 7.077740645597408e-05 -1.3280618945796712 1.9103642738880993 0.481814115874618 -2.520334492168066 -2.520034942954151 4.62718727596122 -1.6861163167235578 -0.6397858560431353 -0.06514791806035451 2.9268373973989483 0.8892609268804958 -0.14946593007048345 -1.3140319111592178 1.5930540710354533 -5.612621542299952 1.6465084336053881 -3.5900412161086623 3.9649438610373227 -0.5667714505676562 3.289477308924151 3.2085626062662005 -5.6008676729640126 1.0361956076352719 0.15949264736687327 -3.805236422665648 -1.2754124910057296 -1.3305908811340268 -3.306940897155596 -3.620381951192107 -1.813517255180657 -0.4397659606594627 0.2501413940941258 -2.827442147778644 -0.36375477870948125 1.4916524836923566 -0.3794452815687626 -3.058736038420515 -0.7672008316372119
89 712 0 0 0 0.21122937269995679 -0.21623946507775146 -2.7709140179954215 0.6574014513600999 0.9665456473267358 5.928174660342752 1.5594689049637314 -0.4779154207474048 -2.597386947882881 6.9639094655898175 2.3624404632360347 -1.0866113464050826 -1.1313923791920693 -2.671411771542736 -2.335635193366378 1.6739299204574645 0.9735393129069733 -1.560366116859091 2.3219348587940276 0.15987352629585927 -1.179678848877828 2.010218957909926 0.7138180370407263 -2.5387916951364073 -2.5580549514244164 4.5361943663535005 -1.7977583240710606 -0.6120373854389719 -0.029274777212493042 2.950198585941611 0.855619027220422 0.07620325928700686 -1.0697395019537475 1.5694512950002362 -5.591562481742631 1.995431029800634 -3.442996498546335 4.466254045106273 -0.575273485757472 2.9562697560947995 3.4966055263133438 -5.792450698786111 1.459436096272091 -0.19656286850749705 -3.819222856824851 -1.370841533084201 -1.60384212947453 -3.424690239238116 -3.259899412895707 -2.0281077342292853 -0.49227594687969983 0.36990354556468885 -2.9044153469069967 -0.3226636938873044 1.6772773302813158 -0.5393339445952923 -2.9862932923221326 -0.7363941186221133
90 720 0 0 0 0.46396716898608126 -0.3986972143988156 -3.306925527387319 0.6126716461622622 0.9282511357649136 6.118632363387283 1.7492479832164456 -0.38848354004096136 -2.461821352188231 7.329329981809451 2.4988328552755923 -1.468396083938073 -1.35726634150799 -3.088877532744024 -2.5667344780492845 1.6644493709889945 0.7234382644694702 -1.6445424113660607 2.2861389616450887 0.5605302922554741 -1.309427523215718 2.453173132383694 0.9336971769047264 -2.192665378779178 -2.796468677963954 4.371736955991763 -1.5055286475425311 -0.7151610825547681 -0.6092621023660157 2.9530642665599416 0.6859838827885325 0.09164312711389677 -1.0114451968380858 1.4788622731368521 -5.590685049545112 1.9361264748476743 -3.3269761592864784 4.495855018575165 -0.497136944854665 3.536173180474824 3.3580386647741545 -6.276104185011615 1.7149320945887003 -0.36286646661603766 -3.9897070880570755 -1.3739980029576195 -1.72491292402813 -3.633006405258257 -2.9201363752229907 -2.114638066605934 -0.16967204385735804 0.5901162333343244 -3.272107351613914 -0.5475599352913749 1.4489869726910998 -0.7524969280041172 -2.7267111731126037 -0.5548593761230395
91 728 0 0 0 0.3750204421683 -0.21876195023145303 -3.2681402087844296 0.8882775090587088 0.9170942932761099 6.087743131289292 1.8754428272635293 -0.5637855389634437 -2.8192380344978107 7.456889418442481 2.299407303655296 -1.5985310623939077 -1.4707070435807852 -3.241383786538507 -2.6141459090918064 1.7973629631571157 0.29934108315041774 -1.860518710070413 2.3794473055420613 0.8787665778283115 -1.1912543480235216 2.3801014796503352 1.0477891906289902 -2.8239002416959176 -2.8562391829101914 4.388014489962313 -1.6483552930432634 -0.8065782365948669 -0.6101653154819524 2.8137944795441103 0.677482042331432 0.3131497960848873 -1.4076412784961805 1.6329331530973135 -5.5881376334493345 1.7690528819907572 -3.2310567905331613 4.575442972490292 -0.5011456259958661 3.2091179626995983 2.8382077870925073 -6.330680766908198 1.5357066649883466 -0.1792174765987 -4.243210553728222 -0.9105438466708964 -1.7928449800234767 -3.889435226965629 -2.7955984939265823 -2.5731552862023115 -0.4681365242963891 0.36979290010954635 -3.2893940277618374 -0.7129803565965512 1.683733518737478 -0.4455348695371362 -2.799756328097493 -0.8526361643487131
92 736 0 0 0 0.12283528965289575 0.19080471600640345 -3.321403001727987 0.6414811812466832 1.0988831583890493 5.888724777871991 1.9879608529678363 -0.6946994988256394 -2.5075131780620064 7.250213441622192 2.2287568246503904 -1.4053444354908295 -1.7178712506897802 -3.0333428729509544 -3.079425998363535 1.3241228437831682 -0.07316215834774961 -1.1267726394508337 2.0031009338798778 0.5984221507438433 -1.1289446350056223 2.2213368377108775 1.0589985745021484 -3.033128033101347 -3.243271399992352 3.8657323893814697 -1.860468146134076 -0.5442307415118562 -0.1390192588869139 2.636581224894591 0.7072252284156874 0.38120060944881284 -1.2596895639699328 2.070886868429987 -5.554332849667432 1.658281090791378 -3.365155038100456 4.714392194899419 -0.7409077750435038 2.79169390017342 3.06350871597719 -6.230460154251819 1.8369039161372145 -0.04799194998931343 -4.323089426830357 -0.9859522377026204 -1.953341973653214 -4.057802529124531 -2.5216813365991304 -2.518055779548475 -0.21240482351987108 0.5323060353047357 -3.146429935491142 -1.0761923899046546 1.709764377560931 -0.05808557448682686 -2.6966450461850715 -0.3841521722233289
93 744 0 0 0 -0.12821065250632036 -0.12112641997909637 -3.427222579863102 0.517152298162432 1.3680720642046844 5.9908048259158875 2.5216117910848137 -0.92824429349438 -2.7126709428436198 7.794947102782553 2.195431040432191 -1.3283519678680817 -1.919787868571308 -2.9223697926463252 -2.0140434260568973 1.253464301476067 -0.09854536916646295 -1.3147324523524615 2.034809854287887 0.33833702663259546 -0.8579803181154125 2.204899336382994 0.9075316427815445 -2.6326274224834245 -3.500655994264404 3.937026990257618 -2.044001971210413 -0.5508945018193032 -0.28874715775679105 2.5157500795800987 0.3248072211205978 0.5564694730822646 -1.6702535454193095 2.1724600196414725 -5.80266661052824 1.7335711264235314 -3.0392322854049603 4.724697839413654 -0.5213098619547136 2.6373058265635123 3.6490002991154027 -6.6375992326961235 1.6698565734948652 -0.25538765096131877 -4.289077722314308 -1.662235099969783 -1.9637271201743123 -4.259968950386157 -2.571412971254081 -2.4056594588065106 -0.01473259841206595 0.43542546868421805 -2.818776229700555 -0.7746710273455003 2.1633396852282054 0.4794237162509211 -2.4201785420921413 -0.7518620474713478
94 752 0 0 0 -0.0446923630494368 0.07818163960828936 -3.4549719426289665 0.2850613313022936 0.905881546247734 5.661400371268136 2.61496128326789 -0.48220181898972403 -2.9025665765244546 8.010364066801502 2.3943447262094057 -0.9375039739785236 -1.533766904731566 -2.3560707359121795 -2.2959265908180964 1.7041058449804183 -0.060603656087658504 -1.3389603104952437 2.534848413229437 0.5836629804167669 -1.0385833085058653 2.00622057796156 0.9045421651298161 -2.810558975146339 -3.5083272040100635 4.145074993724651 -2.1042537083171338 -0.4276389299614546 -0.06590440016457533 2.4583306363279975 0.17283897482791927 0.45045013798948197 -1.4566096090488982 2.4061409523911155 -5.423860916320436 1.6345049984686073 -2.993039510312003 4.7780103021030165 -0.445638262451042 2.5959303521807477 3.3874568118585833 -6.492312708526636 1.3651408732688324 -0.08431891536784808 -4.574178313806674 -2.008161595584933 -2.002473452669725 -4.339015560047645 -2.472282135089488 -2.1090777141568497 -0.08994489601923267 0.23339436442451605 -3.030090300640655 -0.7658920890501834 2.5027245866632404 0.8698483725960922 -2.2847955577756776 -1.29439086010984
95 760 0 0 0 -0.25694085104305914 -0.5165203015341016 -3.3642691039881814 0.27330009839350794 0.9407141306896898 6.095029295713085 2.440784095921586 -0.17981638167377503 -3.0598544358388526 8.030292855299297 1.8069214279290833 -0.7681317655994597 -1.5463414423199726 -2.763626072589541 -2.4047793213742445 1.6993947150759696 -0.19312838341672997 -1.4963418473177648 2.5611975085048537 0.42904229754296874 -0.9483470194950044 1.9582166697843146 0.8940690151605861 -2.648993770791747 -3.8875883442345156 3.963992746009893 -1.9539861591115377 -0.010786838992700498 -0.0936434845478317 2.540771143100369 -0.21849445172390936 0.09591608386082986 -1.6192418265084036 2.260754387763945 -5.532428963352912 1.2339546467541425 -3.2012533256931026 4.3713539432578665 -0.8601575316842489 2.5320405618871 3.6519190632463667 -6.5906845406946815 1.2775547681745663 -0.16888840689506207 -4.812407657567521 -1.9024923999300605 -1.6846795938666212 -5.047329571523987 -2.76001838935601 -1.793707881448214 0.3026993816865702 -0.06842831300284304 -2.772155106660667 -0.5426135423430647 3.0171914239511937 0.896333825514327 -2.3241949203534613 -1.420899710531819
96 768 0 0 0 0.05049130744690278 -0.23200789690121656 -3.415196342662335 0.37100030125281946 0.5000434018805409 5.8498161016959465 2.4955304322746703 0.3478737949501473 -2.5965926225916967 7.916361621499893 1.467752999185066 -0.5516089797519937 -1.6317804356003833 -2.3615976523375357 -2.1331722015658596 1.8466627244447542 -0.15016068335176974 -1.4111322875148058 2.5341222942983466 0.31616102052361683 -1.2247400553027648 2.122755661050615 0.8424373139859407 -2.455563960525427 -3.86803962858113 3.5863461375823498 -2.45230348524635 0.11493746689105956 -0.12621098334789785 2.6556623813691256 0.12457166355207897 -0.14903879373832063 -1.5706652894100945 2.235600882067081 -5.914313116162586 0.9927791175381412 -3.3534835344340372 4.037507779270165 -0.9484164820239921 2.1842445750054233 3.653088367403353 -6.0686522796357645 0.6816037017907413 -0.1411630914394868 -4.593464926953587 -1.9605852818795024 -1.5044770938114493 -5.474603345955073 -3.2193541012890585 -1.5154507967046869 -0.06256690410947473 0.16572076649996187 -3.001576838781911 -0.8934692888122513 3.083377005988016 1.3051744097420495 -2.084323384919682 -1.010661669094062
97 776 0 0 0 0.49015530489574444 -0.0008541666972766149 -3.3357214756865208 0.4809717045281801 0.21339726472825524 5.775939185900826 2.7127270305797886 0.7918385622362968 -2.0586523019425655 7.838068647588764 0.9353802934141378 -0.6918379376886338 -1.408764066616336 -2.2439958306860888 -2.0857537189286126 1.9898393025092331 0.23157225748648969 -1.3616042648257407 2.662106580421239 0.5587764130820749 -1.4842670774670903 2.236819346215795 0.5552118561196044 -3.033581644988103 -3.890772629912073 3.4392022159885074 -2.226362426804279 0.18967816836516133 -0.027402467454007567 2.9278745370017973 -0.1914217837179572 -0.30521552388713336 -1.968600891363668 2.6582185565174243 -6.02036636456719 1.160327531791111 -3.3346552297828667 3.8911838517604522 -1.3127901638184085 2.358606678606603 3.7303617657808177 -6.055291390394683 0.3298667032522464 0.1665044054941195 -4.448823598945506 -2.064642501998219 -1.558390693788962 -5.610243018966814 -3.092832370467785 -1.624072633316795 0.3844948207569324 0.412623782255481 -2.965611559760184 -0.7260255867535482 3.3284071659555265 1.4273999744391679 -1.989414108265796 -1.26484637470092
98 784 0 0 0 0.2991548600297354 0.17901848354854252 -3.4269212884374323 0.37547171377888555 0.2967248236571104 6.1001702402259355 2.456177954386161 0.18656860507702216 -1.6905794848824909 7.974656268593611 1.2069558697265474 -0.4929270156402328 -1.2487662810039901 -2.3870654262712727 -2.2431360182520814 1.9512863799559472 0.5617091120399451 -1.2975712579427547 2.7308840475918883 0.23358479223511028 -1.2966147107166823 2.1454520788477405 0.9172568173298363 -3.002085071811282 -3.8260665610877727 3.525383901867065 -2.1372256576805606 -0.20652739144915752 0.025555679756980268 3.26080172902277 -0.17801919960335028 -0.7133952603732076 -2.001700965527116 2.555526999638131 -5.781864066822935 0.8466827719141157 -3.61244661992275 3.8693890247215563 -1.3082759382042177 2.6823375696097305 3.5368820192236687 -5.850890286784563 0.6353838599035595 -0.04591134806721178 -4.579737694149934 -1.743552186580843 -1.6327384869590724 -5.8302382338388306 -2.7994665573099016 -1.1675677099557962 0.5322932351814897 0.6785940374287946 -2.5579055177261787 -0.9790333423862805 3.1404584383292375 1.562300320663855 -1.8699501578182078 -0.740930204869187
99 792 0 0 0 0.26534228653586966 0.05976775827927816 -2.988190534279754 0.27605988783780594 -0.009839833230830493 6.241724829675469 1.983846111286767 0.33482127506658194 -1.4968335424828185 7.813745906931116 0.8807444480952942 -0.4368398801036949 -1.1436677455461248 -2.439627788408179 -2.1168506674494463 1.7437474851062096 0.7529468855823959 -1.0468709009433572 2.673685182875224 0.42776873863314546 -1.912716066193068 2.2325561134868104 1.1732541141879438 -3.128844646186989 -3.8993068471017134 3.5442796211921426 -2.2368614061548895 -0.35314624884512424 -0.03468885443498075 3.486138244491733 0.08121356719050053 -0.470422200826937 -2.446648358891455 2.783818788761753 -5.0944703872998005 1.3936549184777287 -3.727772116435875 3.8397492207011696 -1.7906721982410843 2.543238765547237 3.6907997645307757 -5.4132234866359195 0.6628349650533523 -0.07954325001994526 -4.479343644505981 -1.7887009113008527 -1.6130119676045123 -5.687627288892355 -2.514568166277808 -0.9694056325604805 0.7146419840812759 0.36443473042541835 -2.531526651086886 -1.495713349579682 2.989604028049509 1.6603754173924048 -1.914399470394531 -0.6130608882229746
100 800 0 0 0 0.6474000973706537 0.010284226132970857 -2.729244668876438 0.45854894561796844 0.24745026435362294 6.366416188425383 2.544615729235637 0.4593463202519461 -1.0648847991316235 8.103541060982655 0.7667889824671763 -0.4535938776717149 -0.6921401643359724 -2.5070722830206096 -2.297201492045616 1.850879717922937 0.7351287088761445 -1.5439812555620986 2.659979577758379 0.3621023943158729 -1.9158358009117777 2.2359300380976466 1.425555837608497 -2.4732176892072637 -4.23921375748885 3.6300569368255546 -2.1344845858033885 0.08762900479884911 0.6300543313535862 3.444471283849586 0.06704887254385566 -0.26628752839071135 -2.6093973431296416 2.775168406547086 -5.139316311736182 1.538164809512368 -3.621739722004138 3.7851788018718873 -1.912254814402948 2.8164470426305677 3.9679646673523905 -5.2079881960835035 0.9789496065138781 -0.2539112209766028 -4.490963572146547 -2.2659977195722463 -1.2761231698193771 -5.861046847461968 -2.7425005436435255 -0.7908679535975583 0.8440870328209151 0.4394906581477148 -2.2266479182102215 -1.0439805513546563 2.834906103076424 1.6019465496398033 -1.5714605971754152 -0.6157933685909757
