% # columns="iter, evals, sigma, 0, fitness, xbest" seed=610975, Mon Apr  6 14:21:21 2026, <python>{}</python>
1 8 0.48025502100685075 0 -40.60668011782683 0.04798373813895613 -0.5775682007113423 0.032142468088190115 0.7665217723962046 -0.5442180729704301 0.026928708268143992 -0.6284629359959021 0.7403487816918911 0.9217491251385576 -0.40757385789413636 0.4468078393920225 0.021808463734925714 0.09064953633924991 -0.5012538446403619 -0.5211447615696988 0.42774741524005216 0.4881176559110763 0.5363759355539992 -0.10013867350152589 -0.47506185663112277 -1.093181562925986 -0.11468533998188306 0.4212458923991569 0.01919796622466877 -0.11159001121881115 0.06088992284813774 0.047523609051992544 0.2898699331590857 -0.1282454711099635 -0.10303146930970745 0.03761095686543512 0.16306988010197976 -0.06981120968993397 0.5433617198754681 0.9199136630845867 0.7843422604674737 -0.4192234499735335 -0.856993873888052 -0.088800083551889 -0.4431268266659681 0.4701169527997059 -0.9039082243747459 -0.14132728173461886 0.31651060638793116 0.17251987697545768 -0.5176714046401619 0.5583860507800469 0.3313108598990712 -0.22711837671290871 -0.5774964624793807 -0.5895768472535948 0.6068448206736959 0.5243049956589366 -0.052671589355620246 0.5774942176918277 0.7356045511132379 -0.35807675314375204 0.4554798576320807
2 16 0.4635405541599079 0 -44.49551704100736 0.34024700727980756 -0.2821368338806668 0.25252156029775796 0.426821927522254 -0.23657395301942735 0.2938539418151175 -0.5851184200160335 -0.1318778485812636 0.9633037376725913 -0.197397799378157 0.28791878803907417 0.16155269811374917 0.7649030387597661 -0.41986107800371425 -0.5724859435791354 -0.18553114141206925 -0.03707017622526976 -0.12263313367236384 1.100290405078941 -0.8217140865938579 -1.070657931985961 0.21850372902472326 -0.1616170809602853 -0.7048899437335403 0.26762204487720154 -0.45319221221016315 0.6258972341120544 -0.8270588470539305 -0.8431062044701347 -0.6802748478617111 -0.5649234497471158 0.16037467187811721 0.6789535212902043 0.16125484230593648 0.2815415576881066 0.01578300370030078 0.39302789095914475 -0.8478723749419614 0.5157155852495364 -0.004666957967552426 0.5514623356130834 -0.20975118450118158 0.7219556762825712 -0.10584991086261464 0.04214227846381656 -0.8133424452958602 -0.15753772872750227 0.3193169097910013 0.29796502974020006 -0.04268099145163673 -0.2680530256172355 -0.2144697144327946 0.16353211675104942 -0.09111030453592944 0.8126255253194967 0.28806686235532525 -0.13248044813457335 0.29354430159084044
3 24 0.4497532267537481 0 -39.49534051640892 0.4524495189907125 -0.5724758391268266 -0.016348687503335818 -0.29485338840585484 -0.09259249500540395 -0.020477312005447543 -0.6906823565474579 -0.07093786025818721 1.0898401952276098 -0.2837443662603617 -0.4418236666253935 -0.9047338571851763 0.44232070186182193 0.1506695353053602 -0.9425847235838396 -0.9478053104287367 0.06267424217659696 -0.9151331929729278 0.6349459200784325 -0.3042806091406131 -0.4067995182745357 -0.6575246471435972 -0.3521912114759459 -0.1345092202703959 0.7574606673991823 -0.4165456942251712 0.28278912396393224 -0.7936866043617059 -1.1836439641371024 -1.0328067677561699 -0.22663145446593147 0.1263783219997713 0.239804748392584 -0.04193741812937979 0.700214077379019 0.043372703695299726 -0.2233990796266616 -1.3915200145758484 -0.2800072794090833 -0.07158033389088694 0.727609150054219 -0.7972743614811496 0.6796939355500776 0.5409282340113808 -0.05786015787581142 0.08800917621405813 0.9869983094866033 0.08513241744979533 1.4910186252302728 0.4875872501940222 -0.049749551723632116 0.2269197689669567 0.6799044026463685 -0.19143882061493914 0.18366369611708722 0.9912916137007473 -0.04816913238618892 -0.28108017401722
4 32 0.4407653585425302 0 -42.33739044655275 0.5969206699170502 -0.5044904496315071 0.6077334574769265 0.426259270245789 -0.01450899084159235 -0.9327561877167716 -0.5423874046038979 0.5295518854293612 1.3300522275893965 -1.029442789352093 -0.884972467388186 -0.9808016592047009 0.1307771032053079 -0.5715566353215704 -0.69256344789642 -1.0936370688537096 0.14329440465471066 -0.08932773138873915 0.2041856215564159 -1.2608101182760212 0.09512457735611524 -0.8719527385640208 -0.6480095270593804 -0.19083224327094042 0.3175581631526373 -0.3729456693179184 -0.34671660094744455 -1.1849809398650466 -0.2015907716734337 -0.7568462043241756 -0.5798225243318407 0.2937274994368099 0.7335801489232358 0.05670523156830837 0.2595697766777169 0.08751701431022257 -0.025152932989706986 -1.1436109744951295 1.1108486669538968 -0.15894165425253803 0.7343011091761619 -1.3111704465975982 0.1860895540198793 -0.28150968906256 0.19253514195858695 -0.37575678543942975 0.11213211302713466 -0.47451255681706594 1.1719030025458872 -0.5906342987797623 0.11025591745671015 -0.038397921321287 1.149953587956761 -1.0080034399185267 -0.059013237901974186 1.0432689082315358 0.4555100502270475 0.2794413118158152
5 40 0.4348678394689326 0 -44.75261000556595 0.2267594649076906 -0.5611084167035811 -0.31875247314372457 1.1234786674031834 -0.11420979529246383 -0.858545240151876 -1.193517921916159 0.2622707690182234 1.8937831165157153 -1.4172652524603253 -0.38777145116762735 -1.6136306851316855 0.8503428547710866 0.12189805173924351 -0.29208139414973566 -0.6112407067810604 0.0502782194323485 -0.10101548685376806 0.4580273134799946 -0.6313558514351004 -0.5291632299511067 -0.5557053017022967 -1.3391409855417822 -0.17427394813079203 0.9842582789811656 -0.4226294479495596 -0.5585912994363 -1.1152711894628005 -1.6164848584516194 -0.4294172323554069 -0.8504229531750906 0.1007246980227817 0.3036768873169805 0.15419500996541388 0.4136482295074882 0.4045968183711762 0.43814353533863937 -1.1351146075803729 0.418172698613662 -0.3990220423173423 0.16616479033395615 -1.354215318917963 0.8235939620788008 -0.22739443395158646 -0.38572321460811376 -0.5850797656659297 0.1651093952811198 -0.5140623295368779 0.535757927317527 -0.026860599557654574 0.8371865228750007 0.15519135893577718 0.7397740756358082 -1.0122979462122856 -0.45239026699504425 1.1108643246321712 0.35439099762608434 0.27063173062135565
6 48 0.4302112053864657 0 -44.95262686637664 0.06900387911702731 -0.3116396068622108 0.23449058945976706 0.8992827779554526 -0.6198179939300694 -0.758163891248251 -1.004784599905826 0.46962853255926845 2.15033835883767 -1.8614188600829533 -0.6274742781187902 -1.0935686512889744 1.185499956231328 -0.6428704245715728 -0.5445812258140078 -0.8384721752072901 0.6292430941675758 -0.6900151237019556 -0.7670397967555613 -0.6337392814675948 -0.5092803600231848 -0.9560415899825976 -1.02178721134396 -0.6323270355932598 0.15761059637746055 -0.7288104786191834 0.1263371866139119 -1.1519152214631858 -1.4331434687003275 -0.33493284145307906 -1.4043403416647466 0.49122638955596426 -0.19212831013900578 0.05812606938183075 0.35601821070194994 0.10642496101382787 -0.4619475390216336 -0.45042278466873575 0.39824441358645335 -0.18358113399260245 -0.009673100114878153 -0.9696481529549054 0.8369672542136962 0.1661522252728127 0.5433515389765613 0.0476725252801945 0.06622971764746238 -0.404217182744767 1.7111884376860877 0.43153889772373377 1.0418584135647404 -0.3263540645241345 0.4345422407434475 -1.4285098533524474 -0.0849650753537425 1.5104159009258362 -0.022739286002135983 0.3793701910421727
7 56 0.4290783674605426 0 -44.470126792165104 0.606860457503345 -1.1630911247987 -1.6348369548549027 0.1756253115133094 -0.1484805776006717 -1.5727334484136062 -2.013965823241792 0.08718421686568548 2.152153347407855 -2.107139146054063 -0.32413321217554364 -0.8440766733932377 0.6998574772657173 -0.06661024555072442 -0.9553570619430598 -0.9031172101354723 0.15471616552389328 -0.28910978474757226 -0.7207112009310132 -0.40648488565061186 -0.8823302467518288 -0.7834018126903003 -1.6015987542112953 -0.7084680075888915 -0.30246631366267485 -0.19799691081013918 0.5742139641354443 -1.1770233719419037 -1.578580279567201 -1.4383830197940062 -0.8609259856740648 0.7559256001698447 0.22461944113160467 0.015285428054013755 -0.058824695166619256 0.658441657597366 -0.6761476046886592 -1.0822569568881577 0.3012951050957636 -0.02248921987867447 0.08823659555159746 -1.1951923493581793 0.5993976719210764 0.4723069375726743 0.27304533363189726 -0.19624367350820038 -0.7227781001899654 -0.12468433542225865 1.8696074290265468 -0.14221698677251027 1.4701502421324708 -0.9920667392852064 0.8095149988914834 -1.114429231576286 0.3007855552944395 2.19540863671305 -0.5145030350722493 -0.5366189175797476
8 64 0.4282800409844764 0 -44.82793594524884 0.42322602200430404 -1.783238132885951 -0.9099865247279532 0.7640836801595294 0.17864112061081386 -1.2380696931899513 -2.0583080625976056 0.36397873200963154 2.4349225755162673 -2.6370791178629207 -0.5734966559632689 0.0025394912959995075 1.192615047904449 -0.545840313594504 -0.7585632988958877 -1.080146473481455 -0.31197360511286815 -0.7619231720386898 0.2444981373981313 -0.7004995839342116 -0.5537772363438848 -1.1783113874494102 -0.7040175145858945 -0.6395424167474606 0.7920461325398732 0.46092850626412607 0.49572558417963086 -0.8775176181284151 -1.7942658437162393 -0.6279402752967279 -0.6581573548839705 0.10262714013542318 0.018436812967106947 -0.4404800109963041 0.4710307021813724 0.4903386877631223 -0.6610276484559979 -0.7534400146280082 0.004493432975611722 -0.14230291007628787 0.5470028232762529 -1.0491169058110443 0.8285150014811653 0.2760257031738504 0.4962001641167767 0.20447319565504996 0.5367647219914912 -0.013838845729245375 2.4510460546789505 0.20962144099629812 1.0132580337375239 -0.159395397856525 1.0703865952047846 -1.1354782581045961 0.0775244228725499 1.5533752334846866 0.19760626101621193 -0.9294474800975405
9 72 0.42640839232718214 0 -38.99835634740317 -0.8404890980315025 -0.75466610597751 -1.400103561083912 0.5389816848826822 -0.7066350759331774 -1.8169114834777078 -2.1274345470665703 0.8362370338414724 2.680013680985028 -2.351135691884749 0.7065130322037892 -0.6341980766618953 0.9936919585715814 -1.678040228924075 -1.1997220046545545 -1.6575273541222137 0.668125012288872 -0.9053506533822925 -0.4997581545844866 -1.1276719142051324 0.08849151371702157 -1.255126329586173 -0.47942277984435616 -0.28413251489007063 0.7494014714566954 0.3934332510965284 0.12801405961990484 -0.9061947464198787 -1.4771269193030392 -0.47599465814374325 0.21247159064988763 -0.00011973503455936507 0.08382717931586942 -0.03738421446460902 0.8220965126657578 -0.19939260544292758 -0.14261411347230446 -0.03520126623376052 0.27787011919519256 -0.21065979975795232 0.7671468519504288 -0.9552087364978346 0.4498876544857805 0.3290154067327282 1.070187388072165 -0.41456869162226906 -0.5457686463877998 0.13988208930910032 1.4420884562419716 0.3685367479902912 1.7703856705220529 -0.8284130024344025 0.5136922112224361 -1.126147565800355 0.6407929124082788 1.4099857866845324 0.03205958326327324 -0.24477760447416957
10 80 0.42398636482662 0 -44.52195326864171 -0.39077609391650864 -1.5133874391474298 -1.6657910672095366 0.3979694334371573 0.5535002975404897 -0.8092046051523237 -1.6213903210917735 0.07460129886699779 2.8101962357359174 -1.9259986731712777 0.6984800400944993 -0.5121028891238069 0.6361875401629271 -0.033941030687152485 -1.7810490927242018 -1.931657833393615 0.3769884531978463 -0.9712301009801003 0.025373976560091882 -1.6374134735592696 -0.4406078038243165 -0.2437610738568956 -0.3744463209238469 0.2516379149651755 0.7760910799278522 0.5644863731304663 -0.546397938285895 -0.9360120918612795 -1.878256448937491 -0.5130590932039969 -0.3635583941451752 0.4121362460010727 0.05742086097217833 -0.7601419608380495 0.4231234905763554 0.11175171073717388 -0.717467379178699 -0.7510854328122708 0.05628995917276432 -0.4416547528940815 0.7876037735415216 -1.6762444519970956 0.7335570536696678 0.5228440894048088 1.167055351791102 -0.24433221783641682 0.5773671642614651 0.2816333159432667 1.4193012153983564 0.02719687309104113 0.7064718220091827 -1.0981801928052795 0.45627166119231294 -1.1169740725670834 0.5515050567171776 1.5319826782429822 -0.2167206549734762 -0.05920898155088272
11 88 0.4214042925703108 0 -43.22428791487252 -0.07219793708213545 -1.8668144333330847 -1.1191816955659888 0.5938588453833874 0.4797476985178955 -0.41777837995205946 -1.203626609919359 0.8037163058422254 2.5915307765309854 -2.0068308458651334 0.4227920448580901 -1.0382095282267962 0.5980809871846576 -0.465201089757164 -1.3945402966730802 -1.5215206180911032 0.4999280617762736 -1.577131843688629 -0.0510465260544625 -1.3286348614194319 -0.5247879586035898 -0.7490039170826917 -0.7603695181717041 -0.2653506115540498 1.2095476925531081 0.24033390136704905 0.014634941672247825 -0.8180320657931229 -2.434462295159654 -0.13704204890694338 0.10505745298853986 0.012123973286699063 -0.19889718559890962 -0.054212317485764716 0.3464883311991588 1.0385397136991554 0.23354458499569625 -0.09497110399851838 0.7072322850223326 -0.6001410566682488 1.7359994476121396 -1.3852654483010158 1.1066185083064717 0.30775067767354086 0.9449489221882741 -0.7270791871456838 0.18874483714530205 -0.15508318439394964 1.8994709981990257 -0.26820470799756735 0.4289003566008658 -1.090640837867816 0.3711837523212637 -1.2621562568838451 0.7016582918397922 1.225725802458919 -0.7357622898527504 0.22896497931549498
12 96 0.41803341176893255 0 -40.651892884154975 -0.6909197427536429 -0.9367446570511235 -0.8651715137793108 0.9150186037628698 -0.3138058869514845 -1.4302610896542516 -1.7780096007018829 0.7855731373872675 2.4084795789755247 -2.1895695398249884 -0.037389137202827716 -0.6190980240837232 1.0529275720722642 -0.8284444771745568 -1.3393187295607338 -1.0386747040231648 0.7943818154054015 -1.1394966696983033 -0.4250887919788939 -2.279330708620573 -0.7830748500897905 -0.8243648152276839 -0.19494565080229798 0.5559031205514757 1.0566805101956276 0.8140685828448815 0.4907253240269512 -0.5065381170815234 -2.3127279391975266 -0.1131851874716176 -0.19584141616622439 0.5740948630781723 -0.030044712434134063 -0.057027674464009914 -0.3750043461453215 0.03746600841559411 0.06699144298320567 0.03923769203679947 -0.08549637635268642 -0.26384052320817064 1.1592834251556083 -1.8391182433315545 0.9624830274280592 0.8320164385553336 0.9153568076404455 -0.5931488114643044 0.42834980732879296 -0.08158538178422013 1.3297017399355646 -0.04740363789776614 0.7040733272129784 -0.538823783660153 1.167202000013742 -1.6794764320051512 0.37294215027654426 1.5349296833147144 0.26236303912619363 0.39149750462457195
13 104 0.413956694284814 0 -37.92619938884852 -1.0401667872447362 -0.6406501388164433 -1.5545310955590899 0.5515310796127311 -0.25849730466547516 -1.3149477755436032 -1.5565288296537496 1.295679636677714 2.715272172300909 -2.433218693020692 0.35522126665447645 -1.1217877510719965 0.628807000698437 -0.36083634049317254 -1.2992182209578906 -1.6544184224982543 0.5951330044496075 -1.2260979680693131 -0.6760438920575691 -2.3634165262163287 -0.6483055857044892 -1.0497198205305638 -0.5361269262561582 -0.028763242791771004 1.4078052136437949 0.4306598398459026 0.45885102493760943 -0.24744715063699996 -2.094972498024878 -0.8226782112739239 -0.10653532236325561 0.3814563015330473 -0.04822830814842286 -0.20966425800676128 -0.20946451286813544 0.6100849841308704 0.5761753538299692 0.03104190147339754 -0.6092972157748011 0.12264568225499567 1.24358502194303 -0.8861954600783732 0.35854115483829463 1.1102500315462434 0.819326759596356 -0.39711620638688366 0.4442408935818275 0.062119198397135485 1.1793161140309851 -0.15026376478671608 1.4624433091348217 -0.4277001954497558 0.5449199792880843 -0.8408046052295721 0.4074969861201629 0.9152918435458236 -0.21932844596416626 0.4751247925889212
14 112 0.41130910265030685 0 -42.30240580943755 -0.12483377360296077 -1.137669664545556 -1.3421363915140025 0.3645789214291931 -0.21396566807342632 -1.6183607391256916 -1.7057494707825496 1.075616966455027 3.052685074774209 -2.181453397388812 0.6324226394888179 -0.8346000142410717 1.0868470717920724 -0.84319957868555 -1.0645944219785801 -1.778844767649494 0.6743868427780486 -1.5086652769206539 -0.08564944318970999 -2.2861245717210084 -0.05596187654625984 -1.741984064700931 -0.3593662653087327 0.5690236580080589 1.2166089037596257 0.5143141823888477 0.3830078570783524 -0.08842371429359669 -2.282274527012367 0.26643026254370245 -0.04751859620245974 0.7554090696898255 -0.4698872826581282 -0.19431384251188002 -0.4722946191333164 0.5050498651829519 -0.03878822048796693 0.26040442315359275 -0.7738342259204254 -0.08001021007130982 1.5603160046497144 -0.37120794704875404 1.3091469758558378 0.21100242662730917 1.7617202845987763 -1.1080038518745423 0.4227088952676257 0.4104008618903287 1.7017726178456387 0.5946573728485821 1.949712823641617 -0.3802927759532985 0.7954848906714946 -1.351614510131172 0.3974358218832447 0.6826404585430192 0.7845211992099111 -0.3982652884305154
15 120 0.4083013418869445 0 -42.26764912661283 -0.7010068594327096 -1.211315662726216 -0.5636467855267301 -0.07539866104641602 -0.7672390206378183 -1.6018067842893882 -0.4126452769017761 1.6744561281275585 2.767210569975589 -1.656733437111086 0.3507886923035628 -1.157557161331599 1.3300015205271065 -1.1110966686491537 -0.3478736374730278 -1.2689099689876238 0.018863270253183406 -1.614833014181026 -0.3247633521306472 -1.9495681033742784 0.19173622556334877 -1.36831265555539 -0.8318035848728333 0.3217054022738049 1.3726324167535187 0.8485133709204219 0.39056401883242037 -0.08666119551211635 -2.737196506365912 -0.33600001573203375 0.25438595336539765 -0.1344500871984683 -0.6958069962287148 0.1841473502006643 -0.5389765904851749 0.3756647463583307 -0.37682414221533317 0.200135067555806 -0.2415102601248914 -0.6711620558117142 1.318561384727488 -0.8368523452676169 1.81541564828688 0.032365734181810046 1.3424798157024627 -1.0083697171824346 0.42684115916848714 0.05967759785997151 0.62890517777336 -0.7312493727101191 1.5120308885365068 -1.138252289377038 1.1061487425117387 -0.9406410183902295 -0.3267529386642477 0.6201186750758353 -0.14303722685249326 0.3645273213134922
16 128 0.4031659042682934 0 -37.980694496407814 -0.41356403549245013 -1.0427754180090734 -1.1811288028149967 0.37998570858095576 -0.3868212614508934 -0.8131929599079543 -0.5820396673268664 1.5718048314530215 2.791390937494592 -1.5590657016721974 0.21159551273096988 -1.2523447140556845 1.000003837855905 -1.227535973822613 -0.7214522905097027 -1.1279952636933461 0.7960496766689611 -1.0441912730769252 -0.6416394513593664 -1.6265150963561257 0.2448990779087351 -1.6895089363456328 0.269289859682858 0.8180380347210405 1.987878507219617 0.7556885407980982 -0.14606121174576192 -0.14448335208810922 -2.4790520019175815 -0.19309422580144733 -0.5819018769248601 0.39066689597057813 -0.9636964139977393 0.29253859331392434 -0.4986674619016476 0.25006889507837415 -0.4043295639199114 0.1726275358383336 -0.31681839464334716 -0.033658962866974784 1.8815798883618193 -0.4651876796116384 0.6141465605134763 0.16308985064401896 1.2089581105935767 -0.757739287172103 1.1543802924532192 1.060568912164376 0.8934749946520494 -0.08501362757778078 0.5705121389251944 -0.5402511244884782 1.3160256317793393 -0.45026480961589604 0.3354583953583584 0.4070151029351895 -0.4736641818183389 -0.04273535461624331
17 136 0.3998574162831424 0 -38.76537904182572 0.04801501124362151 -1.2197484799766394 -0.6345974859233301 0.7724047324111919 -1.0881246328782521 -1.3145922114526143 -0.37221987186780947 1.9624750788034007 2.4696875654770003 -1.3262700002801313 -0.0371227501504221 -0.7213736134690709 1.8991283079411243 -0.4056835348275235 -0.8920338129237031 -1.2730292371451022 -0.23932900366072596 -1.4509714805762806 0.6167542984065583 -1.6919286229587243 0.3871757662300982 -1.632874135997697 -0.6152758314369294 1.165665701796163 1.1695909534147422 0.8910385828732192 0.4213385208645549 0.5241286433149509 -2.4206744840531202 0.5453124065014416 -0.3054792521663581 0.5281327905035911 -0.711084562564274 0.06249903633639472 -0.15458276728972326 0.5443808589898612 -0.5800584934171845 0.3616559064811199 -0.23342811732783314 -0.5147752689962922 1.94748413374209 -0.22411536018282818 1.015813756326644 -0.02774384161133417 1.443801866371098 -0.6433594578751838 1.428817093112864 0.43511697899060886 0.8259508620023478 0.12134819764986109 0.710527533396771 -1.0914373648518523 1.192719466522317 -0.3975040121861615 0.3458912077905411 0.9341908215747331 -0.848225185043187 -0.0741031999594617
18 144 0.3950184026842357 0 -42.08158639943229 0.1934592803386023 -1.129044218239884 -0.9245881312087193 1.3820451069498212 -1.1663349126966838 -0.6630723877028598 -0.25466438075345443 0.9229259070337309 2.5784008019485776 -1.140026136999572 -0.015222174829148838 -1.241208835228632 1.7971194074331434 -0.506541182008388 -0.8087786473467264 -0.7753527856160577 0.07511074556896555 -0.3930887429761565 0.6738947491544989 -1.8804981328313444 0.6345853538933229 -1.2261471310909595 -1.2466011828748396 0.7173671950496221 1.2588393858926596 0.9664113592353764 -0.3693640516667433 0.32400998478628 -2.2720308125510127 0.1381653821125231 -0.46970397192926366 0.32228111394900555 -1.177584804436216 0.1985924139419521 -0.3223057928250092 0.16259075143211899 0.011837076481179931 0.0771273001861651 -0.1151698778650421 -0.19428883142456171 1.4090742132283596 0.30579709191224536 0.7598681599137214 0.07671265883056488 1.6696434771428799 -0.11428668155872312 1.078833622023014 0.8607832714912913 1.5151975252741015 0.30135632188421946 0.537022394916474 -1.1879826933861404 1.5455723217952373 -0.8515165862385096 0.4848483981269315 0.8534516047502936 -0.8106555605309437 0.0020893198404570226
19 152 0.3899270148688093 0 -38.627625878090896 0.0971837785697675 -1.2441079165012525 -1.437011393029842 1.4120901071008136 -0.6007055776975999 -0.7097371710845712 -0.5272581971131218 1.8371758845649402 2.2523203614645735 -1.4871835082544635 0.3369775309563365 -1.2942077524297373 1.908103903381703 -0.9484368590562886 -1.6407273334317956 -1.418593817301292 0.4450426078995216 -1.4423094526080944 1.105961335355496 -1.4035819467105581 0.01689553070104155 -2.4616251289639077 0.1777185011692507 1.1353479056233549 1.3656309111770562 0.7316429325012777 -0.5285874884201722 0.8800477334430865 -1.4501124144230169 0.8634720311214537 -0.9102704775784676 0.5555400528895937 -1.8071477665285698 -0.4699740228559355 -0.6618620262428276 0.7457854946109501 0.3762028068723392 0.8438750012262375 -0.03195735781846554 -0.5634817129647695 0.7919311999449293 -0.5996669418385943 1.0458087574259376 0.09419302500787625 0.9629336106321257 -0.6211059294097858 0.44331427665669043 0.16771904907822976 1.5900797782546254 0.8732054976147099 0.43197466701692167 -1.4984578362959764 1.8842311890385075 -0.4255087245580113 0.387707193701178 0.6809639609256247 -0.8693397694260057 0.21323389844617746
20 160 0.386960128409218 0 -41.82767967232699 -0.6409287175543719 -0.980038007889784 -0.8068832734947025 0.7683112353117865 -1.0293719974182105 -0.0715207480843214 -0.7492866217728311 2.1134198332645315 2.292200156493441 -0.8761078446262663 0.7542645393841305 -1.6810532565896419 2.709993101819091 -0.02082908599948452 -1.3023635728618568 -0.943899265640767 0.470710395011792 -1.6020326947531023 0.27303490470585706 -1.7518220919189134 0.37144552015670584 -1.7881266671898062 -0.29886829596162 1.0662024645221986 2.178658568759539 0.1674536568619701 -0.1658158335614813 0.3243763690778089 -1.546868623877582 1.1088156850417612 -0.14434541324824396 0.6220586142452701 -1.3579202323610224 0.21693681139216836 -0.39998485781629545 1.0416165871942515 -0.5284562704265796 1.47142094073428 0.19587045326741298 -0.5899655168197844 1.214705703266386 -0.6211730814022662 1.5134440990143776 0.38092638169824555 0.9040126612227218 -0.37152736688568655 0.6788877930941918 -0.15088411111606648 2.244429564066115 1.0504014359884215 0.1397366606375952 -1.574793095039727 1.5733606439083694 -0.47865814206598256 -0.33533052336165503 0.6682570138513779 -0.706387182350367 -0.24700555097261023
21 168 0.38301813206404 0 -43.2522858562024 -0.03724918969348451 -0.831466964970527 -2.2572248428538773 1.0210181490985555 -0.6944247741364425 0.4394395911349164 -0.6867084015351725 2.1461583248858243 2.325084922150279 -1.2611693349952506 0.3033265388244965 -1.7152332778672013 1.4201049318671735 -0.231365071241886 -1.5784715606212576 -1.1132937399949587 0.1000686228334075 -1.5790716480447218 1.020478736558329 -1.3667397873172025 -0.5754556239577809 -1.1507931093765227 -0.12032489145457764 0.9602743386841242 1.8854958218764357 0.00550500277086613 0.26774842949218564 0.10823112245002345 -1.2103965429633243 1.0626038359424903 0.6099683752674596 0.8837595552924702 -1.1632845014899356 0.23806156180943588 -1.1239775241415169 1.326235069425605 0.17837416995829936 0.911500269972388 0.25899502731891655 -0.5268470826653744 1.5294930761878764 -0.785155528767971 1.7366280929598101 0.05390812795171954 1.246357366659712 -0.5583517335002025 0.6429788780909765 -0.18175577604907367 2.0938005487227542 0.2421317091991892 0.7763201121943865 -1.0929014452487156 1.212105906663107 0.329465445856404 -0.15354942338018668 0.4805035623806751 0.021694275289906084 0.1849265752713068
22 176 0.37958676788197643 0 -41.90339292859435 -0.3427513255968344 -0.543690721753946 -1.149039952820849 0.003398989864909163 -1.0356640281500282 -0.1538783173765132 -0.4416901319096164 1.668294972583185 2.630984994622347 -1.1285050433703672 0.1809472602899947 -1.7672378672841353 1.5686643358845322 -0.27076648063962383 -1.626783666611895 -0.8598378553729714 0.4990957389169769 -0.9975462850305838 0.3315784025766705 -1.6614083546974585 -0.5828673440767211 -1.8940703744374199 -0.2380656616121833 1.7391886872858269 1.2534281478826192 0.2955644087976361 0.311355646792912 -0.43333407929550793 -0.8410948148424006 2.115460173580205 0.11723964693570316 1.836180204121959 -1.786190934495012 -0.45791250876972955 -0.6983977935677971 0.7565273195950176 -0.16707625079191848 1.7219463604732694 0.015503106307351217 -0.85073333717671 1.2004497286894225 -0.6035270361642657 1.4060794132620908 0.07043241580386922 0.774560856481594 0.010464395048198238 0.5834610251134738 -0.2617676807006099 2.6219413796532716 0.7554790339749139 0.3986351471400655 -1.0096371731445168 1.4470581365625552 0.110828279921524 -0.0985764259495999 0.4310763042602758 -0.5316306764398472 -0.5083068171095664
23 184 0.37696896476445685 0 -37.87692122173496 -1.0370254734253816 -1.0289898146543808 -0.606073266305536 0.12135021523704909 -0.6150713526444023 0.46890263893348394 -0.2850094892767619 1.4594972715764747 2.3296670933046406 -1.273556230216265 0.29334657014443477 -1.7304684655701295 1.0024841004496576 0.06597602713351047 -1.9019143747213407 -0.9199470890351495 0.30232978143539596 -1.5006933584765423 0.4045501416754343 -2.3944173988596176 -0.645002018553292 -2.1170313004310253 -0.09178976865775709 1.7392634443104913 0.9828589298354674 0.6265019375821055 0.3344971625297873 -0.04510260762281648 -2.2138998702081985 1.6864362959587726 0.37224722230938906 1.8272872914982174 -1.6418066347557896 -0.5095280481611317 -0.9207458306019467 1.5118596968173335 0.21019574372204147 1.5855290219411162 -0.1794559053850999 -0.3867905639285334 1.3840027696324189 -1.031993132425261 1.5290734258730179 0.17259652250166227 0.5834702349957476 -0.09143143634457072 1.0667048059079465 -0.2043081834719287 1.7686750036943764 0.9270171711934913 0.22285463230416896 -0.7449036110001402 1.0995355246483902 0.17591349626007236 -1.2821286990768008 1.0838363750280364 -0.14034700626903474 0.23958103620628463
24 192 0.37606491297053524 0 -38.19447250655269 -0.7268147335741607 -0.34979386393708645 -0.8999316196466038 0.21702574962739146 -0.7203746484769356 0.7025077845620806 -0.5817819365751155 1.8116464418494989 2.226155315605366 -1.4572510195279227 0.6495566431408001 -1.707313701555434 1.7258386992414922 0.4202806863512048 -1.5447040355980453 -1.2195701989831162 0.6828307692756531 -1.4699398525681184 0.35723586502370797 -1.9524520156325138 -0.5860681855371058 -2.6093516895634914 -0.16108159253121007 2.3202821525254747 1.2739559454747411 0.06645475770328907 0.30564687855686035 -0.08506148075052689 -1.5500475752453136 2.1511633437970112 0.5011150171319125 2.263345546853047 -1.7240463135155537 -0.3813042848373571 -0.25911790982565364 1.6375780761870216 -0.3075690506645267 1.6042662715836724 0.08109878424918412 -0.6425665009272821 1.0440319229663242 -0.9118589287425263 1.5068929641263527 0.4586387995465039 0.04871189682333332 -0.23587442474227371 0.10148896526021789 -0.7730613355659538 2.0755320052274033 0.3280735084272902 0.5405262671975034 -0.5633621252791868 1.5210864781037112 0.3754807032596127 -1.398719629022053 1.3065037142340947 0.40835689674943637 -0.5500939180110498
25 200 0.3757400438149604 0 -42.02633489589555 -0.3267247176876729 -0.9570140311087267 -1.3356606278091419 -0.5419010929147475 -1.0580009740202647 1.12590128459791 -0.6861751995820574 1.5235019455594652 2.083702843148877 -1.73007897189207 -0.2394889387025621 -1.2620021419316076 1.9174628021920685 0.4965206536393395 -1.7657122557361755 -0.33944487780622035 -0.12179888937361491 -1.6197354576098175 0.0012598119036280053 -2.1326203830991823 -0.5480926985667436 -1.5775802916429011 -0.01088499914945494 1.9429811269350759 1.6307798187331197 -0.040372677455453976 -0.05837681215178231 -0.09163262179301668 -1.7961237887959833 3.1302141625216002 0.5147716301575455 2.203518677479141 -1.183468299297897 0.1868883280417537 -0.72434371235567 1.3287733879253112 0.35873229173387766 1.9314820300372118 0.1963602782182166 -1.2720182184651951 1.4123280287422346 -0.848196329934389 1.153626549549619 0.39274288411110647 0.3824374961410651 -0.4934492729245663 -0.009790132928096273 -0.34102028450614263 2.241708187980077 -0.010530301126424169 1.2739459074210342 -0.40425477494131334 0.9393266556890769 -0.07655249648619811 -0.261489942071343 0.6361871463129353 0.43506394039161117 -0.30000180183925323
26 208 0.37594558038922565 0 -36.65845263506795 -0.4070010405431812 -0.3379405082236776 -1.7196157360905822 0.17770279946981893 -1.4160219286126672 0.9656604454531462 -0.33969915613964846 1.5483238977986156 2.3199530713327516 -1.9393644960777516 0.11081876919029174 -1.5632374306201413 1.6140150794558155 -0.13838551552638628 -1.6960142273113425 -0.5675383927922878 -0.2640794033172453 -1.9755817131362896 -0.5280652324801857 -1.8096846990439523 -0.3546309590599646 -0.7542129442947836 0.8296548275551789 1.6395791023338508 1.1075280370290517 0.7873057463577415 -0.13214556195834637 0.4058937105556055 -2.1710449702960872 2.8148598574912915 0.4729512180083885 2.5168763274235983 -1.2121991319018097 0.5680557458484273 0.3001654423236632 1.6109731329874442 -0.46539958132387366 1.666879056693615 0.18096947258302215 -1.0596245464149239 0.5462142249121216 -0.9972401845011025 0.3247469274574428 0.22968414974526735 0.9883743758507739 -0.4137827065371432 0.3849318485600046 -0.4963651310682066 1.8252790683600344 -0.3426056824132537 0.9215796700554099 -0.7691053824415566 1.6584829511545454 -0.7062381168297215 -1.287873053880494 0.2704098827625502 0.3056193447411521 -0.6318488687565139
27 216 0.37636548297481115 0 -43.599057171559004 0.06781385248111715 -0.3247458264877215 -1.3568953170731564 -0.19347953003768725 -0.9340143987701262 0.9787058339924576 -0.35895659222372844 2.0542552548233113 1.4783351675648346 -2.348389855734497 0.2686422802422622 -1.0783363802168862 1.2645663570818946 0.031244185025519997 -1.257851828756069 -0.7897334504622678 -0.8476382223296176 -1.572449271048169 0.23440897999156643 -2.6282274040249156 -0.23967083141671786 -1.7486014639568865 0.5913675298033183 1.6837508947067206 0.6391029719709334 0.4594477391306016 -1.504913144584747 -0.43416424289316313 -2.37656531464687 2.043835295722383 0.5234173257553757 2.1426565309053323 -1.9436385097342312 -0.23918620538876195 0.18038407911522944 1.701103850974876 -0.023884384316725182 1.932859051867641 0.9817921176264359 -1.2920293136107068 0.7415886696343962 -0.6716913979396746 1.0246516792254179 0.6059197986277146 0.4624026328711478 -0.6286180102082313 0.20344247766331147 0.3053337354919139 1.7596277013598578 -0.035913960729650474 0.6540336534172568 -0.5036517054717858 1.2151104350927862 -0.838803194573901 -0.13385533070289024 0.42024305316533317 0.7098404572605339 -0.6818668164508424
28 224 0.37760774875846315 0 -40.64603703740415 -1.0886408159941998 -0.5555918609637379 -1.5509189333658653 -0.5181629335111164 -1.5668267131648248 1.4936072323249774 -0.9843895637991482 1.8581180339802557 2.5189325931798012 -1.5612650957792198 0.07704825870952979 -0.8373868013487071 1.908862500907219 -0.14979965436504816 -1.723936117660895 -0.7435862991084616 -0.6212645793462488 -1.190476008157653 0.20226445128605847 -2.3290025061890147 -0.4750564145576242 -2.0095753535711802 0.689457455045397 2.635558393964319 0.24443262525905052 1.0216835017668815 -0.9428738812095085 0.08569584655114806 -1.980885186031458 2.874413424126416 0.7017835022145732 2.4971397518806517 -1.4738795864720389 -0.1744439662852311 0.09537655479673184 1.749092480231103 0.043228325366469825 1.0977095281854117 0.8009414760174867 -1.5160410129964783 0.9482623289971877 -0.7665364761176559 0.8652602740556959 0.6282198919724203 0.032163717393187574 -0.5075460703794263 -0.1557797428801443 -0.2509616329731726 2.373339041427339 0.21999345535828047 1.031301840640777 -0.6455583188404386 1.018733434625912 -1.3204637415037102 -1.0278197423045796 0.10827048524449079 0.4913530672181084 -0.378004899525557
29 232 0.37836895301754087 0 -42.97234829565132 -0.6812762658911689 -0.5353062312386112 -0.994442473051468 -0.3559292265381756 -1.5538247309282478 0.731820932582333 -0.6706980907413337 1.7288635940890014 2.3375828711259348 -1.2790911536551706 0.5511640383803628 -0.7783665430502134 1.7546819042258635 -0.11246798632242705 -1.240321690537647 -0.9986983330262565 -1.4213347870168076 -1.6549400559273781 0.44174134425193434 -2.648249855972304 -0.25995773695804447 -1.7250525975771118 -0.31297961585642065 3.0670124700854036 -0.11413896098335236 0.9114753616843683 -0.8374687865833974 0.31786634579446943 -2.006546271753902 3.222835297622178 0.9179883632945575 2.1021024687335363 -2.230668089309879 -0.7068857423217448 0.34627620793379854 1.673027632184239 -0.02180814202358132 1.3668289573718237 1.1090099997865766 -0.9009970766940846 0.3113376315427416 -0.9385367978016077 0.7451421635562702 0.10341385476535447 0.010630380037100429 -0.05944623878447208 -0.6001306213561046 -0.16423467093661848 1.8272892397470561 0.20278636088472216 1.1744014919867174 -0.21759736765536347 0.8130264202461721 -1.7250075725338958 0.11805874123591964 0.43516816285052823 0.8032941659768511 -0.035885526665296485
30 240 0.38093711529492214 0 -42.414692944051204 -0.48756036833954 -0.30665506438433826 -0.9864040896303661 -0.7336489370486167 -1.799693114509215 0.5592193103038788 -1.2023509591856618 1.143196484572461 2.7341324757749437 -1.33560726294934 1.391597980024102 -1.4388836862736305 2.2915962519818063 -0.05633436198595728 -1.1160717254484513 -1.276116402306792 -1.056810765341805 -1.7607017326140404 0.24615142721563518 -2.2765044522184854 0.1648827673588645 -1.936744124967794 0.2621991471801757 2.3140879892199497 0.03393091299643247 1.6235876244608616 -1.0592751357490475 -0.44052541092758335 -1.9754115466423652 3.1522620167349853 1.1080741651107884 2.360920642579608 -2.0235123257154566 -0.7006172789848737 0.7833906556213639 1.835727939915634 0.2528373913789911 2.1868656679784846 1.1818871648979195 -1.5655919091054815 0.04681321059574739 -1.0017373701782495 1.6406635041632784 -0.22844192870787727 0.15319305037175163 -0.5436523006769531 0.6129311504541342 -0.07511393728441311 2.5816540160281414 0.8456041527934972 1.7006073869884686 -0.6442608631943367 0.13215105258052506 -1.987176751866281 0.011084914205566787 0.916116923780365 1.462461411752137 -0.33064852161251895
31 248 0.3829543741754219 0 -41.0709768757435 -0.8302609366676188 0.3636914514021652 -0.9822753276131035 -0.6015027868605755 -1.2080654425892008 -0.030707100684717048 -0.46886680152775523 1.2718321322837727 2.9775358132898613 -1.297850218306289 0.2960033613547859 -0.9837369659580341 2.1638003165633624 0.36591717932458057 -1.1360372579213758 -1.0675954369201957 -0.9426578502149591 -1.7071734085053725 0.4500867796282698 -1.170600888074798 -0.037932602383652037 -1.7213741906527757 0.28885868291511535 3.1489879485783563 -0.24606814655629444 0.47864660051878916 -1.296600444271911 -0.3540229968097388 -1.8665543969141247 3.790441863475653 0.5997033293522716 2.172657565734433 -2.129725355221587 -0.010907599652877908 0.6647921599460149 1.6150202487440577 0.03741434700572904 2.0485911156609444 1.2854283016300778 -1.1694682369635157 0.46179533266173095 -0.47047393563301 1.0464579547498873 -0.28894656350771053 0.222960400317319 -0.229662526100331 0.20592794765790343 -0.6816899324455008 1.2535109906514996 0.7035269001023365 1.37413218078585 -0.32017134150728693 0.8016717167674428 -1.6102448714562745 0.33996472004977324 0.22102164167545385 0.7263660440563189 -0.28245514859862353
32 256 0.38550781197385825 0 -42.252206106272816 -0.8880133711254206 0.35110908699160814 -1.3466697578081852 -0.7919708859964611 -2.0970931217984132 0.4251845448703253 -0.6361918228496871 1.0493154281136763 2.816868007982166 -1.2992264404055622 1.2124160296574877 -1.2117583671881005 1.828152071925119 1.0049246507797525 -0.9367118963134817 -0.7778897683492443 -1.3337681296317696 -1.5290266175634941 0.5171527443734045 -2.322209917698354 -0.2579291532045744 -1.2456746959470895 0.42925986597482946 3.0394333238660547 -0.5775328880402611 1.0064895619958194 -1.0687183842717765 -0.402441682294725 -2.146977773594833 3.675955032508366 0.23464588656176416 2.8126862526841117 -2.9802953647908383 -0.6359006199616071 0.29158667831582025 1.9634740954634706 -0.042310095564256384 1.1091157137884329 1.286984223632709 -0.679386812038231 0.014721625190445259 -0.25419545061562016 0.7965144893938662 -0.4564324190006239 0.08531308018514666 -0.3499398582720245 -0.5488447180254166 -0.7179369215910246 2.222763080340108 0.688841205192774 1.2461666171559957 -0.6904628985682402 0.41235783921068053 -1.726628846225065 -0.7520984644135544 0.41975313568916645 0.5198424815636187 -0.355836594338676
33 264 0.38768547267061937 0 -43.31182941782833 0.08903499413051275 0.030363041628951024 -0.8508240954054854 -1.0590611591868808 -1.527887076119881 0.5789663276170559 0.10342388688981885 0.7672879874184584 3.30641279970661 -0.8713134069904995 1.0444174889881954 -1.0481863582302466 2.9957337261365193 0.6199517211940272 -1.2718145057542767 -0.6176113979502826 -1.3308918774494025 -1.2657365536202236 0.358309421834233 -2.427247026464845 0.12780172046435517 -1.1839391451214567 0.07214513734213979 3.1467419163396277 -0.9666200247601965 0.8033974523168822 -0.26396550524638007 -0.5382068454362774 -1.166733012576193 4.502102459774204 0.8056433129237617 2.390609219602729 -2.1729144946746133 -0.6149152030630346 0.4113478835384441 2.5787501895815694 -0.5638500289508313 1.9948270137867223 1.0418280672952336 -0.5724778683591674 -0.15410116348107583 -0.26044581711783305 0.8483970723614075 0.19975466807838746 -0.2681620770230202 -0.27137544491003257 -0.1685626959696165 -1.2102179405738087 1.9736176188454455 0.5589852558678788 1.5889257165803747 -0.17600810575055859 0.3680401427005631 -1.6800061362737306 -0.5965555974239245 0.2576414309208102 0.019474058146873308 0.11059636212617768
34 272 0.3913961766383884 0 -40.357823536041714 0.1683080416429435 0.45321121088335303 -1.2841352588535209 -1.0429276124677491 -1.6407870028520957 0.661791579684033 -0.06297073891637299 1.2123092418448271 3.1614082368839576 -1.0399017627508433 0.6578479013815706 -1.0026821983163317 1.697267675412268 0.8268204544559649 -1.1492707876840904 -0.8941220657960036 -1.7343581541963693 -1.1935609208262905 -0.15954037171889693 -2.212001636440506 0.2565847063654805 -1.9098814632925305 0.5875167885905872 3.959699473219947 -0.7086672092472647 1.1373014488058402 -0.6126139547808678 -0.5497838612264946 -1.9226013899041032 4.347730172425882 0.29293099263380135 2.742436550880758 -1.8357461031949642 -0.8479095583408538 0.5952406254945122 2.6337966869666927 0.07508163677441398 1.627853529845021 0.5880788699475326 -0.8111905322951557 -0.49202418841292156 -0.20541015849568184 0.6500832202387412 0.5972598531724104 -0.7397142651260445 -1.0162093462338309 -0.45079737454385416 -1.487317205931772 1.7390539550521815 0.27994214894806513 1.3918940529794683 -0.28857910971748113 -0.3145318348590948 -1.442386240196575 -0.5779852520215475 0.6401737561393505 0.450159999187294 0.007569766418909454
35 280 0.39251828031501773 0 -42.66072647073535 -0.7275962339487033 0.2493693829417851 -1.5288606184402078 -0.6900708572182339 -2.0581285939411806 0.18720780119542163 -0.1641447198553316 0.5883372176201576 3.258348667789882 -2.073448272050958 0.3937386190731329 -0.87775394809793 1.9557083918586793 -0.016670668165456592 -1.076852080778074 -0.6080576712942647 -1.467027910111136 -1.150798100023518 0.3333380419561388 -2.2100684915091047 0.32383766795105684 -1.4696999690308998 0.45046763882014174 3.3718106484340926 -0.3242311996577165 1.3629054465821488 -0.4506003435174334 -0.6043468531210368 -2.1694298167586554 3.816153381725552 0.7887317672389815 2.3977273192385677 -2.601020898042708 -0.644344942104076 0.844039261506568 2.7590704096028578 -0.11812567610990178 1.5875200740939985 1.26003268993991 -1.1609509603774384 -0.676694405273813 -0.5954092635576992 0.8714407443030767 0.4913847343997846 -0.5014041435210248 -0.93197830708949 -0.6047836506670627 -1.0555912143682478 1.429483644739934 0.6446255142872809 0.8915361457557825 -0.400363027725175 -0.2287558546315886 -1.5423196614218813 -0.47520774831520995 0.6037273218211044 0.4100984568554067 0.48139873457554044
36 288 0.3941986789875461 0 -39.61078664116308 -0.7885693624297256 0.43799263065418087 -1.2523416052766645 -0.6990696996762058 -1.709920615056209 0.34343530854704996 0.11266328752365228 0.4162430656676639 3.746831970530442 -2.0274491902814495 0.38153984002527097 -1.1894752901646282 1.907824673245496 0.17827134385387666 -1.3438040681977836 -0.9152959417175646 -1.6137233484337323 -1.9526793461663121 0.5625298419831262 -2.0103997473758137 0.5227255745571299 -1.8276558718549236 0.640630916008921 3.7064457451980073 -0.4698419387156685 1.1578498983710919 -0.237159586846996 -0.4218160288404756 -2.1264856648493673 4.3966067673463645 1.6152432981678007 2.3649179408302494 -2.0911141261090576 -0.14994794160938607 0.675685318162479 2.8127525813802583 -0.14722396305071675 1.3214111116696896 0.8895161507495649 -0.2503920512589982 -0.38498627221299686 -1.5249417940236276 1.2836100341649697 1.0768976285339433 0.3535724457111926 -1.5675231921417911 -0.25466810859951416 -1.2953806870648255 1.0270557115818264 1.278844064021482 1.3808969277714875 -0.4196687860151639 0.4492829882696605 -1.7143210155938449 -0.5611219402906596 -0.3709878752354743 -0.02743627594729814 0.20311991368869775
37 296 0.3949755368759259 0 -39.880784234567166 -1.1844985595037654 0.6211452951011636 -1.2865549761555042 -0.390475764706412 -1.9014356538907724 0.5473189620439719 0.013118716509030334 0.2722977241792408 4.0495412403570805 -1.8504163836805025 1.0455372413131099 -0.9663240002418128 2.1423393865122624 0.567970508056027 -1.4055469445534186 -1.045254434634925 -1.6490460037648949 -1.4538789396985303 0.14320399519642135 -2.4211255905996296 0.23807788839160632 -2.015423346815235 0.3618713467921209 3.8919730880930636 -0.5701733551055899 1.4474339154705942 -0.2240139853402847 -0.26941520312879064 -2.2186156422629595 4.000686935666961 1.2044982638572044 2.659274812795749 -2.739145537179351 -0.17775917442747502 0.9262028535223985 2.305967526197984 0.033138086712534986 0.471841949101913 0.938885535125485 -0.8997458588675207 -0.6345886005831851 -1.0299780028446819 1.1878905171056384 1.010796568068497 0.3509991719215244 -1.3225570772892623 -0.7823308198847199 -1.3832743575952922 1.4059156182953891 1.0309258825888588 1.4887349885228451 -0.41046808691481107 0.3411371040189636 -2.0693934777042013 -0.2245778214275161 -0.3003000016410722 0.39629742378554805 0.1385693691304194
38 304 0.3951144439655024 0 -42.0970310416594 -0.5465512896710221 0.24753789628564357 -0.6517868661239801 -0.5078373963354608 -1.8778635830554027 0.9389017248934228 0.28567491609457074 1.0635282727316089 3.617523898009697 -2.1148424180900185 0.2520640052712154 -1.06030278804256 1.710763120666221 0.3595688355233259 -1.3328648287800147 -1.4661879380999143 -2.281295017999937 -1.2963474507876462 0.4047477536145714 -2.206291044420847 -0.032247618490556795 -1.5357920280487023 0.42390507453932935 3.6997112934714687 -0.2775799788815088 1.3869791276671517 -0.03640675993681014 -0.669477307911061 -2.059388842749338 3.7250005485067907 1.5418410590997662 2.5575775973229327 -1.3031215101424118 -0.3857393163959138 0.7322577626479154 2.549469021007904 -0.11609265677782638 1.0194396419368237 1.2613053746866651 -1.014475569809969 -0.7033339706763551 -1.472904310826311 0.7276718982118634 0.9543812117145329 0.04706914638259044 -1.217021528251907 0.6925249946230361 -1.7893678618776936 1.5816421081098802 1.2321884602554494 1.0132015513318677 -0.8059688300076631 -0.19102293298179457 -1.577945893267577 -0.6155885889347922 -0.3490476290247718 0.7590925209811691 0.36151095525839494
39 312 0.3955953977409224 0 -38.872604651170356 -0.656934412474812 0.70006983045558 -1.629013574047303 -0.15137843621220548 -1.4709082493200216 0.9141072964710417 -0.49954517704229523 0.549873826195098 4.395350270895882 -2.4953608637679263 -0.4391553572805619 -1.0236431634478897 1.7348064633628177 0.40931303897079496 -1.5093584577395234 -1.1813331342134554 -2.459453869340831 -1.315296395225729 0.04008790247614649 -1.6477297078838582 -0.4319321056344239 -1.8741753006579889 0.5873855899811354 3.665096583818425 -0.010289955908484083 1.4685300716863918 0.4598813086526351 -0.08216073542312652 -2.3739362078980077 3.952104852784577 0.914043533980581 2.6969484690813297 -1.4699821158128965 0.06830819022745066 0.6577130587046264 2.0153711131230208 -0.6756072333836747 0.5555195248831326 1.3732190073048907 -1.2904306386155935 -0.8354873537746675 -1.058199469580687 1.8551149602747823 1.018703932387586 -0.6989779805444271 -1.1115035691562805 0.943457284728978 -1.9521368777013801 1.375159330448439 0.678939159767782 1.2773263853647014 -0.10246633549855011 0.21944792220015966 -2.4048658921486807 -0.9439420017843179 0.6003865873579644 -0.20758745994866923 0.7692078565282096
40 320 0.397239466792435 0 -40.13180506348659 -0.4763876563347412 1.1906857733368685 -1.6817718293446915 -0.46618524838668896 -1.8234411061342597 0.9591727317154473 -0.4090863462849976 0.3367191841858261 5.073475129942462 -2.288706574674747 -0.12224594887723736 -1.4083636846095424 1.700967267051479 0.8028304398421404 -1.5451690438070882 -0.8280754392143528 -2.52270084985746 -1.8044985074631779 -0.0001783897033234283 -2.2339173909412993 -0.2556289271143866 -1.9900347437469603 0.5747979880618113 4.177999304119121 -0.38056874054397805 1.654036656173294 0.1472273516424821 0.02816238295663387 -2.5387558433964386 4.443982702990792 1.7261763147381013 2.425045019101005 -1.6499103177370469 -0.29857724024918675 0.34266042129861746 1.9627030539962598 -0.7875174676699271 1.1117168381460698 1.3487818861161345 -1.0142049079451174 0.029428631969117047 -1.5315929186798916 1.8759344397484412 1.797359334396598 -0.3637275412430716 -0.9892845821950915 0.4365007689743595 -2.0416601599246578 2.100222570513748 0.9479350134648962 1.2936008068674834 -0.4424860420473384 0.09644114095965775 -2.378775778399598 -0.9856885507339548 0.712770454873358 0.0764162432474195 0.4343006232663885
41 328 0.3997217430538042 0 -43.102732978079786 -0.45147131395152096 1.122362586468074 -1.9825812433890686 -0.40990073946012484 -1.692499033818568 0.713238602363089 -0.44657126886635956 0.5007135617791113 4.215339637502484 -2.266270164696151 -1.0472784682501246 -1.3211203523494224 0.7772442319905278 0.36087066403783374 -0.8923668234152156 -0.4605833958537776 -3.0558389435306097 -0.789845615362132 0.5575993999534631 -2.5353802590745707 -0.36782875062642834 -1.2803522088082668 0.6626281476226223 4.479813357633102 -0.22560012730066276 1.5835510093949805 0.4915506050490561 -0.20240450942467597 -3.041736857104061 3.979622371982749 1.6313682304152526 1.6315490534867196 -1.170266769749221 -0.32052269801299127 -0.09543958316944046 1.433177303061333 -0.5614579647025875 0.9721752017413553 1.562570865596182 -0.23816118907016692 -0.018438717292556875 -1.1652073350587977 1.7261122693815836 1.4781739924264157 -0.7967464239013995 -0.8679584423856679 0.8151206528305839 -1.7349048119239259 1.7675134451867065 1.0054634785442524 0.8186619669941564 -0.4760478920521747 -0.6504317466983651 -2.1029680869173615 -0.6237229239646424 1.1052033294925434 0.5870068358903567 0.8752265171832694
42 336 0.4026262507667518 0 -40.98699086623495 -0.30596675318812205 1.3145881854999606 -0.9060437809442763 -0.7200854983662115 -1.966832072409199 1.1096063460351662 -0.7391470667019161 0.23308283530154755 4.193824824239431 -2.0799116897975014 -0.739879858973733 -0.3342227253175918 1.130443367196721 0.7817690985533867 -1.5264982616007345 -1.1073484819456123 -3.152340365146681 -0.9205059548050325 0.257793434622019 -2.5278671232323244 -0.8562613396853658 -1.5585088198547323 0.6217634159035673 4.914828405291657 -0.7205350355755816 1.763213411260423 0.9650338021693363 -0.5494508693441182 -3.0756378923977543 5.076941917957766 1.1105944985247345 1.8763183487464743 -1.4461533293849251 -0.8928701795886356 0.335972729100027 1.6579208621633512 -0.31140540470713474 0.8232936771174741 0.9249069637491552 -0.6564122698560043 0.13063777234231114 -0.5760083922992185 1.0994107838839138 2.2341521941626974 -0.1590357184993536 -1.004212976540214 0.5597182894093031 -1.6155899990268803 2.0039240768438455 1.2530851451837375 1.2258894926169432 -1.0374352001264118 -0.4579951347073581 -1.8570576361165818 -0.3867822341530634 0.5206367326994972 -0.4299867865770088 1.3616205886911779
43 344 0.4031884852099915 0 -38.994381296563496 -0.862910350630897 0.7540832275365802 -1.0328044438075477 -0.6091395420639847 -2.0566145957094775 0.8425311083478727 0.053871317009320796 0.3608977708488573 3.819794791419704 -1.855188381444413 0.2486725644198401 -0.6535827364533525 1.0640795045524698 0.5516296275610061 -1.1910418410639374 -0.4362916594649727 -2.99213805828762 -1.7298723028723972 -0.1164771578305347 -2.184416352178639 -1.0680480682179776 -1.7034077702639354 0.6004879179112169 5.012733013675202 -0.5436387505058885 1.8288848311957162 0.6978552130038919 -0.9450446840753874 -2.677707053034387 4.761331925417894 1.647118995289375 2.603835051582087 -0.7687213984536773 -0.6130294882865934 0.6207060568806817 1.4539008376951583 -0.2335926811906756 0.1583262309376574 0.35447323562675004 -0.7432207146485632 -0.22262781816927452 -1.0192991096748172 0.9505497535611651 1.8716671110546739 -0.4406229794699287 -1.5225302068699473 1.041018116460951 -1.3712711286798802 2.1036407936871058 1.1546419847617126 0.9105780467127361 -0.7857641004293374 -0.16076832353370715 -1.8787442177501121 -0.4031626646464587 0.06395672916265172 0.16684344028566545 0.9143411443849709
44 352 0.40532052507469146 0 -42.81376141421587 -0.7992676257118123 1.0132718992960865 -1.2695185061579308 -0.872756793774909 -1.555637697804389 1.133407742448234 0.7175264447444174 0.7632239476927429 4.379145092337837 -2.6036049333977873 -0.8839654836140527 -0.38742599575240827 1.3814099837792693 1.3872348544491175 -0.8665514762089672 -0.5632164756048135 -3.1092744442895723 -1.6931752949225398 0.5100835128335097 -2.8985707749096554 -1.455351745238905 -1.4180262668690453 0.35952086513334935 4.377157074633265 -1.5889569455449073 2.3496216373557326 1.2807832125190153 -0.9328219773629921 -2.806303984806554 4.972436200659367 1.3409937736172974 3.1590541132996672 -0.9877811285856936 0.19674759119642082 0.9562623901388703 1.5005092651833298 -0.25222518767777885 1.0847355560118714 1.3985673523655775 -1.3513462292415759 0.05284773742014055 -1.7531328440972036 0.8887724505959694 1.9841293662141088 -0.3571519198748729 -0.6645503326127982 0.7970357996284028 -2.208835560252103 1.7672073428536577 1.4933421616556246 1.3675101988401595 -1.3641166643303806 -0.14316389452048167 -1.9951842146354135 -0.4410390370245635 0.9382659226281156 0.09405680966989104 1.4190803262205116
45 360 0.4059587754504603 0 -42.16500744938396 -0.6688172961554197 0.02083326817275777 -1.8132701711836972 -1.0518199385981668 -1.7668261019486229 0.4413574400204572 0.1917605507228822 -0.19349742581640994 4.001794736475364 -2.4340204963081047 -0.07366550050209242 0.11574369657745454 2.0906512973219558 0.9506850758377534 -0.8030189873577169 -0.49273811027205955 -3.307663768923751 -2.0967069597908217 0.4824039471067006 -2.1415993920819725 -0.7480508846525792 -1.9981963719097253 0.8088411399863444 4.538906738187928 -0.3027439041150728 2.2024632800580357 1.840458037019859 -0.3990485793984173 -2.9771360463360796 4.778153295966926 1.315506219494447 3.2349917503515067 -1.4732728575057643 0.23158759283879282 0.6423402734129524 1.5827647473449342 -0.7603545065725497 0.5831777498734381 0.8351815123086602 -1.4660908278106886 -0.47659254302630827 -1.373795506556301 1.3147316386011396 1.5272122779866297 0.06811382960329007 -0.9672936590038704 0.7090223317722826 -2.403733442223034 1.496839310942023 1.3325048995196083 1.8114719852206056 -0.97291526086815 -0.5203103695435424 -2.086080307390912 -0.3352659471967776 -0.0134842336858636 -0.455602398571183 1.2141569492957016
46 368 0.406473041354312 0 -39.07696067860052 -1.148777235812157 0.5117075333980614 -1.5603270897692187 -1.0599902615067465 -1.7075416138826518 0.6801799403184857 0.1609317098640658 0.22791587740219857 4.091866242233607 -2.255294193228976 -1.164143754705024 -0.08186424107316045 1.5213494091409239 0.7930226118409262 -1.4964913971922145 -0.9447507768471679 -3.4433563580679065 -2.608685245972743 1.1091927384109412 -2.341850428540771 -0.5688035430388814 -1.4513959505642602 0.618869245218931 4.3142958599356795 -1.3093138289851993 2.4362552167597866 1.6074568991630964 -1.9391618376542303 -3.103830870631105 4.591456415626465 1.556466685311797 3.8660783406501844 -0.3423075603573611 -0.38200957549393 1.0180176727368646 0.986140837708054 -0.23099379201168635 0.4713794277144225 1.6966830461676912 -0.6262421924154538 -0.9566274755735711 -1.1674940703643324 1.3776876089525605 1.250143436098224 0.8087049686653123 -0.9439510972375822 0.5533580880298165 -2.2041970485647107 2.373380863024302 0.7759405850476492 2.215079044764426 -1.1106719032723995 -0.3569522579190692 -1.9717839958727128 -0.16670439959523176 -0.21651568616820627 -0.386336895997551 -0.05173457805103576
47 376 0.40561446694805026 0 -40.2953530541937 -1.2410328011624383 1.1080515605754755 -1.6658301514271103 -0.8824403412308984 -1.6576480015313237 0.966159391155685 0.7591215735420815 -0.09523557394607049 4.058726460922863 -3.309822177504482 -0.7017945535691271 -0.1322801366047588 1.845775401228099 0.5898505901824869 -0.8533185738955436 -0.9335408755847101 -3.4211173736878684 -2.234778062701258 0.9223455204302182 -1.9047153515264377 -0.4223102700900477 -1.8087241428470806 0.2988647277583947 3.3905044949748024 -0.2235640253503628 2.1354411662613253 0.7673135245578021 -2.0094584077128808 -2.4097345254723064 5.392196188787731 1.6725611732055794 4.109157992758917 -0.7258074111892927 -0.4859289847706182 0.6573008496473237 0.5735536256140895 0.37902384834424907 0.8606130655672013 1.9810066857161241 -0.577835907198531 -0.13406217692835232 -1.2131970839606474 1.1538332210440356 0.6281242260778314 0.4244585289627453 -0.8062350068001796 1.127508686452087 -1.7516531214149347 1.7598796818662437 1.7324336713741908 1.1398105602553184 -1.4155407331988088 -0.30080142434011264 -2.0725883433491887 -0.3371464044778016 0.1153032019574213 0.08013653326951958 0.39806047658451504
48 384 0.4045287769162166 0 -39.19277056700494 -0.8090379891541044 1.1129148567965974 -0.8307550025922269 -1.2036216178760835 -1.3289342463800615 0.3949136391423713 -0.014740757598926235 -0.25368578120194507 3.3581162070556574 -1.9496269005941183 -1.114445760885905 -0.37394844710130776 1.007248001238804 1.039004234425147 -0.4558251347053119 -1.0466204876712557 -3.6188267560018397 -1.8412035652283736 0.4040278187890949 -1.4651816922071006 -0.1981911459404383 -1.4107567375140708 0.4567851148964122 3.6141905281688476 0.1298072360979311 2.3975193846371123 1.7534643216614838 -2.0570423009865784 -3.1845671265021087 5.247515017557324 1.4400289449351564 3.846516070933329 -0.8112498374871984 -0.3251548307057248 1.8255759931490623 1.1959016614434508 -0.4536539448886283 0.1539703848404177 1.6455320526287602 -0.23788084245865315 -0.6570214780075481 -1.6664728650427303 1.3463630201113366 1.1941194476265942 0.9314299922584042 -0.845253156470406 1.078607825518979 -1.9247162201656514 1.4834417115778504 0.8635188740365412 1.4436609060699517 -1.4553481138853281 -0.06954133330929738 -1.7875795712820994 -0.36302717316594396 0.20804626556678388 0.03806581296074262 -0.0705101639242331
49 392 0.4045612136793616 0 -40.7860197494972 -0.8063764411602377 2.016170356080113 -1.0713870505412322 -1.1203328243494763 -1.8495508186859757 0.5689456481240871 0.35943657549676933 -0.5839333987687098 3.053573054029031 -2.446407182517267 -0.4415068064800984 -0.7333318340111701 1.0041065843883334 1.1086284697151365 -1.3023401342777872 -0.9920565877302054 -3.3128421617831956 -2.4185692034244495 1.1133606638232438 -2.159003682263105 -0.7164399736879179 -2.105182346109 0.8741186834803301 4.1427828323758655 0.2562397304666665 1.8383751699800985 1.3157957698210436 -1.4704978785950855 -3.42340511531166 4.901773740676857 2.4968165191832874 4.030702775259515 -0.4171130983780774 -0.5403083090554287 0.6306533621819586 0.9820175024410891 -0.7672981369495087 0.7224475130116448 1.7389697458039552 -0.5482968598588056 -0.11143706727103264 -1.5867466919014153 1.9261366719754454 1.410201991137988 1.485376088786198 -0.7923922539516424 0.9049284308096188 -2.3552273589524213 1.7373334509329459 1.2594611646987954 1.4222074845654598 -1.7163501065413007 -0.1413424578315276 -2.330463260832539 -0.8015594535851006 0.31645730066050426 0.31159241113129277 0.1572503845890058
50 400 0.40538663512079504 0 -40.03477176309415 -1.4786430907582686 1.1266237628482008 -1.4303438570854774 -1.2632633428922542 -1.177233576576727 0.11662598912178934 -0.02510890016172873 0.10011409393530918 3.3675119143605503 -1.9664601040339975 -0.858005581134412 -0.6669863074364955 0.7795696492295416 1.030064123787252 -1.6427725147004864 -1.3279543224424206 -3.4559027363944144 -2.235579840183318 0.837963060704439 -1.3273161450402875 -0.40829669301459487 -1.4760078249220223 0.45065874051102073 2.7703302540572574 0.9096112598133996 2.382871293024182 2.0117600964220084 -2.3260952917590543 -3.8529081823874245 6.015452491801847 2.353044067747195 3.8445321688993257 -0.6865954487054502 -0.7782341977220626 1.095527739937961 0.9287623970138515 -0.6428862918146818 0.61823332832289 1.5791653436799158 0.10586260926131857 0.7755179792608172 -1.2659771071913428 1.8887280826756268 1.581805655300547 1.5891513481250823 -1.5961703879826312 1.7898614788575085 -1.6651697625387538 1.76271914529377 1.221406157412099 1.3590995002430273 -1.791607607961607 0.8000588370500685 -1.7046146556258202 -0.25793109596746 0.823314701749474 0.3251889117735865 -0.11602274862047657
51 408 0.405949033497771 0 -38.456732944379205 -0.7648705839530628 1.387916358885454 -1.4249824502976949 -0.8500860573379271 -2.131601577232157 0.3900809468873275 0.28669569989789095 -0.6249133275657381 3.5475549709757423 -2.2252208750807108 -0.1092577638656742 -0.22354870041285868 1.051480100869655 0.834856718777557 -1.389145561387141 -1.015125269178673 -3.370299588606197 -2.8178354023027294 1.43950971555935 -1.1883421174632243 -0.7837838198212052 -1.9302539070971008 0.3417228693881761 3.360516544954257 -0.09656015420178865 2.249818740705511 1.8893453889867298 -1.9177961275780093 -3.464477440328461 5.833270463380762 1.5944120803902215 4.487382876039777 -1.0956325141826402 -0.9028010000033657 1.3192888553992939 0.8375122559634104 -0.5706560139896473 0.04859905430210637 2.257213436366405 0.05883126008398154 0.22252860232581773 -0.8689137458889659 2.250113035064251 1.4537734727404186 1.2760727164100758 -1.0237582831053123 0.8598759124646856 -1.5136242499319592 2.6549588651953755 1.6416447698846157 0.7515273628549237 -2.358144972480087 1.0174671073851487 -2.295517093774232 -0.24925856813710934 1.3312260764773156 0.8344364029381717 -0.37253205015539104
52 416 0.40755894773122237 0 -40.62733547874656 -0.2523942502696649 1.4610884540696638 -0.7532501037967507 -0.7659895788399435 -2.1653957104702584 0.26399463018742575 0.313304296102656 -0.46282560540132367 3.940585441579229 -2.512234986621187 -0.23267624172287216 -0.00151777306820855 0.6962259509049645 1.4412549852395389 -1.0069624732505889 -1.214441367433173 -3.822481867508448 -2.5028561734731314 1.6800346786658524 -1.09667270799892 -0.17440143162514354 -1.9124728073887782 0.23081328447206395 3.368710278221904 0.08305845973138562 1.9606325548536696 1.7178408446660762 -2.296321496811243 -3.796087862165247 5.73576129832566 2.0630831349572794 3.93869627592509 -0.448118059747843 -0.5881178763884602 1.433529484840352 1.289535925231161 -0.5121700847388078 0.7614816253521556 1.8312709342936258 0.4659658478312854 -0.41533583495480914 -0.9664316018611363 2.7869030561645927 1.6979427240149876 1.375584265377379 -0.5249778943890211 1.1980203459939 -1.5646340092633189 1.9045664906409288 2.7489821324098234 0.06532754827572818 -2.8159734643744767 1.3973309353416086 -1.7531711892239628 0.006675958978807794 1.1922440715394282 0.49896811476036645 0.3626078846921702
53 424 0.4093665722072366 0 -39.78608963298603 0.6685116149935694 0.699420651715254 -1.258187731387852 -0.3168897900161854 -2.486607360537482 0.5610055558459214 0.2886716755594772 -0.024799656350012578 3.3260181650952685 -2.0780143479470867 -0.3721755694343326 -0.31020758332143655 0.9447060904129151 1.2025404018384789 -0.6814615565492363 -1.0418065956873115 -3.504024398759617 -2.7119358706343872 1.5045718436512177 -0.16430872483970071 -0.7481447912645143 -1.7718477756022077 0.0024308623674082486 3.0381891843694935 0.3392298194686431 1.8102325617720396 1.7456808997797462 -2.3358273313814815 -4.23492140872205 5.849957170693844 2.5936184537118216 4.233312696467766 -1.1786396730627131 -0.3063477845967483 1.5666029441945803 1.1656274660435104 -0.013235364652455617 0.5140490148322233 1.781884431082284 -0.5422085638860246 0.6116847173314408 -0.6595428905581958 3.5210887502146555 2.464730685238512 1.093019374551958 0.008228523950030264 1.6221295812062648 -0.9414372791543231 2.4610925290654952 1.3925491945589479 1.0275097591911004 -1.3447335052815583 1.0298394154041162 -1.876871309615159 0.23903427086410997 1.8702855796810487 0.6076361899793892 0.4715393562495639
54 432 0.4125275276150065 0 -43.192503996302605 0.4531965349770699 0.8259969274459714 -0.4350108508800149 0.11294516684840095 -2.567580946229396 0.7135743054780841 0.2592599369135571 -0.6795658456264424 2.926265386739454 -2.356780374411504 -0.02061969415787812 0.5747893268166195 0.21550336886735422 0.988762798157876 -1.4979013516078221 -0.5331353772874066 -3.366537072200817 -2.460934809420546 0.17938155994522442 -0.03462624509907525 -0.7247116137017765 -2.247313316008446 0.404444525972274 2.8554702063813524 0.7055342646212251 2.833636175937443 1.71523424542371 -1.4832365200048998 -4.3369456140487 6.024947697924112 1.6162883215831518 4.320562848559151 -1.4201444103428287 -0.4372938277032862 1.9265546564778886 0.9874868823322304 -0.4965874880774652 -0.460915775042656 2.5553454043512787 0.39081172191950525 0.941151445253793 -1.0151687052519291 3.3955241833121454 1.4978871441055348 1.091894799746829 -1.4097536084633635 1.6400389388015164 -0.8078525102338934 1.6458953458342758 1.7325155402245207 1.1002023701103045 -2.623567783905137 1.8142118432293335 -1.7767875919908405 0.6424921066629332 0.48003960854970473 0.7699892638323569 1.5101270484699876
55 440 0.4146118113185549 0 -42.65611568054569 0.6028265975508448 0.5209713139398207 -0.9391931676601377 -0.3551371919826063 -2.7477077484714756 0.9800339390216469 0.11347388126711455 -0.8369475545552374 3.561158312585316 -1.7554424040959806 -0.013241090631464253 1.156823486624722 0.2526144911574694 1.238561772864758 -1.108079840020444 -0.5965354922743784 -3.7490764992745675 -2.423265087159531 0.024817720688685707 -0.06550269454698834 -0.6625900036609302 -2.0318878901497417 -0.40679974873083957 3.1211077228173827 0.060858692154985294 2.857257990492583 1.5061799380714072 -1.879511444800119 -3.5766877614344503 5.765631072854054 1.8426167641627642 3.8935125963649413 -2.022038266907048 -0.36234997607320996 2.2933967922923824 0.748778012785709 -1.031708467733687 0.03635010868490508 2.0673904909871466 0.2898026493943619 0.5189079290265961 -1.0617822992123334 3.159601068632716 2.183761635326225 1.0983807617985137 -0.14946300933890577 0.7581004875242922 -0.6912095524487751 1.7403942611528818 2.1215260197676833 1.5098229400414844 -2.4167800973826905 0.7933873370607795 -1.1609739839684812 -0.3619398790012742 0.7201691959508779 0.6510149805635121 1.0098222892272772
56 448 0.4197032243441657 0 -40.435520468760664 1.2995720664121277 1.2227271090839034 -1.4428318432882161 -0.2864098924490583 -3.1018068505971295 0.5402047449636237 -0.07324990853158367 -0.3073209456693554 3.4814092167364654 -1.7945375522057492 0.2680477145205624 1.056207304637129 0.7694930656193584 1.3878831754927448 -1.1165425638781765 -0.826888382118262 -4.153219973954373 -2.7064774127143325 0.5384899696823544 0.1307096932458157 -0.9751688573107244 -2.198996631342974 0.23615255006899938 2.629372705624764 0.6312289659512831 2.172509706910092 1.6011613764409844 -1.598007762132638 -3.702982282615732 6.55687118416986 1.9784503601540133 3.620703430958824 -0.7477273758432537 -0.3326307261187042 2.9380602474729978 1.0829938748794254 -1.233702142063642 -0.6614278052773076 2.6409719461812515 0.11973257578917029 1.3241194921515067 -0.9731400697222643 3.3164817463861955 2.3659807942478195 1.4247098302911174 -0.7369016761812464 1.2521595359401825 -1.3715496507862714 2.2205973445936165 1.8416973305729134 1.7145998687406887 -2.2920409276340656 1.0203695114446796 -1.5775947042994032 0.46268788619291523 1.2576547178555533 0.7837013831046331 1.556333250065182
57 456 0.4241610022603189 0 -39.85923707622808 1.061157956532465 0.6970373756333117 -1.7779781399753332 -0.12284153489720728 -2.5465755711543565 0.3789875601357788 -0.9257889163474046 -0.5256217641097453 3.5515776494313354 -2.227132968194046 -0.2153685064727929 0.6850386541171747 2.169621208868787 1.027347223045405 -1.546321803949785 -0.9758621508166493 -4.988440192503769 -2.728161225627659 -0.47298689744918276 -0.0775360443132097 -0.8083294915363678 -1.7441249717318714 0.7897955021905801 3.0203058051087583 0.2562589698464823 2.3997863262933015 2.1314370479365583 -1.5458202046928813 -4.073800731258611 6.667773061843323 1.153918118039889 3.2755901919869688 -1.8364406565902618 0.6699582653551318 2.700976148513795 0.7731854288404092 -1.449755066873312 -0.4860654320610367 2.2680200120373613 0.6189327974905594 1.355093756495844 -1.2012155054703981 2.9369692909279173 2.3266261930955348 1.7555570979342157 -1.054899731509287 1.5314152398423615 -0.9543402184237322 2.9499812959457747 2.3049681801215063 1.293304878336291 -2.1838950622062496 1.3359468744287444 -1.8612410060295128 0.8958672582389957 1.0550711480142339 0.3007471471549627 1.531506724136999
58 464 0.42601134002530056 0 -40.17876975522213 0.4960114516125485 -0.4743241221513518 -1.4510158296249185 -0.09790179153329476 -2.3805497279043952 0.7801956251491453 -0.9861448673850292 0.39417746898285233 3.7318393833624754 -2.1928079880659173 0.013287622529130405 0.27333258812468986 1.5308130217689389 1.0926287776465353 -1.323191048917344 -0.9498795072003404 -3.831263117763968 -2.152713205837669 0.11874508386191901 -0.3112798977203256 -0.6255232764736272 -1.6790544904423632 0.7309245270537678 2.474046600818222 0.2064170781165166 3.0544572165795953 2.1244544032114407 -1.7839696164096626 -3.3043342204961847 6.875863221296129 0.9390276976080247 2.677318528083405 -2.0132427615553117 0.7070242851181754 2.740887137515213 1.5314784827648393 -1.2125640427187343 -0.10152224549691063 2.7888122225896614 0.032535695026646605 0.9541497062361353 -1.289979844538447 3.1030549328296795 2.4710601475340166 1.2913681276364168 -0.7406109997167051 1.9320454673797074 -1.4648049621082344 2.6927087393884395 1.5799656567710887 2.180899830524834 -2.4156645306746958 0.4159532387126357 -1.1553266472737103 1.0504006214493498 1.527971329049256 0.24754141732526044 1.1768475956777844
59 472 0.4251375577480709 0 -42.792766676581785 0.48917308980744734 -0.19278189036374566 -1.2665300194072397 0.06808539404648781 -2.171950821949508 0.4552822105732884 -0.7580049127640619 0.004126908672587873 3.7143687131278713 -1.4639962284265353 -0.0783183313664659 -0.005259134478639016 1.240714003349099 1.1550979384775726 -2.0812888317948106 -1.622448638773086 -3.477976437065936 -1.6375414533456363 -0.07266092741971411 0.19612475704570023 -0.6167736407416144 -3.0868903863074593 0.40210471250582935 2.579209731067497 0.10195827208194341 2.4728310879106306 2.154534514654033 -1.4986674629967016 -3.394108631099757 6.083245410872242 0.6674850752545478 2.602703260314715 -0.9664902015108938 0.8906300146659645 2.023310809927523 1.3194287715758986 -1.4747251347845844 -0.966192874422517 2.5782784393875193 0.10954456195292744 1.4900455037897027 -0.8540072374444904 3.0076613710548665 1.617385487171759 0.5061709371829415 -0.28730731327406384 1.0779529935029015 -0.8961191803729217 2.5502697967936068 2.1271668070289977 2.0318314231123247 -2.0082348598536837 0.7278145492535696 -1.704778636588511 0.9506235080614018 1.5158884600247173 1.2881740053015098 1.060851877787561
60 480 0.4249701443671278 0 -41.479269470770284 0.7127093406223063 0.07792278620853632 -0.7263743300961264 0.6438071001410071 -2.3837601745114965 1.2601039285433948 -0.8738449571393552 0.3152060787570793 3.950940543768933 -1.8501211654088168 -0.11007729858124696 0.0343538794458465 0.48454361348546693 0.839629421684195 -1.5056684770587019 -1.648252952030672 -4.0048440001111745 -2.071270485643966 -0.8140775018710101 -0.2448133320641158 -0.6347760307747208 -2.475737422720262 0.1825461453477995 2.6286235461233343 -1.1203920409220465 3.057747378970143 1.2837257214991786 -1.9519052680992468 -4.110569304345321 6.606200645992576 1.015880701009436 2.6057071624944195 -1.5805613780147825 0.8295865130427711 2.3688983227044935 1.5322808546882192 -1.4841865255430635 -0.7764930662731783 2.3689001312714053 0.8759893423623384 0.9118731590725129 -1.5519594395418599 3.287051445608105 2.499599408293621 0.5940000541437291 -0.8803495438808923 1.5426658516773983 -1.9194775050200086 2.861628684638677 1.958676492839427 2.0927866699361934 -2.466592719791394 1.904441147866644 -1.5168747044874507 0.7669419034083587 1.9333794540720128 0.9151764763308331 0.9448458734393049
61 488 0.42500899011543025 0 -40.30739153972967 0.7437301527777731 -0.2097585990309207 -1.1934058644410541 0.41984348291442125 -2.1872870698077 0.8990872482534255 0.07679299744139467 -0.23741936316159465 4.543927407260749 -1.3648571674952796 0.27488744430258194 0.04758305162719434 0.8254692959704539 1.3222540437785557 -1.9278931931000285 -1.0675968877484208 -4.655479278232067 -2.3048628353561744 -0.712267825148136 -0.03292135307362104 -0.0690533873391933 -2.144817144642908 0.9458200013857598 2.3180660090926546 -7.983929233434939e-05 3.402488172668829 1.4052458557339385 -1.9639051829693 -3.6337733717984957 6.282586024604727 0.9002342768179525 2.3115404588585315 -1.374630219512402 0.4871146574180697 2.3901343073385743 1.0324526521048525 -1.3151937242942788 -0.008520604065933912 2.4602147898942444 0.6933570704919553 1.886217605213126 -1.2548747075841293 4.115138369410611 2.170986841441917 -0.1439503396555225 -0.9282900669992711 1.4459960135290046 -1.2263387771424583 3.2274890977871387 1.660696105206162 1.7058808642282512 -2.161143545004698 1.6104524788222156 -2.3048577918142 0.5709915303268143 2.0366238117396795 1.4711371768114587 1.2319958907832513
62 496 0.42452738532749956 0 -41.547983798291455 0.5694590570624504 -0.22255405750252458 -1.3028532570784481 -0.038347950273395326 -2.764656133208175 1.2496888901515368 0.011275076935208683 -0.5471451212410606 3.9179780162445836 -1.053876267870481 0.0507946303238568 0.42338285050451774 0.06844623066783578 1.5243499290453668 -1.7988114479832533 -0.5666409730719766 -3.5757898641326626 -2.4290152494224806 -0.4763032944503814 -0.24818109193193222 -0.24606064897567856 -2.8158050611245358 0.7902690879838111 2.2561248894465717 -0.4373316847781772 3.5461538825431935 1.2833164529669352 -2.151916311340918 -3.2471083832655108 6.773169324122549 0.6127196350704505 2.074169544630165 -1.421244206853282 0.4445467238174405 2.7107950081596854 1.1365981952721909 -1.3360906140203117 -0.3922423958867235 1.651518873006837 0.48405031131865817 1.7749182593810466 -1.3226543719848027 3.6500891916075267 2.159847481371481 -0.24887099128088008 -0.9976619360361982 1.384323157259146 -1.508963443428907 2.9707751222935785 1.259436143370104 1.9229259769149962 -1.5088103071436307 1.2644404351997702 -2.1282097011276817 1.14580469096338 2.539462456398235 1.2029679847613788 1.53210566096314
63 504 0.42248490750592554 0 -39.10933801480672 0.6500276045606902 0.4215818069672369 -1.0767640521641546 0.7349095049475409 -2.252936390953983 0.9806690455816487 -0.0959642171649976 -0.23118821841853868 3.8739529871873333 -1.0732002322408638 -0.14692387593359896 0.03169504923761188 0.18518022077518076 1.0502034837051513 -1.526994293663628 -0.5539480062031846 -3.898062217685026 -2.7435814438946076 -0.7338984076183113 0.23805377511806783 -0.05772389427624003 -2.14516726937853 0.7585295841399193 2.332068344055823 -0.2977048040345742 2.8726398868711516 1.6390309116730148 -2.3185261989435744 -3.2574742087442434 7.50941178929762 1.377757290862606 2.720497439197265 -1.0413914290229023 0.755523142961888 2.439148391241627 1.3928552788093296 -1.2108460546935864 -0.6640901028982521 2.161650212530749 1.240727743459471 2.120616717084507 -1.0166966746335404 3.9081723353647724 2.5034216972652876 -0.1494239711688484 -1.7504316342594435 1.3020538297558186 -1.7128689335330578 3.0329766320516676 0.7930170061217168 1.575238500226375 -2.5963451968142364 1.1075588433697154 -1.8545842532808166 0.5367979447262141 1.8926512744458113 0.3882377156629704 1.2616218479345562
64 512 0.4213846684757718 0 -39.915020826195104 0.015598489748580469 -0.46128853259646246 -0.9374597418864314 0.5883884889384091 -2.3397321323729208 0.5455814473405745 -0.34152193545811343 -0.6035777391151307 3.8942416762121184 -0.7818815752570706 0.8543139425333374 -0.3672957130531926 0.36618216683702226 1.5328516574836706 -1.5842789762637122 -0.6948663435986844 -3.610208516934123 -2.0820023384868978 -0.8330601656332026 0.01970393687256808 0.7396970341135085 -2.1066226922285463 0.47384191904914996 2.5337963419649068 -0.13144582704580943 3.1367379929651213 1.1786197638264366 -2.3803774676275173 -3.6768174527790407 6.812415857516087 0.6806502752192667 2.309725301408425 -0.9226816645646385 0.5687216318211914 2.8895271691375344 0.8673244910745186 -2.1767647196472835 -0.02323464434528205 2.599158347528977 1.207825749978492 2.85556824500977 -1.503352605429764 3.756806557873929 1.8218166055040739 -0.4341949018704413 -1.3519480495883152 1.4297031725147764 -1.5177885336956827 2.8507667397578356 0.8599842418385983 1.7351937867774994 -2.275992331289981 0.7124095478626407 -1.771220970314817 0.9038090092992588 2.1072803973707384 -0.02878251187027958 1.3601031318894132
65 520 0.4213148810453972 0 -38.87950965880067 0.47898949911552524 0.8561671799864861 -1.5191268681530663 0.6624427703727838 -2.019860478355729 0.867316360011867 -0.12509689752278508 -1.0175733685744235 3.5249943039408818 -0.47262401118976 1.4182325392221395 -0.59512612490639 0.39731008298178705 1.1634135886463133 -1.065070222665675 -0.6540951637803646 -2.5329650750226946 -2.337724309339567 -1.246924301311381 -0.1513323843559238 0.34097758419456137 -2.195032884398911 0.6917717182879395 3.1631695347995503 -0.4395767459271537 3.523522042939022 1.383106259034242 -3.0958774150546033 -3.4474380493721966 6.793872438408545 1.8196003377310328 2.6910795771757203 -1.040153678264661 0.49738444974538143 3.145384718551897 1.105984201819511 -1.3661733895162116 1.2453387014151138 2.2052568901541303 1.6080689859678237 3.3400658138832613 -1.4674085753034023 4.185625542430968 2.2052489394400414 0.4676657509761665 -1.2375755156716208 1.953070531605961 -2.1105232985920956 3.190817354546656 0.8204360415962693 1.8940124674638363 -2.17417532175172 0.9666628611523244 -1.2504574096072023 0.7057383279107216 0.9439071461156037 0.7386521268438144 1.3439107416275433
66 528 0.4219511941356751 0 -35.20217684094541 0.9199771302120524 0.26605924730196195 -1.4542822701497835 0.8214034148025778 -1.9705130756922107 1.0066685980222614 -0.11554844285091123 -1.0882065967044954 3.5383057983824404 -0.7666269626435033 0.8221433337750377 -0.1098570525158585 0.4204523058172959 0.7289811016367989 -1.300738999655401 -1.374726066795835 -3.684389812459064 -2.234239170811231 -1.5793845104405013 0.03459899072134176 0.5886130274558049 -2.507451392112233 0.8632161367305016 2.9011936549576465 -0.34451319160458127 3.669953584382855 0.8572286952135664 -3.021455450232248 -3.4084022738119644 7.448492936892881 2.092583238931343 3.0295896772889126 -1.1214512027059673 0.6354402516644059 3.393817949688934 1.169631083172847 -2.8072027968988316 0.6815989929586908 2.7203291544690296 1.3895604734561162 2.903182722731043 -1.3148049377775763 3.922874382273094 2.1636437278518 -0.3396001018925775 -1.3149326596733901 1.0470870266204566 -1.0463347347599332 3.1832446846944387 0.9594204119460465 1.080274612177488 -2.920174504398478 0.7246384336600088 -0.7797302103043402 1.5503959496102808 0.8616706938357384 0.7054974040522977 0.7306060074742209
67 536 0.4231570427700399 0 -39.6048525460443 0.14519448219990788 0.04327449176783299 -0.4713971228059156 0.8896518023669997 -2.0767836083000053 0.6137735055346267 0.09386794931664533 -0.929525818128712 3.3226211034321613 -1.0084147820045177 1.476042745585064 -0.9083782183794726 0.9436862576179526 0.25551047237249935 -1.0625903967879187 -0.6132523221051944 -3.295297149931861 -2.2033701048689496 -1.8197241653349696 -1.0971643745750859 1.0460188597705933 -1.7359428945807238 0.4004163266745473 2.5171118113214583 -0.25035867767282216 3.375995320616113 0.9103688609769713 -2.6365526440597993 -3.737558717582009 7.404512395504617 0.9202740075487934 2.3229645841957924 -2.0877405797940174 0.6712787700410356 3.1682662612965817 1.5596988112829573 -2.72222499256852 0.35197222676279666 2.8244576507635903 1.0058973382140706 3.0810326638302112 -1.2932408059338623 3.5377281577906006 2.278786743633231 -1.1194836114452653 -1.4742562168752622 0.11792921556939717 -0.5177609578782544 4.141713570578272 0.8199839232710607 1.3456392730876907 -2.033876536892827 1.9078319850483632 -1.2180767992801773 1.304597502991758 0.9852010567048597 -0.056803970785017976 1.4706967929278896
68 544 0.42346634722682874 0 -40.576351426462814 0.5679578052281636 0.1075491767670742 -0.9617201823337266 1.4881964018451912 -2.2389774080372424 0.912319279222888 0.4136676442537653 -0.9785013477502835 3.8472306504225164 -0.930735925229368 1.4256319942555136 -0.5265576062072159 0.43521475110401 0.6665551389385754 -1.3697082288522782 -1.261609565694822 -3.77842148740501 -1.811148322577345 -0.8921016165673943 -0.4662524547848358 1.5426033449714445 -1.0873921439087333 0.5772039237805119 2.8851975126132383 -0.28268943437486466 4.012747057573636 1.012888991979265 -2.7942785798353227 -3.6645621288577845 7.7706064185739345 1.2584926597204176 2.814798657475278 -1.325300749897261 0.7202519198207035 3.346754982233888 0.9784243932516365 -2.5036105159913493 0.31288019061342764 2.6546854594790266 0.7426746464728895 2.38264042415563 -0.8335255777390055 4.092105168642035 2.55063424790465 -0.881570036464564 -0.5486693098810106 0.44144500203859616 -1.128698159157791 3.26740232178366 1.2452021164223752 2.0078816008693714 -2.5698278348945798 1.1478860656604069 -0.6462352194557628 1.3118229654449969 1.5035522704066335 0.5916586321597732 1.7762112944337838
69 552 0.4211687777756235 0 -43.39821106371335 0.5093075290338129 -0.505374141820062 -0.9150806499675488 1.1005054275782333 -2.4719271888875904 0.9570572870795455 -0.30653240044693375 -1.051298833703345 3.744500056367412 -1.3280842617415236 1.7093880191039836 -0.6857147653851785 0.892627404436342 0.7510261045640244 -1.714674682704899 -1.2726998725815355 -3.0270033852234666 -2.80932141221842 -0.6518792391221258 -0.07725003395572519 0.9092015650963848 -0.8261650509539656 0.47033051373874857 1.8627614109571307 -0.9190699570213404 4.158550912499346 1.1071260622070285 -2.3134859958424414 -3.7310938013369297 7.5636525645694155 0.6166370121170834 2.4251070604126523 -0.6804766226509609 0.27101659511545045 2.6402820602295254 0.9371626409063204 -2.0531952931632436 0.7495258101332103 2.4776602280461297 1.4976652245425641 3.0146193350266577 -0.7610141138890198 3.452022052857816 3.015049783413782 -0.2558935978513782 -1.188288907827118 1.0410336355240548 -1.1002631475677151 3.08297590376526 0.721714629011586 1.6131393636766864 -2.4244581607791043 1.0221101335806013 -0.9957189323745856 1.2088375855250506 1.2449409871284571 0.4484796404185977 0.5814789636397625
70 560 0.4180663702979778 0 -37.96123339222016 0.5955845066412904 -0.39830582013532007 -0.5643784180727583 0.8662879664553598 -2.7449426861051442 0.9372881799484627 -0.27130986135060586 -0.8816044535629723 3.205179485102835 -1.3307958419049495 1.3706463883153603 -1.0781571154524738 1.2227960116872931 0.6417176852136468 -1.6270276933881094 -0.9895356114266971 -2.545120854585392 -2.1784921758083104 -1.286166124762869 0.06108711327985972 0.3989405287999246 -0.36835930315208276 0.6120310882041416 0.8993820622897295 -0.480451981246732 4.104432247158005 0.8849028662487199 -1.7869248527291737 -3.948473969119813 6.496406152683944 0.6568433942758252 2.6870915504848685 -1.0716041935125038 0.9515558231742482 1.9718704788583272 1.2533458907743802 -2.1329985060903778 1.298265665189816 2.067698841444162 1.5048971385867393 2.6017170439221315 -0.4182165304931258 3.75404782953738 3.0126028673499876 -0.3038260582260418 -1.0032344404135816 0.25131571155626853 0.049546890435084645 2.9175501709872513 1.2170681412797557 1.6541491880070118 -2.0432257851986053 1.0948261368509387 -1.5546108536047212 1.2829931184014318 1.143349057520936 -0.09688037210774103 0.13211447500588236
71 568 0.416522789120802 0 -41.36080749133503 0.29449235008308083 -0.42555196440913684 -1.2480056829105526 1.2418116769864982 -3.4776856551480337 0.444750627153592 -0.22439111142211304 -1.39436572654258 4.14482342325305 -1.5542227098866306 1.5084120918601565 -0.6660542681779278 1.1923560547447942 -0.1383636103366147 -1.3750965305403722 -0.8310355573793822 -2.564929249866682 -2.1157971022454114 -1.1327469856881454 0.22043284884379363 0.43466665548611144 -0.9276342466218949 -0.1553638678502961 1.5321248041707836 -0.5220383348635865 4.381590358078564 0.7702975959346889 -1.3511908795818441 -4.644804109747819 7.340462905155793 0.6666019708553191 3.5989957579013643 -1.1473559562843385 0.9258911028053944 2.8827020688027676 1.5448040623062673 -2.5388085078768525 0.22306262187116044 2.926803188696384 1.7471385872988079 2.473855053151564 -1.2392142072224401 3.1951868957807643 3.2085738780634276 -1.1801856436821727 -1.7463166732115978 0.048692908475882285 -0.4364353176793825 3.8462076582021156 1.3311752042073033 1.6533662046205233 -2.3792498327384886 0.7119637427319225 -1.487969615063803 1.6733097409774351 0.833084019748865 0.4326681033507964 0.09193797456280561
72 576 0.41475703018807347 0 -40.81036098707139 0.5100001823661946 -0.4471221980779579 -1.1717943144395917 0.9740540158461196 -2.9933679622484375 1.3595179573333045 -0.17931846446112204 -0.8464443011843593 4.17560727693087 -1.3934027322486169 1.1540503961154218 -0.39790449361787056 1.0332213365441345 -0.06815645327529801 -1.6449822928954956 -1.00192428485361 -3.064271129654613 -2.863566801523202 -0.6951246844225751 0.38618181758567116 0.5224993940283533 -1.249616584392411 -0.3007248702873404 1.8068206713113637 -0.6373504719914761 4.853934839563995 1.1898982809225414 -2.2517521404698755 -4.359521224431171 7.314904626472258 1.455561232631732 3.01717134074907 -1.0994574039920044 1.2460177084664936 2.0558388275311987 1.2471451028968896 -2.329028501645993 0.009773242209973665 3.035084916283277 1.9446181548997021 2.224302990745036 -0.4893832750580907 3.0656342362161 3.4226263629396416 -1.2380263940399154 -1.5317197938782028 1.0528045017593906 -0.301555879397434 3.794394297325181 1.149499021727468 1.8216419145855547 -2.8502540613839544 0.48599232484108607 -1.3713402624357358 1.6835490500502144 1.1722658895504978 0.5767667682654307 0.6484519967887814
73 584 0.4129587547129124 0 -38.70736234214822 -0.12482806247498507 -0.8953368590362224 -0.9188428892189053 0.7398699844864033 -2.628132377523253 1.524162684705181 0.21628159364372285 -0.6742457971616864 3.352977609341199 -1.2517783636101065 0.4944525162320377 -1.0532976127052722 0.7607071491520457 0.16904027085952245 -1.7002980896523199 -1.7559338319364564 -3.1007794166987974 -2.7205325296184384 -1.0355109665179165 0.12133666774579621 1.0034872610761996 -0.9027445794969412 0.07487746415441068 2.194663459481591 -0.45081032687059186 4.468428949281685 0.9757185470098118 -2.4174095652569947 -4.119882974365348 7.306767558445965 1.5050916592998047 2.8543849440011146 -1.1906503267182826 1.1216921826151733 2.456186178671894 1.7603770859490173 -2.596407105503902 1.5821964479362638 3.3794106706663127 2.344637365314398 2.658806201754889 -0.9098718526151679 3.511082069820883 3.8458447760707593 -0.807881922427264 -1.594827554746836 -0.5072275759487818 0.46312123801205085 4.123812362494537 1.8395007665374012 1.779643200137106 -2.4756815583968366 0.7978998386616799 -1.0875976737711612 1.706226800967386 1.328290934038451 0.8816071086450689 0.3454672129557828
74 592 0.4141639543406979 0 -40.40495542254396 -0.6002435129741885 -0.8244138278590776 -1.203097190140795 1.0139702060114628 -2.751644211154242 1.542999772449666 -0.6609690484740868 -0.8248208169731222 3.6466585734763353 -1.101611265046188 0.8996913099085777 -0.9387194835895061 1.1565827538376157 0.1380792689334978 -1.048556283534082 -2.353727670905261 -2.9342785319705675 -3.5122565238190253 -1.2140491202759627 0.049554651181678434 0.5844436596107441 -1.293154361069477 -0.43749655514970076 2.14662068434517 -0.01837996163921385 5.361153219278716 1.0345642305859415 -1.7054390956588756 -3.5900961359434858 7.3355642988147745 1.756018616151363 2.358748320026186 -1.922307631055037 1.1654870331472187 2.4499867999550538 1.12685335433097 -2.40728016891755 0.8710881012733219 2.958318674093594 2.7011490623281373 2.493609329680702 -1.157179058451275 3.8727232751251663 4.008209977883558 -0.15666759291403676 -2.5476752738372013 0.21749961771686238 -0.3881072675832807 4.7433156354320785 1.9180760657922464 1.7256439392834837 -2.386491479196687 0.20116031332172357 -1.4779348189645993 2.2799318462398857 1.1458895499975998 0.8976518986113214 0.37537855569304013
75 600 0.4161410162680304 0 -41.025902538910564 -0.30334310118040014 -0.8211505939546431 -1.5110279523604935 1.1344514225851623 -3.2993113074828413 0.7074830336207086 -0.7394530441615672 -0.7919388007711178 3.562332587339228 -1.713808117438727 1.538122920620106 -1.047702605368404 0.9818599726338318 0.6992333654127814 -1.9785108013459032 -1.7837052711881551 -3.333369560057439 -3.4231692422645015 -1.217549563612349 0.8864649493808517 0.40680659248881906 -0.09473422082441463 0.30736966649228126 1.5700460040300634 0.06254395743162189 4.6300041051339536 0.7469480505025622 -2.155753305318467 -3.8973566208477592 8.259593777637324 1.6356893108946196 2.4360971689457616 -1.630591583331961 1.880989932838414 2.682479232325495 1.757904640845469 -2.667965400016968 1.5111900470325321 3.444775452222461 2.5294044203563795 2.4055792689154747 -0.4034310897423753 3.1852663632650895 4.674895050471302 0.460148074332454 -2.052435840534228 0.7821591932696594 -0.15200673046617788 4.536023387834153 1.3622893699126875 1.7432348773852997 -2.4082543131606373 0.23563663249713013 -1.2264331947278597 2.2957154233529233 1.55445801155324 0.1163884335658033 -0.4179977353946383
76 608 0.4176317699517156 0 -40.30520411695037 0.03947509134102806 -0.653697793067576 -1.2956904955900228 0.9112612883607552 -2.7915034341300875 0.6982489290979425 -0.2031825578796162 -1.4144269254022168 3.8212453856984205 -1.6201478009517662 0.6794743267591092 -0.6865120626924791 0.8408558357947192 0.2452607194706987 -1.6749928936414715 -2.24340041555332 -3.1568485955055197 -3.870638211583144 -1.0390329719940379 0.7604080046240119 0.24132383212488773 -0.7520823199628174 -0.8042946113103102 1.4582355225929735 -0.09445359049842482 4.319001969023662 1.1777474786033455 -2.8486665546511096 -4.191300179058555 8.161581368013675 2.542729195031891 2.60106131043027 -1.294157853210005 1.6848057928949425 2.5011692447332354 2.181500324065696 -2.866139579935944 1.1133238844874291 2.2580434942137133 3.0945560735721833 2.093432787085696 -0.705719905344138 3.222163247413911 4.058838772626383 0.39613058986284394 -1.9862665100237344 0.3838796268207541 0.2341892703581773 4.299878454490596 1.1994973943834715 1.5258934951340244 -2.8654332205666067 0.4123686967378757 -1.2252696759690738 2.515720486211907 1.2115011868811667 0.4871766020475375 0.2976684422412364
77 616 0.41678012775906054 0 -43.34229701277125 0.2964919969975302 -0.2261739342261393 -0.8081066615799198 0.09622974311735288 -2.7851706550513673 1.42991019869226 -1.0980097996251428 -0.6273736607574795 4.006903496907195 -1.8809661088252427 -0.08175723568617688 -0.8364006694316142 1.280755331478534 -0.24030902308052499 -1.2527461110779314 -2.305055750576378 -3.447388658281753 -3.4119826520306518 -1.2047892965220537 0.5020956203238278 0.537787544420742 -0.3953701376534767 -0.42868111755415206 1.7861675241656112 -0.2564727341437413 4.145955024039712 0.03441412949406075 -1.7476485541197997 -3.9925754625651844 8.250087307864993 2.389184291937087 1.96991216576383 -1.48175542437015 2.43534566232459 2.1405665581458675 2.299493258201914 -3.1771516963619946 1.6910614959336847 3.4093411210827314 2.1893056740321035 3.0191346905111036 -0.92277755837752 2.802649112255866 3.938306671418338 0.2165036228561844 -1.499986942583323 0.05316151150514811 -0.1142870502701041 4.18248684406094 0.9986810128954013 1.1103277283111952 -1.7498275168161515 0.5260823657919714 -0.6741157109862645 1.8774631686135586 0.7489609744357861 0.3523569598227818 0.13903021309732178
78 624 0.41575059616839366 0 -40.9070156195156 0.20103978984221743 -1.3372899946078953 -1.045825362329066 0.8007913756815548 -2.6390661792625707 1.1973094327378215 0.04996034465839527 -0.8684831022737366 3.2015687492988256 -1.6916289320227145 0.007061042651864524 -1.2147439075180213 1.0648369501209274 0.18479077308818917 -1.2793484789729423 -1.832438356310223 -2.7538530415486777 -3.911653842181531 -1.5868794990453168 0.4195618927664291 0.2805512015876063 -1.2145021830650133 0.13888521456050573 2.1419194682241396 0.6778855292624151 4.545449533588731 0.6631080123201006 -2.6071340505292873 -4.0346184807610275 7.458590324371036 3.1311887276045645 1.7226064197327347 -1.4245083211254668 2.492776223657417 2.374204466171175 2.4439231417603704 -3.114737380474532 1.464722095418309 3.0879511656676346 2.709724504171913 3.283902293966978 -0.562783519240631 2.8434224868971145 4.181666741292328 -0.10332976034016894 -1.6330285244006362 0.3171723950304722 -0.3102675043132143 4.410689072689488 1.2379752207063413 0.9246792199007515 -2.3083310007788076 0.2402491328646754 -0.8127360544897222 1.9257119620598622 0.811238347862875 0.7719988795784415 0.4759367027513118
79 632 0.41843513264855303 0 -43.06113535363583 -0.5549429185913753 -1.2345562823080845 -1.9768415059651252 0.6632702253990512 -1.968615581922542 0.4496132501356611 -0.2792860146602078 -0.5564113450609278 3.696020350072038 -1.344882330197857 0.9766227957416893 -1.3753826207179707 2.134487602470278 -0.3410423581897245 -1.922453766556537 -2.18994861886535 -2.465950622665399 -3.957751975940434 -2.087167745565851 1.0223185490552453 0.2526233147152273 -0.738967641830234 0.1703672416313376 2.954587282844499 0.2669052162874411 5.255361883945693 0.35676828412587536 -3.1099380790296136 -4.147641287456831 8.740340431759122 3.1644669252133295 2.728734390516209 -1.3868019765513178 2.6224673835005583 1.6469726760369343 1.6638499824413624 -2.8451965430925394 1.8437575774177393 3.8827792531293364 2.5672507895057213 2.813773466857432 -0.3500615905090529 3.3045018174271648 4.312377128603994 -0.11006837662933155 -2.421138695829412 -0.17238690666913636 -0.5113817852478331 5.080009926057846 1.3073602226253147 0.9484371550620162 -3.0674948830938247 -0.12325278743316764 -1.125671746703015 2.7000110911748916 0.9795964620769537 1.6884934357581505 0.6049342475049515
80 640 0.42055692794975985 0 -42.79387140430688 0.06154129025703747 -0.5799454033534481 -0.934177794631847 0.7960875953466747 -2.732790159984373 1.2769295914473406 0.37682142976139255 -0.24794112696449244 3.3138744563856237 -2.328161037851603 0.8553296997085233 -1.7406154211998055 1.639758978730982 -0.5861628395734966 -1.5893431415304924 -2.3489237599447335 -2.539043117087475 -4.326440555848668 -2.1209125929855865 0.9552233480061616 -0.4711455754506177 -0.9149985178568308 0.18665252801244836 3.018901959196578 0.013788165333501912 4.021848323981209 0.10228478191544033 -2.6975547408070315 -4.031642881201201 8.563022951196265 2.705550341892264 2.590919557968465 -1.7629638555693534 2.275260392059033 1.9965426711501253 2.4144918992305033 -3.284054432054534 1.5585229157647387 3.765328486496018 2.783664800748316 2.626796674046162 -1.01617399468676 3.7225297576246072 4.6346302869479175 -0.059160981207395186 -1.0269663369131943 -0.5230217681181137 -0.7747768753340712 4.514720449226351 0.768673744409737 0.8319269047051854 -2.2996752808091996 0.7102359275954966 -0.8485158740298024 2.1555325988309737 0.38205450916822037 1.1207443889903208 0.9244890526082319
81 648 0.4250475035529351 0 -39.65750164964144 -0.5350509000789223 -1.2378769717055482 -1.306039271749682 0.03092528962889929 -1.747247972767212 1.284870609990793 -0.1622157734775867 -0.6021165038722642 3.6226412408498883 -1.4500423889943215 -0.13639134420402288 -1.2093352875744463 2.11935698567642 -0.36786732540728495 -1.3617825368606722 -1.7718586156541947 -1.3293203489107557 -4.631635331884206 -1.6954859497471912 1.0250357321247558 -0.8419292993703023 -0.6084563524789033 0.25452276501444565 2.527855015543142 0.911292084247189 4.8649119867370505 -0.28687887066302975 -3.329118027842713 -3.9605731720592248 9.46588462507976 3.0407789118169535 2.9406845778259507 -1.7517639355059622 2.7791283411385583 2.1077631446821186 1.9071394528996874 -3.909199245875172 1.8121593906817388 3.3040018370754867 3.1598828468707465 3.492561510499844 -0.40389528780059064 2.9075415235498125 4.16425502940249 0.33408678961793226 -1.7538565264217862 -0.36600540605224735 0.2155745389475981 4.87941531708284 0.17006013170968193 1.0371328189792428 -2.806638191320163 -0.156376043629261 -1.1682343295247453 2.186367188096977 0.6525341954767823 1.2901294351340327 0.15732200477388486
82 656 0.42988225554898624 0 -41.98709778177108 -0.4284880972141345 -1.5471487323196809 -0.8486630821874626 -0.1301725276004876 -1.7381397490431028 1.0958529653842612 -0.2881087693766106 -0.7361601961253157 2.945739360934929 -1.003297186349995 -0.08813753225077216 -0.9945005683466236 2.5111624710272906 0.1524240787558903 -0.7645143841151752 -2.1498397697312566 -1.506898228035606 -4.3723484055592055 -1.278155710740397 0.41912393501224354 -0.706034827770599 -1.0400334394927262 0.49940710256802345 2.56483189748717 0.5134792130429324 4.355293191472662 -0.09024379573814617 -2.560200408995345 -4.159619619953601 8.65609996270766 2.683255532418803 2.6846776005064723 -1.0068319566131114 2.976204062440061 2.231150315264659 2.412791734155077 -4.349290297861589 1.9614334847026529 3.499793576471737 4.21755235463356 3.7675903387697693 -1.2737210189782364 3.1599762618832505 5.1892049595125265 0.40316133567945867 -1.612105472898142 -0.9249915482031933 0.23568428867873087 4.605558860924433 -0.366254815773739 1.0520810381649959 -2.6629530772589796 -0.19396032205169422 -0.5982729516086979 2.36285610403422 0.733144889810562 0.21773152306794108 0.13562016156371157
83 664 0.4332899131327838 0 -42.22177683191643 -0.10957965760668527 -0.3652148227643094 -1.0317966844512914 -0.2426556220891644 -2.0884189264360713 1.1963008115271818 -0.2403158575599371 -0.20106118929245143 3.108646251485806 -1.0428385019513247 -0.7042659075137983 -0.5946429757189544 1.386355379955388 0.2064128922854409 0.020299519133067934 -2.369501451447915 -2.006740184851984 -4.898043734955521 -1.755783869403805 1.229313201780447 -0.343796306822636 -0.6071672380586445 -0.018925331978181525 3.2604282110287244 0.4831117011141044 4.787362583422763 0.320699687895971 -2.5310891177060024 -3.8229170516075226 8.409539063464162 1.838061235457035 2.7500469435413124 -1.3959033317366258 2.3215674489105784 2.5994498519303546 1.894873452081082 -4.907817160173524 2.143513612909997 3.282291818091542 3.929740290203423 4.115796616939652 -0.680737021135449 3.2130966449825658 5.201837863943308 0.04090953451082885 -2.3024179726475595 -1.049156711048993 -0.0849646280283929 4.227815735904067 0.07759779837511971 1.2041655772953597 -2.7709589334528006 0.05522045953103723 -0.9057111159876025 2.1173795699468356 0.059158364420289766 0.4777639099427374 0.041181699813814504
84 672 0.4364673360582643 0 -40.13790233205245 0.29686715269425534 -0.842307968919093 -1.1186879546844881 -1.1030676214215382 -1.804619490502639 1.604073693555965 -0.1615139270181994 -0.6728575560097703 2.4798830434997106 -1.3360205310235294 -0.25562588889708615 -0.6841450958890013 1.2863180095531515 -0.5398362835849277 -0.2663831378474987 -1.9401980306197573 -1.7237123518708566 -3.6076025825710842 -1.5658589814483572 0.7701329598457929 -0.26419345481756984 -0.42242675589052703 0.23814416867577448 3.420738383244352 0.03417397766906527 5.245666081504949 0.6750820866908875 -3.30153654177154 -4.3449935674898885 7.413502814880567 2.027439409926307 2.786592815161199 -1.1148004395684246 3.1680339025277635 2.7796318432190112 2.181984793106186 -3.576082613215706 2.085293648161551 3.728707691889303 3.986891555414447 3.9154395156652146 -0.917510950960152 3.1344660710769623 5.136385918963313 -0.03511767218739026 -2.625617717352824 -1.4414797671321915 -0.6109181254156806 3.9709206962013766 -0.38945408766099454 0.8694922665987328 -2.3951105347980493 -0.5986697075614964 -1.1697408202761186 2.057190075680684 0.16527929015694762 0.45988964989107495 0.33211640786192553
85 680 0.4400227470452635 0 -39.55949884596195 -0.22612149858616254 -0.5320728815457025 -0.8237993756405599 -0.7985280660426901 -2.1526747038060776 2.1391752059837508 -0.7728965261750613 -1.6903043674174865 3.4072418342837585 -1.7507480528601005 -1.0789061970007008 -1.5298442454166072 2.013319751382527 -0.44601597356853817 -0.22301864692195927 -2.1302970439875937 -2.089511371218578 -3.5500551318366784 -2.1320139922252066 0.3115137179596483 -0.4355051338787357 -0.8524262250880139 0.39462333560842827 3.137972038045494 1.5195639354211221 4.387511544114421 1.337398057818898 -3.6789912023285956 -4.549544204536664 7.413434252556707 2.127566290893627 3.266455993065653 -1.6132752078950254 3.2713917676873563 2.251240479475424 1.9720389090625314 -3.1587534731290576 1.601099842539039 4.109679308287006 3.623696128913071 3.326762204311911 -1.3807642940027087 3.279522194629963 5.209217043577156 -0.004720066920590016 -2.7594164057433788 -1.6668657266021705 -0.6406014701833511 4.444799573726656 -0.28182808626730044 1.044182394101115 -2.474274914574778 -1.2327734630249088 -2.1018938331027206 1.544419211930916 0.5941759009956236 0.7174310222492946 -0.25682734533753837
86 688 0.4413499013218789 0 -39.06783842379821 -0.5463222010738643 -1.0208929005616374 -1.3807347951852462 -0.38561821317754175 -2.641902657099781 2.0530085379840384 -0.7642986814216038 -1.4901318467582085 3.733380625079154 -1.154249369971108 -1.5992834540525995 -1.1829769218302906 1.548846712119773 -0.9895174692894119 -0.5832381144926406 -3.1259959751569317 -2.097873648136225 -3.660165915983357 -1.1548567504613891 0.24149869833105211 -0.7081392843361243 -1.1114900918360386 0.583308588216062 3.3129805855245857 0.5056385209400545 4.988679111081211 1.1663329463313323 -4.099167976880536 -5.146774211176528 8.166045341985871 2.6750299365462684 3.4655742954349305 -0.49940820036019884 3.102910986176369 1.8987129343504099 2.221130521744733 -3.2579883529666898 1.651998223764016 3.522129410122212 3.124708194181285 3.8833083012223413 -1.5153157947214222 3.623502157862122 5.120976324772655 -0.5558448868263879 -2.361866618448813 -0.6849602650832017 -0.2882843678241851 4.722638127650172 -0.375833405782452 0.8050770527546308 -2.1158931549609767 -0.7320587988795018 -1.5290484327820988 2.8481896650995777 1.3301235215406555 0.9900833972287911 0.005565368346577365
87 696 0.44184089322716746 0 -41.805732019184 -0.44000741988718994 -1.1709414686707373 -1.2372357774337919 -0.9888536606663413 -2.92080585265034 1.2959675275748515 -0.6108018786439656 -1.1931668966372453 4.391160388412509 -1.4729164996706006 -0.5565958151803791 -1.291890340303121 1.3975613051660052 -1.0382544539870484 -0.4388319324954513 -2.7882176558025096 -2.0487481892159165 -2.9499971437768364 -1.415485798745845 -0.16623536052100152 -0.5402680406398714 -1.195205510279186 0.9524936238153472 2.9351088121147386 0.5194810738779498 4.44469359690152 1.1746629694916142 -3.5673930452318316 -4.643894618995442 7.345387487504333 1.541112152275202 2.9188288970333276 -1.1939195966000926 3.1232115292993687 1.9107653044917237 2.086724167015822 -3.361139343410442 2.3795440871937465 4.360968996669241 3.3284779820600288 3.894515875491063 -2.348140911232245 4.037014254995125 5.9196850921111634 -0.8017089552383634 -1.6525622717006112 -0.5754801485928556 0.11332706266837383 4.11722238272834 -0.5578337499478975 0.8380281074915628 -2.703481707508429 -1.8910164077861944 -0.5262540881972186 1.8687726437412122 1.2625336224180566 0.5629430040122059 -0.5283751965872219
88 704 0.44037319355472115 0 -41.857683645805075 -0.3590835960123286 -2.0933141488721727 -1.0003651399717957 -0.3329556334796563 -2.630771163040242 1.093379697964739 -0.3891571740838931 -1.8468062984173785 3.6568798447529276 -1.7685893310822822 -0.678291024313917 -1.556128733359589 1.359458535838424 0.16247083071552093 -0.10289046568935872 -2.6826260906472847 -2.2053033745332344 -3.4622156857965494 -1.6569740094928023 0.3387931781038001 -0.41898025823791063 -1.1097469181349486 0.5121251550562194 2.5430619212063394 0.9279395729205392 3.8767203211515975 1.2191023901522162 -3.3902269904598485 -4.352992263368602 7.349905269659497 2.1242294918472115 3.138000052993065 -1.1221114364521962 3.4093898925032864 1.4662758443161514 2.488695121960518 -3.537909219882395 2.180509191254216 4.577230054827985 3.8060812027363564 3.6125028830975854 -2.134275718190347 3.890598714780241 5.638127182965826 -0.4466322381195815 -1.4455664479201933 -0.3264937890956159 -0.7512010188533942 3.497070670976253 -0.16810383424614128 0.7688268644444388 -2.596002271740694 -1.13247223552934 -0.6446858594700097 2.7144259310737344 0.42578546572392395 0.17595729033340107 -0.7610162748419387
89 712 0.43899591433986446 0 -38.70748054600113 -0.8709154268278108 -2.212163857815548 -0.8061159855953783 -0.7220695083121509 -2.4573649909804325 1.3692833749013529 -0.24014431461965724 -1.6901982017653694 3.0353142259008123 -1.9469018512003133 -1.9160832330049697 -0.8533547977957597 2.1145068743800124 -0.4119149987026109 0.27021283603941837 -2.164991197907477 -1.4656940420947366 -3.642919880765578 -1.0685940084236805 0.3591630609955704 -0.45193640768918486 -0.9173611032690445 0.7656422218326824 2.710527480536053 0.3451476691779269 4.685296426507022 1.1023795318292853 -2.9541753455527053 -4.162529583375435 6.77661002987127 2.2607578672225173 2.935990083832953 -1.2336443675598743 1.9578111717092292 1.8033178082570878 2.5157964368352443 -3.8279998739263124 2.146868557879962 4.972915230621326 3.4129733235484814 3.104057115349312 -1.7494807123827703 4.339934954818931 5.4913168710885145 -0.9794657846698704 -2.2114371212637716 -0.8819025578973427 -0.13795346950536014 4.022221961613539 -1.1354244170698933 0.7106984384088382 -2.5664210470445634 -0.7592880538813481 -0.5930313526873073 2.1209954733940086 0.7453811125872302 0.6439355430885456 -0.9536509345975428
90 720 0.4392102694726125 0 -40.9747606965875 -0.2765877497059252 -1.9113054842446804 -0.7557145382327145 -0.9326363435233203 -2.5816183416127783 1.7314032036268134 -1.221093990002867 -2.727180586340043 3.1410850119776526 -1.030859124730883 -1.8420375926020311 -1.0066736044985083 1.6352105370938652 -0.699381119306657 0.13720251163272784 -2.1764022212931526 -1.8634649203856302 -3.2814070519262906 -1.5906472019619053 0.4711286371962133 0.1646884627055849 -0.5993667273993041 0.15478183261381395 2.4951286633731877 -0.2142347692559231 4.901867030246103 1.2788227592625323 -3.0947030418671617 -4.285712748098336 7.103383010669121 1.9477139614293146 2.9303924442011273 -0.11541529907425674 3.117240901008785 2.040445538809664 1.96287246932784 -3.8408211150218863 2.068651961544739 5.6387706314178265 3.9494828004481577 4.131105827625379 -1.794598446463843 4.1956904429096475 5.096336767138694 -1.5856462368305564 -1.75865455187822 -0.6165983626604962 -0.6594604764895007 3.1707513670958756 -1.0673641766655944 1.1309812787715048 -2.2903945636964798 -0.8264598947904744 -1.0644994050304188 3.2389527405634064 1.3079178341618964 1.1867900800861861 -0.1939127717414763
91 728 0.439361826561298 0 -41.19167301293759 -0.6456102485831996 -1.9385798002734942 -0.8230663987644591 -0.4399780566001323 -2.3923991704368137 2.0145812561602785 -1.6026366845701059 -2.688927361824641 3.0985952532712813 -0.997332288853304 -0.8063954719543978 -0.31372946310577254 1.9316596637125336 0.20703380198354726 0.36141493698798555 -2.31697032787129 -1.8317387949647999 -4.042965558427619 -1.4906751819764017 0.7610576362280015 -0.21840484458098983 -0.7887889419075794 0.1079138115245809 2.0425152392627224 0.1115401021920559 5.503419861337424 1.5634619867539303 -2.676465737857376 -3.050475532998482 7.442132310790063 2.2204619959667964 2.721056765675422 -0.48579893130248675 2.7383078746482403 1.2744899133550782 1.856307893881757 -3.4847307444698665 1.9807412765327506 5.361370948423003 3.811536767253075 3.548317823204968 -1.9914797258412729 4.209608507164851 5.991181532553604 -0.6472944631125049 -1.0463281808789548 -0.8169352012497257 -0.434129201191033 3.701147451260778 -0.49881217847005394 0.5746714618022315 -2.110363633987415 -1.5839265431463176 -1.064264828591572 2.901133387404295 0.24874475819691255 1.5977575573956249 -0.21775649394887947
92 736 0.439820846211568 0 -41.582598911997195 -0.7565749559389672 -1.9816504841469655 -1.2177605465797003 -0.3755671059017319 -3.2909902871631456 0.7346397720292965 -1.9064220036653166 -2.3098379652641823 2.7921694115732363 -1.062078820676539 -1.3143425533858784 -0.44101628643175206 1.471344394929156 -0.32432599856359573 0.7184438207640587 -2.490207474039761 -2.4525980093559796 -3.830049320501172 -2.1023988424175304 0.6303709510535054 0.27225699967731665 -0.39579883134643845 0.5950527543197311 2.323067795969955 0.2515137653288736 5.332791732940538 1.8345327065780366 -3.252533830874127 -3.4608984178790827 7.075436183381586 2.3658355765777346 1.9794883612089595 -1.4702145764189032 2.96010700357818 1.4101631190806407 1.7581468437045389 -4.103935488292421 2.06816129767876 5.986963792359215 4.0377191191639765 4.441684773066757 -2.366036793967908 3.9929588056652743 5.206919352171454 -0.9171949638774614 -1.0538141806999366 -0.4602789276511853 -0.08936168575765752 4.048013975021917 -1.5951850408003738 0.3537881049603499 -2.160077161138642 -0.8381378495911546 -1.0496163606863183 3.148444766208475 0.7712681706272768 1.045481175044232 -0.0024847074602130925
93 744 0.43760480142897096 0 -43.21523919547476 -0.5413370669236313 -2.0968611128940524 -0.55832571867526 0.17814262372350786 -2.7911175222545968 0.7710204169942513 -0.6537543177677585 -2.797368856064831 3.3281577083336553 -1.1842911753339098 -1.848040771513337 0.12098580080744464 0.7664084346987693 0.29220411501070886 0.34046335012096673 -2.61772567332757 -2.587602518551399 -4.036003164506101 -1.9796703015399764 0.350552913571461 0.2292684105764322 -1.5408284321980277 0.4023044468900134 2.219904646585924 -0.3514707768318291 6.422809372734608 1.8660330445016495 -2.601396645961755 -3.503015446997864 7.5526034074610715 1.5776296006916892 2.183345144433046 -0.8836266431279102 2.4616899331850446 0.8725284706120549 1.527235047326813 -3.601948178626888 2.4606951148292233 5.945274024503632 3.115111097994034 4.5121526357473005 -2.4311357885176754 3.8023004551283477 5.571098676221951 -0.0744307644614095 -1.4185089103498463 -0.655705137177086 -0.5492387957482436 4.36622127094009 -1.056296905857196 0.649594578771755 -1.8805958881034095 -0.5367344817946589 -1.0319797457376518 3.179791991795613 1.0223366602429746 0.859807997006826 0.42166633595630604
94 752 0.4364372449598031 0 -38.86422814034504 0.3639521459900303 -2.608862159432836 -1.1218961187858543 -0.21313223292501843 -3.1598630951571254 0.8107271265212064 -1.8763481525691237 -2.258004289337604 3.3924800333995226 -1.112680117261678 -1.6082870608005306 0.39216698013455265 0.6179728139112817 0.4356169075923094 0.4029549645014512 -3.1829729329778145 -1.9509463879871034 -3.3991806632542527 -2.042795922600233 0.11915069228076136 0.05684518296591955 -0.4242406009380747 -0.35384627488399756 1.7512116412301648 0.9401218275970932 6.071874248944934 1.0247541211737823 -2.5600283284460006 -3.3897767099415246 6.894349323758744 1.6993563476060474 1.285136588264981 -0.934634020869464 2.8296694053488203 0.7705123769047684 2.750703518786833 -3.6991957809534277 2.0265690639954004 5.409452893818809 3.042047056199506 4.250893378582988 -2.2249547161722774 3.783158075654476 5.5962766313192205 -0.5475188576580211 -0.8435570842842219 -0.23904011144146411 -0.4968605787522548 4.119949277470665 -1.3032561142812673 0.11868840883540743 -1.9944718781626156 -0.4965949666965338 -1.6555633834894596 2.609240612185611 1.1318963573744445 1.3305719005343843 1.02452225746763
95 760 0.43533650915843447 0 -41.30329629891839 -0.06957084385287451 -2.3189001483233356 -0.569268782758543 0.7117719842533629 -2.7472690642467263 1.0010024017246486 -1.2671426006041306 -2.1366870655540273 3.124342981223616 -0.7694200821136221 -1.001302534711415 0.5689124795343808 0.9665113765951239 0.24418694352403988 0.93372999340824 -2.9989690909218494 -1.9619588616137253 -3.5201144414797083 -2.356105351123963 -0.05016564230539766 -0.7461843754349956 -0.5548464027596087 -0.17346068321820382 1.6857093381652115 0.647657961768491 5.638083192683274 1.6318736328187802 -3.318413035522235 -3.7354711741957414 7.340054854095294 2.642406527800608 1.846894321915761 -1.1640640872622472 1.8013320496682188 0.8711905852148316 2.6828214669615713 -3.6062540807635215 1.4243136508165803 5.561759916139669 3.3688803548507114 3.3943148585946306 -2.2301336112850376 3.195333208705902 5.969898821897743 -0.7575448325719906 -1.3090865621376597 -0.08968868969106714 -0.27643228792360236 4.522576224172507 -1.8875287283086541 1.2518471956745052 -1.8177295435641447 -0.48217845129157716 -1.63693557005467 2.426293266622855 1.0049320817885126 1.3001533731463815 0.9619591517225903
96 768 0.4341424637323756 0 -41.670416432297735 0.046792712241620946 -2.159077485995538 -0.7592396739875911 0.4912744588073743 -3.2047339794397707 0.8940422623929503 -1.8906015927668633 -1.678418931408965 3.4113202460554644 -1.4152281827841855 -1.256226411994513 0.21828662786494152 1.1019332923018461 -0.08213397249185816 -0.06780868898777959 -3.3944681877910234 -1.7640085388749278 -3.6784746244327655 -1.6022425105237597 -0.2933870809583939 -0.932046265964596 -0.27037452788533883 0.11452709037853091 1.857599644760422 0.8037923505741328 5.555980532366532 1.9387707711823072 -3.0526313618198264 -3.445504084180646 7.031911489538562 1.5667920441799594 1.2494891200686116 -1.3960214971930562 2.6129029713786482 0.48957685711780397 2.7749460644387316 -3.4141733135241368 2.32907099505202 5.729916606344585 3.0016843631440757 4.064982978193459 -1.8889607381132623 3.9999300580385047 5.728653045070025 -0.44982143672336594 -1.7701653418020276 -0.24163653149159822 -0.7418825132064734 4.4587900578046336 -2.0734106819161124 0.846956534345848 -1.0435986265845059 -1.4293780119905182 -1.2242730761228182 2.16885288249936 1.3560215032883216 1.0828881373784138 0.30924070201857
97 776 0.4345569638265467 0 -43.809632844538875 -0.11355795648391809 -2.6454057666543713 -1.6119850666469615 0.8717957341224339 -2.7353694079444533 0.3112630265474057 -2.119798779911621 -1.7539635045434276 3.3982176947999623 -0.8542495050458798 -1.7301174566203827 0.5797495067064657 1.6658879585487822 0.37581927559715633 0.28921824147746333 -2.417799028266943 -1.757180332147788 -3.567669669609931 -1.7154568612334873 -0.32186845493997795 -1.161964837763534 -0.004439644877715143 -0.15875730402916644 1.7162498248317895 1.02578811825533 5.641381829802427 2.5143892770086995 -3.54620671429954 -3.1205198817143045 7.905387460442894 2.124510935372719 1.8240320333198379 -1.5916787245171524 2.6173873698998875 0.2812298612123002 2.951157204823574 -3.6418366477061888 1.4412123120167424 5.893059011796403 2.888091941549795 4.064810289324811 -1.8497771996159325 2.9292775074137385 6.434254622491425 -0.15827664371310252 -1.5199362150413447 -0.3709066533690669 0.2309077037658004 4.112943635491614 -1.9805217811686187 0.5177071383572962 -1.621406884458135 -1.9691300355079506 -1.9228267712923603 2.277951512416762 1.5971836275178195 1.140786481696878 0.250274247973502
98 784 0.43401861630309985 0 -42.93688398690256 -0.28518404625442095 -2.523910312644465 -0.9481852101241552 1.1178304586938559 -2.2004216855105154 0.5924846325009431 -1.8955195015464088 -1.4188501376031915 4.424788454400317 -1.1876588849263263 -2.0129785765265122 0.544894535545137 1.8344826245399721 0.3867060314125608 0.029993118008876163 -3.2399321422123206 -2.1071934051935317 -4.319114869704753 -1.3438534691516102 -0.24451593157291973 -0.17378860129285767 -0.827898096071947 -0.6407188503593745 1.9116306180044713 1.6508771536558817 5.422913775273577 2.1022678572279156 -2.951360142381655 -3.400925879360239 7.188227407515151 2.444375773973461 1.6386771180740956 -1.709620937045356 1.869515390442798 0.43066840645794346 3.0378369638700775 -2.5964328513879757 1.8745598954812446 6.846884474360585 2.4265786669989713 3.790682741113223 -1.9629902800819976 3.590121883586003 6.254556682963326 0.304601238851541 -2.223420643324837 -0.4476381071364641 -0.416846039053225 3.9937341685959433 -1.6432621192208905 0.36688236876649216 -1.0943798187136844 -1.3626197602596892 -0.9910065955342321 2.7283265785463136 1.6265247610768563 1.4859680297311866 0.5190603974147653
99 792 0.43250761795486253 0 -42.14500118451717 -0.17642396764147766 -3.8096962330192494 -1.2043159749578694 1.9152421468754042 -2.931552347285631 0.1856663336739678 -2.1162144037670227 -0.9929423017607764 4.126277705792984 -0.83266707653802 -1.5624052556938117 -0.4355449699778201 1.897433722491579 0.5982863438510504 -0.3420907103107928 -1.8515840505632222 -2.5942786275812013 -4.18178138640749 -1.9170933753471902 0.0631462885621209 -1.0655583131465172 -0.887962111313732 -0.029267858053927565 1.569076579450211 1.6432272696087897 5.160057769430839 0.8955487129618107 -2.7537418222143377 -3.8361030394938194 8.14598160257986 1.970219141656534 1.4317106456286004 -1.8426358825018614 1.6865074216023082 -0.3333830790966635 3.032468165435135 -3.2200972431641706 1.941368606666408 6.233543495875441 2.869025775819288 4.474897294789337 -1.9822364197149505 3.4299669009748364 5.9751551724304965 -0.4465344133094641 -1.845425169355782 -0.29375279724975345 0.3515383421355688 4.588182401796515 -1.6160611823283904 0.6007892823757445 -1.7638543530625344 -1.432655805596432 -1.525471125511578 1.9548374052961934 2.2574201279065664 1.9326871417465572 0.060316814405942276
100 800 0.43302199447583245 0 -40.8574818077512 -0.2798146241968651 -3.5716324703052553 -1.0622807684753164 1.3026161781807764 -2.0736764754998673 0.26265187738203033 -2.3247215387877462 -1.4245220411619652 4.357488258626818 -0.9536249785633398 -1.7442853285141575 0.6886631262100534 1.4714428742979968 0.4141138970968895 -0.1617269458037775 -1.9630967289092185 -2.2805225106736664 -4.422799736231184 -1.424907944931625 0.03317811787707392 -0.6413097132120115 -0.9587173283867384 -0.14287908012202066 1.6633258137638032 1.3001097634368528 5.667666519610245 1.2961598741297797 -3.673313117468741 -4.025503910856664 8.163916860222372 1.9085781717276251 1.8503778815486591 -2.8751306518213533 1.7040373271918137 -0.5852213939710574 3.3818772644974486 -3.086550254417083 2.160363750198632 6.451932825863787 2.8616396560694026 4.56883858117899 -2.3509621097551703 3.6426269943538805 6.012886245657314 -0.9348425096923103 -2.247069035109582 0.35701986732121493 0.500362923231737 4.1116098141864965 -2.16733916901945 0.4364054723639027 -1.3761962227665825 -1.6395394980063345 -1.7481463219160644 2.202965257696579 1.7239191288693563 1.282068636735877 0.7379145019291935
